district_id,year,yield_mt_ha,rainfall_mm,avg_temp_c,humidity_pct,soil_nitrogen,soil_phosphorus,soil_ph,ndvi_mean,sowing_week,irrigated_area_pct,prev_year_yield,crop_id
Durg,1990,1.18143,800,28,70,50,30,6.5,0.5,20,50,1.18143,1
Durg,1991,1.13631,800,28,70,50,30,6.5,0.5,20,50,1.18143,1
Durg,1992,1.1298,800,28,70,50,30,6.5,0.5,20,50,1.13631,1
Durg,1993,1.24602,800,28,70,50,30,6.5,0.5,20,50,1.1298,1
Durg,1994,1.33173,800,28,70,50,30,6.5,0.5,20,50,1.24602,1
Durg,1995,1.45444,800,28,70,50,30,6.5,0.5,20,50,1.33173,1
Durg,1996,1.2902,800,28,70,50,30,6.5,0.5,20,50,1.45444,1
Durg,1997,1.1383699999999999,800,28,70,50,30,6.5,0.5,20,50,1.2902,1
Durg,1998,0.8704500000000001,800,28,70,50,30,6.5,0.5,20,50,1.1383699999999999,1
Durg,1999,1.25104,800,28,70,50,30,6.5,0.5,20,50,0.8704500000000001,1
Durg,2000,0.62489,800,28,70,50,30,6.5,0.5,20,50,1.25104,1
Durg,2001,1.29413,800,28,70,50,30,6.5,0.5,20,50,0.62489,1
Durg,2002,0.6436000000000001,800,28,70,50,30,6.5,0.5,20,50,1.29413,1
Durg,2003,1.4947300000000001,800,28,70,50,30,6.5,0.5,20,50,0.6436000000000001,1
Durg,2004,1.2684600000000001,800,28,70,50,30,6.5,0.5,20,50,1.4947300000000001,1
Durg,2005,1.2684600000000001,800,28,70,50,30,6.5,0.5,20,50,1.2684600000000001,1
Durg,2006,1.5058099999999999,800,28,70,50,30,6.5,0.5,20,50,1.2684600000000001,1
Durg,2007,1.36998,800,28,70,50,30,6.5,0.5,20,50,1.5058099999999999,1
Durg,2008,0.87642,800,28,70,50,30,6.5,0.5,20,50,1.36998,1
Durg,2009,0.78837,800,28,70,50,30,6.5,0.5,20,50,0.87642,1
Durg,2010,1.69577,800,28,70,50,30,6.5,0.5,20,50,0.78837,1
Durg,2011,1.75623,800,28,70,50,30,6.5,0.5,20,50,1.69577,1
Durg,2012,1.90097,800,28,70,50,30,6.5,0.5,20,50,1.75623,1
Durg,2013,1.5818599999999998,800,28,70,50,30,6.5,0.5,20,50,1.90097,1
Durg,2014,1.7298900000000001,800,28,70,50,30,6.5,0.5,20,50,1.5818599999999998,1
Durg,2015,1.07695,800,28,70,50,30,6.5,0.5,20,50,1.7298900000000001,1
Durg,2016,2.08596,800,28,70,50,30,6.5,0.5,20,50,1.07695,1
Durg,2017,1.1689200000000002,800,28,70,50,30,6.5,0.5,20,50,2.08596,1
Bastar,1990,0.97047,800,28,70,50,30,6.5,0.5,20,50,1.1689200000000002,1
Bastar,1991,1.07213,800,28,70,50,30,6.5,0.5,20,50,0.97047,1
Bastar,1992,0.9125599999999999,800,28,70,50,30,6.5,0.5,20,50,1.07213,1
Bastar,1993,0.99736,800,28,70,50,30,6.5,0.5,20,50,0.9125599999999999,1
Bastar,1994,0.99033,800,28,70,50,30,6.5,0.5,20,50,0.99736,1
Bastar,1995,0.9517,800,28,70,50,30,6.5,0.5,20,50,0.99033,1
Bastar,1996,1.04099,800,28,70,50,30,6.5,0.5,20,50,0.9517,1
Bastar,1997,0.73057,800,28,70,50,30,6.5,0.5,20,50,1.04099,1
Bastar,1998,0.90863,800,28,70,50,30,6.5,0.5,20,50,0.73057,1
Bastar,1999,1.07595,800,28,70,50,30,6.5,0.5,20,50,0.90863,1
Bastar,2000,0.8342,800,28,70,50,30,6.5,0.5,20,50,1.07595,1
Bastar,2001,1.45452,800,28,70,50,30,6.5,0.5,20,50,0.8342,1
Bastar,2002,0.53114,800,28,70,50,30,6.5,0.5,20,50,1.45452,1
Bastar,2003,1.6484100000000002,800,28,70,50,30,6.5,0.5,20,50,0.53114,1
Bastar,2004,1.24105,800,28,70,50,30,6.5,0.5,20,50,1.6484100000000002,1
Bastar,2005,1.24105,800,28,70,50,30,6.5,0.5,20,50,1.24105,1
Bastar,2006,1.5306099999999998,800,28,70,50,30,6.5,0.5,20,50,1.24105,1
Bastar,2007,1.48183,800,28,70,50,30,6.5,0.5,20,50,1.5306099999999998,1
Bastar,2008,1.16176,800,28,70,50,30,6.5,0.5,20,50,1.48183,1
Bastar,2009,1.08904,800,28,70,50,30,6.5,0.5,20,50,1.16176,1
Bastar,2010,1.90545,800,28,70,50,30,6.5,0.5,20,50,1.08904,1
Bastar,2011,1.23123,800,28,70,50,30,6.5,0.5,20,50,1.90545,1
Bastar,2012,2.10306,800,28,70,50,30,6.5,0.5,20,50,1.23123,1
Bastar,2013,1.9694,800,28,70,50,30,6.5,0.5,20,50,2.10306,1
Bastar,2014,2.12933,800,28,70,50,30,6.5,0.5,20,50,1.9694,1
Bastar,2015,1.03087,800,28,70,50,30,6.5,0.5,20,50,2.12933,1
Bastar,2016,1.97324,800,28,70,50,30,6.5,0.5,20,50,1.03087,1
Bastar,2017,1.21423,800,28,70,50,30,6.5,0.5,20,50,1.97324,1
Raipur,1990,1.36315,800,28,70,50,30,6.5,0.5,20,50,1.21423,1
Raipur,1991,1.427,800,28,70,50,30,6.5,0.5,20,50,1.36315,1
Raipur,1992,1.60995,800,28,70,50,30,6.5,0.5,20,50,1.427,1
Raipur,1993,1.59811,800,28,70,50,30,6.5,0.5,20,50,1.60995,1
Raipur,1994,1.44882,800,28,70,50,30,6.5,0.5,20,50,1.59811,1
Raipur,1995,1.44749,800,28,70,50,30,6.5,0.5,20,50,1.44882,1
Raipur,1996,1.68387,800,28,70,50,30,6.5,0.5,20,50,1.44749,1
Raipur,1997,1.10625,800,28,70,50,30,6.5,0.5,20,50,1.68387,1
Raipur,1998,0.71286,800,28,70,50,30,6.5,0.5,20,50,1.10625,1
Raipur,1999,1.45113,800,28,70,50,30,6.5,0.5,20,50,0.71286,1
Raipur,2000,0.51881,800,28,70,50,30,6.5,0.5,20,50,1.45113,1
Raipur,2001,1.24174,800,28,70,50,30,6.5,0.5,20,50,0.51881,1
Raipur,2002,0.7346699999999999,800,28,70,50,30,6.5,0.5,20,50,1.24174,1
Raipur,2003,1.44252,800,28,70,50,30,6.5,0.5,20,50,0.7346699999999999,1
Raipur,2004,1.24964,800,28,70,50,30,6.5,0.5,20,50,1.44252,1
Raipur,2005,1.24964,800,28,70,50,30,6.5,0.5,20,50,1.24964,1
Raipur,2006,1.44243,800,28,70,50,30,6.5,0.5,20,50,1.24964,1
Raipur,2007,1.55053,800,28,70,50,30,6.5,0.5,20,50,1.44243,1
Raipur,2008,1.32915,800,28,70,50,30,6.5,0.5,20,50,1.55053,1
Raipur,2009,1.4076600000000001,800,28,70,50,30,6.5,0.5,20,50,1.32915,1
Raipur,2010,1.66171,800,28,70,50,30,6.5,0.5,20,50,1.4076600000000001,1
Raipur,2011,1.48367,800,28,70,50,30,6.5,0.5,20,50,1.66171,1
Raipur,2012,1.98725,800,28,70,50,30,6.5,0.5,20,50,1.48367,1
Raipur,2013,1.73323,800,28,70,50,30,6.5,0.5,20,50,1.98725,1
Raipur,2014,2.0558,800,28,70,50,30,6.5,0.5,20,50,1.73323,1
Raipur,2015,1.43157,800,28,70,50,30,6.5,0.5,20,50,2.0558,1
Raipur,2016,2.4100900000000003,800,28,70,50,30,6.5,0.5,20,50,1.43157,1
Raipur,2017,1.58596,800,28,70,50,30,6.5,0.5,20,50,2.4100900000000003,1
Bilaspur,1990,1.3984,800,28,70,50,30,6.5,0.5,20,50,1.58596,1
Bilaspur,1991,1.2965499999999999,800,28,70,50,30,6.5,0.5,20,50,1.3984,1
Bilaspur,1992,1.04683,800,28,70,50,30,6.5,0.5,20,50,1.2965499999999999,1
Bilaspur,1993,1.35181,800,28,70,50,30,6.5,0.5,20,50,1.04683,1
Bilaspur,1994,1.6179000000000001,800,28,70,50,30,6.5,0.5,20,50,1.35181,1
Bilaspur,1995,1.3315,800,28,70,50,30,6.5,0.5,20,50,1.6179000000000001,1
Bilaspur,1996,1.3408399999999998,800,28,70,50,30,6.5,0.5,20,50,1.3315,1
Bilaspur,1997,0.49581000000000003,800,28,70,50,30,6.5,0.5,20,50,1.3408399999999998,1
Bilaspur,1998,0.8122699999999999,800,28,70,50,30,6.5,0.5,20,50,0.49581000000000003,1
Bilaspur,1999,1.49818,800,28,70,50,30,6.5,0.5,20,50,0.8122699999999999,1
Bilaspur,2000,0.6213099999999999,800,28,70,50,30,6.5,0.5,20,50,1.49818,1
Bilaspur,2001,1.4221300000000001,800,28,70,50,30,6.5,0.5,20,50,0.6213099999999999,1
Bilaspur,2002,0.87559,800,28,70,50,30,6.5,0.5,20,50,1.4221300000000001,1
Bilaspur,2003,1.42448,800,28,70,50,30,6.5,0.5,20,50,0.87559,1
Bilaspur,2004,1.22845,800,28,70,50,30,6.5,0.5,20,50,1.42448,1
Bilaspur,2005,1.22845,800,28,70,50,30,6.5,0.5,20,50,1.22845,1
Bilaspur,2006,1.58133,800,28,70,50,30,6.5,0.5,20,50,1.22845,1
Bilaspur,2007,1.6193199999999999,800,28,70,50,30,6.5,0.5,20,50,1.58133,1
Bilaspur,2008,1.42876,800,28,70,50,30,6.5,0.5,20,50,1.6193199999999999,1
Bilaspur,2009,1.42757,800,28,70,50,30,6.5,0.5,20,50,1.42876,1
Bilaspur,2010,1.88983,800,28,70,50,30,6.5,0.5,20,50,1.42757,1
Bilaspur,2011,2.0790100000000002,800,28,70,50,30,6.5,0.5,20,50,1.88983,1
Bilaspur,2012,2.33761,800,28,70,50,30,6.5,0.5,20,50,2.0790100000000002,1
Bilaspur,2013,2.17195,800,28,70,50,30,6.5,0.5,20,50,2.33761,1
Bilaspur,2014,2.3104299999999998,800,28,70,50,30,6.5,0.5,20,50,2.17195,1
Bilaspur,2015,1.83192,800,28,70,50,30,6.5,0.5,20,50,2.3104299999999998,1
Bilaspur,2016,2.55421,800,28,70,50,30,6.5,0.5,20,50,1.83192,1
Bilaspur,2017,1.77997,800,28,70,50,30,6.5,0.5,20,50,2.55421,1
Raigarh,1990,0.96436,800,28,70,50,30,6.5,0.5,20,50,1.77997,1
Raigarh,1991,1.10646,800,28,70,50,30,6.5,0.5,20,50,0.96436,1
Raigarh,1992,1.05484,800,28,70,50,30,6.5,0.5,20,50,1.10646,1
Raigarh,1993,1.22972,800,28,70,50,30,6.5,0.5,20,50,1.05484,1
Raigarh,1994,1.33746,800,28,70,50,30,6.5,0.5,20,50,1.22972,1
Raigarh,1995,1.0345199999999999,800,28,70,50,30,6.5,0.5,20,50,1.33746,1
Raigarh,1996,1.28735,800,28,70,50,30,6.5,0.5,20,50,1.0345199999999999,1
Raigarh,1997,0.8162999999999999,800,28,70,50,30,6.5,0.5,20,50,1.28735,1
Raigarh,1998,1.11576,800,28,70,50,30,6.5,0.5,20,50,0.8162999999999999,1
Raigarh,1999,1.13118,800,28,70,50,30,6.5,0.5,20,50,1.11576,1
Raigarh,2000,0.5647300000000001,800,28,70,50,30,6.5,0.5,20,50,1.13118,1
Raigarh,2001,1.25202,800,28,70,50,30,6.5,0.5,20,50,0.5647300000000001,1
Raigarh,2002,0.6781,800,28,70,50,30,6.5,0.5,20,50,1.25202,1
Raigarh,2003,1.29414,800,28,70,50,30,6.5,0.5,20,50,0.6781,1
Raigarh,2004,0.99122,800,28,70,50,30,6.5,0.5,20,50,1.29414,1
Raigarh,2005,0.99122,800,28,70,50,30,6.5,0.5,20,50,0.99122,1
Raigarh,2006,1.0400699999999998,800,28,70,50,30,6.5,0.5,20,50,0.99122,1
Raigarh,2007,1.25904,800,28,70,50,30,6.5,0.5,20,50,1.0400699999999998,1
Raigarh,2008,1.1831800000000001,800,28,70,50,30,6.5,0.5,20,50,1.25904,1
Raigarh,2009,1.11831,800,28,70,50,30,6.5,0.5,20,50,1.1831800000000001,1
Raigarh,2010,1.37515,800,28,70,50,30,6.5,0.5,20,50,1.11831,1
Raigarh,2011,1.4304100000000002,800,28,70,50,30,6.5,0.5,20,50,1.37515,1
Raigarh,2012,1.51728,800,28,70,50,30,6.5,0.5,20,50,1.4304100000000002,1
Raigarh,2013,1.38792,800,28,70,50,30,6.5,0.5,20,50,1.51728,1
Raigarh,2014,1.60868,800,28,70,50,30,6.5,0.5,20,50,1.38792,1
Raigarh,2015,1.01329,800,28,70,50,30,6.5,0.5,20,50,1.60868,1
Raigarh,2016,1.80023,800,28,70,50,30,6.5,0.5,20,50,1.01329,1
Raigarh,2017,1.51607,800,28,70,50,30,6.5,0.5,20,50,1.80023,1
Surguja,1990,1.18935,800,28,70,50,30,6.5,0.5,20,50,1.51607,1
Surguja,1991,0.85536,800,28,70,50,30,6.5,0.5,20,50,1.18935,1
Surguja,1992,0.69448,800,28,70,50,30,6.5,0.5,20,50,0.85536,1
Surguja,1993,0.79116,800,28,70,50,30,6.5,0.5,20,50,0.69448,1
Surguja,1994,1.11286,800,28,70,50,30,6.5,0.5,20,50,0.79116,1
Surguja,1995,0.88039,800,28,70,50,30,6.5,0.5,20,50,1.11286,1
Surguja,1996,1.05614,800,28,70,50,30,6.5,0.5,20,50,0.88039,1
Surguja,1997,0.80861,800,28,70,50,30,6.5,0.5,20,50,1.05614,1
Surguja,1998,0.73107,800,28,70,50,30,6.5,0.5,20,50,0.80861,1
Surguja,1999,1.13667,800,28,70,50,30,6.5,0.5,20,50,0.73107,1
Surguja,2000,0.63658,800,28,70,50,30,6.5,0.5,20,50,1.13667,1
Surguja,2001,1.3335599999999999,800,28,70,50,30,6.5,0.5,20,50,0.63658,1
Surguja,2002,0.68051,800,28,70,50,30,6.5,0.5,20,50,1.3335599999999999,1
Surguja,2003,1.3111400000000002,800,28,70,50,30,6.5,0.5,20,50,0.68051,1
Surguja,2004,0.98246,800,28,70,50,30,6.5,0.5,20,50,1.3111400000000002,1
Surguja,2005,0.98246,800,28,70,50,30,6.5,0.5,20,50,0.98246,1
Surguja,2006,1.0541800000000001,800,28,70,50,30,6.5,0.5,20,50,0.98246,1
Surguja,2007,1.14327,800,28,70,50,30,6.5,0.5,20,50,1.0541800000000001,1
Surguja,2008,1.17601,800,28,70,50,30,6.5,0.5,20,50,1.14327,1
Surguja,2009,0.72005,800,28,70,50,30,6.5,0.5,20,50,1.17601,1
Surguja,2010,1.0759,800,28,70,50,30,6.5,0.5,20,50,0.72005,1
Surguja,2011,1.40553,800,28,70,50,30,6.5,0.5,20,50,1.0759,1
Surguja,2012,1.63247,800,28,70,50,30,6.5,0.5,20,50,1.40553,1
Surguja,2013,1.7042,800,28,70,50,30,6.5,0.5,20,50,1.63247,1
Surguja,2014,1.80122,800,28,70,50,30,6.5,0.5,20,50,1.7042,1
Surguja,2015,1.1938199999999999,800,28,70,50,30,6.5,0.5,20,50,1.80122,1
Surguja,2016,1.73296,800,28,70,50,30,6.5,0.5,20,50,1.1938199999999999,1
Surguja,2017,1.38984,800,28,70,50,30,6.5,0.5,20,50,1.73296,1
Jabalpur,1990,0.82509,800,28,70,50,30,6.5,0.5,20,50,1.38984,1
Jabalpur,1991,0.54191,800,28,70,50,30,6.5,0.5,20,50,0.82509,1
Jabalpur,1992,0.65884,800,28,70,50,30,6.5,0.5,20,50,0.54191,1
Jabalpur,1993,0.68024,800,28,70,50,30,6.5,0.5,20,50,0.65884,1
Jabalpur,1994,0.75839,800,28,70,50,30,6.5,0.5,20,50,0.68024,1
Jabalpur,1995,0.73885,800,28,70,50,30,6.5,0.5,20,50,0.75839,1
Jabalpur,1996,0.56332,800,28,70,50,30,6.5,0.5,20,50,0.73885,1
Jabalpur,1997,0.53276,800,28,70,50,30,6.5,0.5,20,50,0.56332,1
Jabalpur,1998,0.51337,800,28,70,50,30,6.5,0.5,20,50,0.53276,1
Jabalpur,1999,1.0528199999999999,800,28,70,50,30,6.5,0.5,20,50,0.51337,1
Jabalpur,2000,0.43822000000000005,800,28,70,50,30,6.5,0.5,20,50,1.0528199999999999,1
Jabalpur,2001,0.8390299999999999,800,28,70,50,30,6.5,0.5,20,50,0.43822000000000005,1
Jabalpur,2002,0.56731,800,28,70,50,30,6.5,0.5,20,50,0.8390299999999999,1
Jabalpur,2003,0.97811,800,28,70,50,30,6.5,0.5,20,50,0.56731,1
Jabalpur,2004,0.90195,800,28,70,50,30,6.5,0.5,20,50,0.97811,1
Jabalpur,2005,0.86352,800,28,70,50,30,6.5,0.5,20,50,0.90195,1
Jabalpur,2006,0.5981000000000001,800,28,70,50,30,6.5,0.5,20,50,0.86352,1
Jabalpur,2007,0.34798,800,28,70,50,30,6.5,0.5,20,50,0.5981000000000001,1
Jabalpur,2008,0.59833,800,28,70,50,30,6.5,0.5,20,50,0.34798,1
Jabalpur,2009,0.58284,800,28,70,50,30,6.5,0.5,20,50,0.59833,1
Jabalpur,2010,1.0258099999999999,800,28,70,50,30,6.5,0.5,20,50,0.58284,1
Jabalpur,2011,1.29759,800,28,70,50,30,6.5,0.5,20,50,1.0258099999999999,1
Jabalpur,2012,1.60825,800,28,70,50,30,6.5,0.5,20,50,1.29759,1
Jabalpur,2013,1.931,800,28,70,50,30,6.5,0.5,20,50,1.60825,1
Jabalpur,2014,1.27374,800,28,70,50,30,6.5,0.5,20,50,1.931,1
Jabalpur,2015,1.1202999999999999,800,28,70,50,30,6.5,0.5,20,50,1.27374,1
Jabalpur,2016,2.90071,800,28,70,50,30,6.5,0.5,20,50,1.1202999999999999,1
Jabalpur,2017,2.50319,800,28,70,50,30,6.5,0.5,20,50,2.90071,1
Balaghat,1990,1.2572999999999999,800,28,70,50,30,6.5,0.5,20,50,2.50319,1
Balaghat,1991,1.00931,800,28,70,50,30,6.5,0.5,20,50,1.2572999999999999,1
Balaghat,1992,1.11083,800,28,70,50,30,6.5,0.5,20,50,1.00931,1
Balaghat,1993,1.24048,800,28,70,50,30,6.5,0.5,20,50,1.11083,1
Balaghat,1994,0.9368099999999999,800,28,70,50,30,6.5,0.5,20,50,1.24048,1
Balaghat,1995,1.21619,800,28,70,50,30,6.5,0.5,20,50,0.9368099999999999,1
Balaghat,1996,1.03985,800,28,70,50,30,6.5,0.5,20,50,1.21619,1
Balaghat,1997,1.0565799999999999,800,28,70,50,30,6.5,0.5,20,50,1.03985,1
Balaghat,1998,1.24698,800,28,70,50,30,6.5,0.5,20,50,1.0565799999999999,1
Balaghat,1999,1.3348,800,28,70,50,30,6.5,0.5,20,50,1.24698,1
Balaghat,2000,0.84915,800,28,70,50,30,6.5,0.5,20,50,1.3348,1
Balaghat,2001,1.43567,800,28,70,50,30,6.5,0.5,20,50,0.84915,1
Balaghat,2002,0.8396,800,28,70,50,30,6.5,0.5,20,50,1.43567,1
Balaghat,2003,1.46926,800,28,70,50,30,6.5,0.5,20,50,0.8396,1
Balaghat,2004,1.09649,800,28,70,50,30,6.5,0.5,20,50,1.46926,1
Balaghat,2005,1.46876,800,28,70,50,30,6.5,0.5,20,50,1.09649,1
Balaghat,2006,1.20386,800,28,70,50,30,6.5,0.5,20,50,1.46876,1
Balaghat,2007,0.93583,800,28,70,50,30,6.5,0.5,20,50,1.20386,1
Balaghat,2008,0.7268600000000001,800,28,70,50,30,6.5,0.5,20,50,0.93583,1
Balaghat,2009,1.3648099999999999,800,28,70,50,30,6.5,0.5,20,50,0.7268600000000001,1
Balaghat,2010,1.4239600000000001,800,28,70,50,30,6.5,0.5,20,50,1.3648099999999999,1
Balaghat,2011,1.36279,800,28,70,50,30,6.5,0.5,20,50,1.4239600000000001,1
Balaghat,2012,1.86548,800,28,70,50,30,6.5,0.5,20,50,1.36279,1
Balaghat,2013,1.67825,800,28,70,50,30,6.5,0.5,20,50,1.86548,1
Balaghat,2014,1.834,800,28,70,50,30,6.5,0.5,20,50,1.67825,1
Balaghat,2015,1.6741700000000002,800,28,70,50,30,6.5,0.5,20,50,1.834,1
Balaghat,2016,2.48283,800,28,70,50,30,6.5,0.5,20,50,1.6741700000000002,1
Balaghat,2017,1.7959200000000002,800,28,70,50,30,6.5,0.5,20,50,2.48283,1
Chhindwara,1990,0.99519,800,28,70,50,30,6.5,0.5,20,50,1.7959200000000002,1
Chhindwara,1991,0.56545,800,28,70,50,30,6.5,0.5,20,50,0.99519,1
Chhindwara,1992,0.69355,800,28,70,50,30,6.5,0.5,20,50,0.56545,1
Chhindwara,1993,0.90206,800,28,70,50,30,6.5,0.5,20,50,0.69355,1
Chhindwara,1994,0.96517,800,28,70,50,30,6.5,0.5,20,50,0.90206,1
Chhindwara,1995,0.56633,800,28,70,50,30,6.5,0.5,20,50,0.96517,1
Chhindwara,1996,0.83158,800,28,70,50,30,6.5,0.5,20,50,0.56633,1
Chhindwara,1997,0.7563500000000001,800,28,70,50,30,6.5,0.5,20,50,0.83158,1
Chhindwara,1998,0.62371,800,28,70,50,30,6.5,0.5,20,50,0.7563500000000001,1
Chhindwara,1999,0.8307100000000001,800,28,70,50,30,6.5,0.5,20,50,0.62371,1
Chhindwara,2000,0.44355,800,28,70,50,30,6.5,0.5,20,50,0.8307100000000001,1
Chhindwara,2001,0.44488,800,28,70,50,30,6.5,0.5,20,50,0.44355,1
Chhindwara,2002,0.43307,800,28,70,50,30,6.5,0.5,20,50,0.44488,1
Chhindwara,2003,0.8683099999999999,800,28,70,50,30,6.5,0.5,20,50,0.43307,1
Chhindwara,2004,0.67108,800,28,70,50,30,6.5,0.5,20,50,0.8683099999999999,1
Chhindwara,2005,0.76449,800,28,70,50,30,6.5,0.5,20,50,0.67108,1
Chhindwara,2006,0.8108,800,28,70,50,30,6.5,0.5,20,50,0.76449,1
Chhindwara,2007,0.58585,800,28,70,50,30,6.5,0.5,20,50,0.8108,1
Chhindwara,2008,0.49585,800,28,70,50,30,6.5,0.5,20,50,0.58585,1
Chhindwara,2009,0.7553200000000001,800,28,70,50,30,6.5,0.5,20,50,0.49585,1
Chhindwara,2010,1.65027,800,28,70,50,30,6.5,0.5,20,50,0.7553200000000001,1
Chhindwara,2011,2.12871,800,28,70,50,30,6.5,0.5,20,50,1.65027,1
Chhindwara,2012,2.75251,800,28,70,50,30,6.5,0.5,20,50,2.12871,1
Chhindwara,2013,2.03114,800,28,70,50,30,6.5,0.5,20,50,2.75251,1
Chhindwara,2014,2.4,800,28,70,50,30,6.5,0.5,20,50,2.03114,1
Chhindwara,2015,1.74194,800,28,70,50,30,6.5,0.5,20,50,2.4,1
Chhindwara,2016,1.5237100000000001,800,28,70,50,30,6.5,0.5,20,50,1.74194,1
Chhindwara,2017,1.2367000000000001,800,28,70,50,30,6.5,0.5,20,50,1.5237100000000001,1
Narsinghpur,1990,1.11404,800,28,70,50,30,6.5,0.5,20,50,1.2367000000000001,1
Narsinghpur,1991,1.17273,800,28,70,50,30,6.5,0.5,20,50,1.11404,1
Narsinghpur,1992,1.03774,800,28,70,50,30,6.5,0.5,20,50,1.17273,1
Narsinghpur,1993,1.1,800,28,70,50,30,6.5,0.5,20,50,1.03774,1
Narsinghpur,1994,1.04396,800,28,70,50,30,6.5,0.5,20,50,1.1,1
Narsinghpur,1995,0.8,800,28,70,50,30,6.5,0.5,20,50,1.04396,1
Narsinghpur,1996,1.0851099999999998,800,28,70,50,30,6.5,0.5,20,50,0.8,1
Narsinghpur,1997,1.0975599999999999,800,28,70,50,30,6.5,0.5,20,50,1.0851099999999998,1
Narsinghpur,1998,1.16667,800,28,70,50,30,6.5,0.5,20,50,1.0975599999999999,1
Narsinghpur,1999,1.2766,800,28,70,50,30,6.5,0.5,20,50,1.16667,1
Narsinghpur,2000,0.8425900000000001,800,28,70,50,30,6.5,0.5,20,50,1.2766,1
Narsinghpur,2001,1.16667,800,28,70,50,30,6.5,0.5,20,50,0.8425900000000001,1
Narsinghpur,2002,0.7,800,28,70,50,30,6.5,0.5,20,50,1.16667,1
Narsinghpur,2003,1.17293,800,28,70,50,30,6.5,0.5,20,50,0.7,1
Narsinghpur,2004,1.06557,800,28,70,50,30,6.5,0.5,20,50,1.17293,1
Narsinghpur,2005,1.06743,800,28,70,50,30,6.5,0.5,20,50,1.06557,1
Narsinghpur,2006,1.07127,800,28,70,50,30,6.5,0.5,20,50,1.06743,1
Narsinghpur,2007,0.64961,800,28,70,50,30,6.5,0.5,20,50,1.07127,1
Narsinghpur,2008,0.6145,800,28,70,50,30,6.5,0.5,20,50,0.64961,1
Narsinghpur,2009,1.1119400000000002,800,28,70,50,30,6.5,0.5,20,50,0.6145,1
Narsinghpur,2010,1.56,800,28,70,50,30,6.5,0.5,20,50,1.1119400000000002,1
Narsinghpur,2011,1.79167,800,28,70,50,30,6.5,0.5,20,50,1.56,1
Narsinghpur,2012,1.3330799999999998,800,28,70,50,30,6.5,0.5,20,50,1.79167,1
Narsinghpur,2013,1.3611099999999998,800,28,70,50,30,6.5,0.5,20,50,1.3330799999999998,1
Narsinghpur,2014,1.4072200000000001,800,28,70,50,30,6.5,0.5,20,50,1.3611099999999998,1
Narsinghpur,2015,2.62735,800,28,70,50,30,6.5,0.5,20,50,1.4072200000000001,1
Narsinghpur,2016,2.812,800,28,70,50,30,6.5,0.5,20,50,2.62735,1
Narsinghpur,2017,4.63683,800,28,70,50,30,6.5,0.5,20,50,2.812,1
Seoni / Shivani,1990,1.4238,800,28,70,50,30,6.5,0.5,20,50,4.63683,1
Seoni / Shivani,1991,0.6199,800,28,70,50,30,6.5,0.5,20,50,1.4238,1
Seoni / Shivani,1992,1.00517,800,28,70,50,30,6.5,0.5,20,50,0.6199,1
Seoni / Shivani,1993,1.37398,800,28,70,50,30,6.5,0.5,20,50,1.00517,1
Seoni / Shivani,1994,1.3982,800,28,70,50,30,6.5,0.5,20,50,1.37398,1
Seoni / Shivani,1995,0.87388,800,28,70,50,30,6.5,0.5,20,50,1.3982,1
Seoni / Shivani,1996,1.0411199999999998,800,28,70,50,30,6.5,0.5,20,50,0.87388,1
Seoni / Shivani,1997,0.893,800,28,70,50,30,6.5,0.5,20,50,1.0411199999999998,1
Seoni / Shivani,1998,1.19619,800,28,70,50,30,6.5,0.5,20,50,0.893,1
Seoni / Shivani,1999,1.37825,800,28,70,50,30,6.5,0.5,20,50,1.19619,1
Seoni / Shivani,2000,0.39514,800,28,70,50,30,6.5,0.5,20,50,1.37825,1
Seoni / Shivani,2001,0.96897,800,28,70,50,30,6.5,0.5,20,50,0.39514,1
Seoni / Shivani,2002,0.6860599999999999,800,28,70,50,30,6.5,0.5,20,50,0.96897,1
Seoni / Shivani,2003,1.4568800000000002,800,28,70,50,30,6.5,0.5,20,50,0.6860599999999999,1
Seoni / Shivani,2004,0.73837,800,28,70,50,30,6.5,0.5,20,50,1.4568800000000002,1
Seoni / Shivani,2005,1.2166199999999998,800,28,70,50,30,6.5,0.5,20,50,0.73837,1
Seoni / Shivani,2006,1.13753,800,28,70,50,30,6.5,0.5,20,50,1.2166199999999998,1
Seoni / Shivani,2007,0.82025,800,28,70,50,30,6.5,0.5,20,50,1.13753,1
Seoni / Shivani,2008,0.66972,800,28,70,50,30,6.5,0.5,20,50,0.82025,1
Seoni / Shivani,2009,1.04795,800,28,70,50,30,6.5,0.5,20,50,0.66972,1
Seoni / Shivani,2010,1.3233,800,28,70,50,30,6.5,0.5,20,50,1.04795,1
Seoni / Shivani,2011,1.4554500000000001,800,28,70,50,30,6.5,0.5,20,50,1.3233,1
Seoni / Shivani,2012,2.05793,800,28,70,50,30,6.5,0.5,20,50,1.4554500000000001,1
Seoni / Shivani,2013,2.93524,800,28,70,50,30,6.5,0.5,20,50,2.05793,1
Seoni / Shivani,2014,1.43403,800,28,70,50,30,6.5,0.5,20,50,2.93524,1
Seoni / Shivani,2015,1.41225,800,28,70,50,30,6.5,0.5,20,50,1.43403,1
Seoni / Shivani,2016,2.4725300000000003,800,28,70,50,30,6.5,0.5,20,50,1.41225,1
Seoni / Shivani,2017,2.40352,800,28,70,50,30,6.5,0.5,20,50,2.4725300000000003,1
Mandla,1990,0.7865800000000001,800,28,70,50,30,6.5,0.5,20,50,2.40352,1
Mandla,1991,0.56149,800,28,70,50,30,6.5,0.5,20,50,0.7865800000000001,1
Mandla,1992,0.58549,800,28,70,50,30,6.5,0.5,20,50,0.56149,1
Mandla,1993,0.79287,800,28,70,50,30,6.5,0.5,20,50,0.58549,1
Mandla,1994,0.85133,800,28,70,50,30,6.5,0.5,20,50,0.79287,1
Mandla,1995,0.7074600000000001,800,28,70,50,30,6.5,0.5,20,50,0.85133,1
Mandla,1996,0.8172,800,28,70,50,30,6.5,0.5,20,50,0.7074600000000001,1
Mandla,1997,0.61277,800,28,70,50,30,6.5,0.5,20,50,0.8172,1
Mandla,1998,0.70845,800,28,70,50,30,6.5,0.5,20,50,0.61277,1
Mandla,1999,0.92965,800,28,70,50,30,6.5,0.5,20,50,0.70845,1
Mandla,2000,0.36073,800,28,70,50,30,6.5,0.5,20,50,0.92965,1
Mandla,2001,0.76559,800,28,70,50,30,6.5,0.5,20,50,0.36073,1
Mandla,2002,0.52986,800,28,70,50,30,6.5,0.5,20,50,0.76559,1
Mandla,2003,0.7762,800,28,70,50,30,6.5,0.5,20,50,0.52986,1
Mandla,2004,0.69716,800,28,70,50,30,6.5,0.5,20,50,0.7762,1
Mandla,2005,0.73614,800,28,70,50,30,6.5,0.5,20,50,0.69716,1
Mandla,2006,0.6729299999999999,800,28,70,50,30,6.5,0.5,20,50,0.73614,1
Mandla,2007,0.48246,800,28,70,50,30,6.5,0.5,20,50,0.6729299999999999,1
Mandla,2008,0.46548,800,28,70,50,30,6.5,0.5,20,50,0.48246,1
Mandla,2009,0.5896699999999999,800,28,70,50,30,6.5,0.5,20,50,0.46548,1
Mandla,2010,0.8241799999999999,800,28,70,50,30,6.5,0.5,20,50,0.5896699999999999,1
Mandla,2011,1.0156,800,28,70,50,30,6.5,0.5,20,50,0.8241799999999999,1
Mandla,2012,1.01069,800,28,70,50,30,6.5,0.5,20,50,1.0156,1
Mandla,2013,1.13856,800,28,70,50,30,6.5,0.5,20,50,1.01069,1
Mandla,2014,1.311,800,28,70,50,30,6.5,0.5,20,50,1.13856,1
Mandla,2015,1.69921,800,28,70,50,30,6.5,0.5,20,50,1.311,1
Mandla,2016,1.94123,800,28,70,50,30,6.5,0.5,20,50,1.69921,1
Mandla,2017,3.20525,800,28,70,50,30,6.5,0.5,20,50,1.94123,1
Sagar,1990,0.82051,800,28,70,50,30,6.5,0.5,20,50,3.20525,1
Sagar,1991,0.62609,800,28,70,50,30,6.5,0.5,20,50,0.82051,1
Sagar,1992,0.58716,800,28,70,50,30,6.5,0.5,20,50,0.62609,1
Sagar,1993,0.64762,800,28,70,50,30,6.5,0.5,20,50,0.58716,1
Sagar,1994,0.61538,800,28,70,50,30,6.5,0.5,20,50,0.64762,1
Sagar,1995,0.44565,800,28,70,50,30,6.5,0.5,20,50,0.61538,1
Sagar,1996,0.72289,800,28,70,50,30,6.5,0.5,20,50,0.44565,1
Sagar,1997,0.6551699999999999,800,28,70,50,30,6.5,0.5,20,50,0.72289,1
Sagar,1998,0.6162799999999999,800,28,70,50,30,6.5,0.5,20,50,0.6551699999999999,1
Sagar,1999,0.7126399999999999,800,28,70,50,30,6.5,0.5,20,50,0.6162799999999999,1
Sagar,2000,0.5408200000000001,800,28,70,50,30,6.5,0.5,20,50,0.7126399999999999,1
Sagar,2001,0.52083,800,28,70,50,30,6.5,0.5,20,50,0.5408200000000001,1
Sagar,2002,0.36169999999999997,800,28,70,50,30,6.5,0.5,20,50,0.52083,1
Sagar,2003,0.61856,800,28,70,50,30,6.5,0.5,20,50,0.36169999999999997,1
Sagar,2004,0.56947,800,28,70,50,30,6.5,0.5,20,50,0.61856,1
Sagar,2005,0.52907,800,28,70,50,30,6.5,0.5,20,50,0.56947,1
Sagar,2006,0.51374,800,28,70,50,30,6.5,0.5,20,50,0.52907,1
Sagar,2007,0.36061,800,28,70,50,30,6.5,0.5,20,50,0.51374,1
Sagar,2008,0.35,800,28,70,50,30,6.5,0.5,20,50,0.36061,1
Sagar,2009,0.6166699999999999,800,28,70,50,30,6.5,0.5,20,50,0.35,1
Sagar,2010,0.75,800,28,70,50,30,6.5,0.5,20,50,0.6166699999999999,1
Sagar,2011,0.79412,800,28,70,50,30,6.5,0.5,20,50,0.75,1
Sagar,2012,0.6330800000000001,800,28,70,50,30,6.5,0.5,20,50,0.79412,1
Sagar,2013,0.43724,800,28,70,50,30,6.5,0.5,20,50,0.6330800000000001,1
Sagar,2014,1.066,800,28,70,50,30,6.5,0.5,20,50,0.43724,1
Sagar,2015,0.28570999999999996,800,28,70,50,30,6.5,0.5,20,50,1.066,1
Sagar,2016,1.0,800,28,70,50,30,6.5,0.5,20,50,0.28570999999999996,1
Sagar,2017,1.12451,800,28,70,50,30,6.5,0.5,20,50,1.0,1
Damoh,1990,0.80669,800,28,70,50,30,6.5,0.5,20,50,1.12451,1
Damoh,1991,0.44925,800,28,70,50,30,6.5,0.5,20,50,0.80669,1
Damoh,1992,0.69216,800,28,70,50,30,6.5,0.5,20,50,0.44925,1
Damoh,1993,0.75188,800,28,70,50,30,6.5,0.5,20,50,0.69216,1
Damoh,1994,0.76128,800,28,70,50,30,6.5,0.5,20,50,0.75188,1
Damoh,1995,0.52632,800,28,70,50,30,6.5,0.5,20,50,0.76128,1
Damoh,1996,0.66857,800,28,70,50,30,6.5,0.5,20,50,0.52632,1
Damoh,1997,0.6597000000000001,800,28,70,50,30,6.5,0.5,20,50,0.66857,1
Damoh,1998,0.6892699999999999,800,28,70,50,30,6.5,0.5,20,50,0.6597000000000001,1
Damoh,1999,0.8349,800,28,70,50,30,6.5,0.5,20,50,0.6892699999999999,1
Damoh,2000,0.42593000000000003,800,28,70,50,30,6.5,0.5,20,50,0.8349,1
Damoh,2001,0.6243200000000001,800,28,70,50,30,6.5,0.5,20,50,0.42593000000000003,1
Damoh,2002,0.29094,800,28,70,50,30,6.5,0.5,20,50,0.6243200000000001,1
Damoh,2003,0.77947,800,28,70,50,30,6.5,0.5,20,50,0.29094,1
Damoh,2004,0.68664,800,28,70,50,30,6.5,0.5,20,50,0.77947,1
Damoh,2005,0.6454,800,28,70,50,30,6.5,0.5,20,50,0.68664,1
Damoh,2006,0.54037,800,28,70,50,30,6.5,0.5,20,50,0.6454,1
Damoh,2007,0.38089,800,28,70,50,30,6.5,0.5,20,50,0.54037,1
Damoh,2008,0.5087,800,28,70,50,30,6.5,0.5,20,50,0.38089,1
Damoh,2009,0.6744600000000001,800,28,70,50,30,6.5,0.5,20,50,0.5087,1
Damoh,2010,1.03386,800,28,70,50,30,6.5,0.5,20,50,0.6744600000000001,1
Damoh,2011,1.0663099999999999,800,28,70,50,30,6.5,0.5,20,50,1.03386,1
Damoh,2012,0.9934299999999999,800,28,70,50,30,6.5,0.5,20,50,1.0663099999999999,1
Damoh,2013,1.12008,800,28,70,50,30,6.5,0.5,20,50,0.9934299999999999,1
Damoh,2014,1.07076,800,28,70,50,30,6.5,0.5,20,50,1.12008,1
Damoh,2015,1.13247,800,28,70,50,30,6.5,0.5,20,50,1.07076,1
Damoh,2016,1.875,800,28,70,50,30,6.5,0.5,20,50,1.13247,1
Damoh,2017,1.6667100000000001,800,28,70,50,30,6.5,0.5,20,50,1.875,1
Tikamgarh,1990,0.9306599999999999,800,28,70,50,30,6.5,0.5,20,50,1.6667100000000001,1
Tikamgarh,1991,0.7423099999999999,800,28,70,50,30,6.5,0.5,20,50,0.9306599999999999,1
Tikamgarh,1992,0.9328099999999999,800,28,70,50,30,6.5,0.5,20,50,0.7423099999999999,1
Tikamgarh,1993,0.8119700000000001,800,28,70,50,30,6.5,0.5,20,50,0.9328099999999999,1
Tikamgarh,1994,0.85652,800,28,70,50,30,6.5,0.5,20,50,0.8119700000000001,1
Tikamgarh,1995,0.41120999999999996,800,28,70,50,30,6.5,0.5,20,50,0.85652,1
Tikamgarh,1996,0.88,800,28,70,50,30,6.5,0.5,20,50,0.41120999999999996,1
Tikamgarh,1997,0.83486,800,28,70,50,30,6.5,0.5,20,50,0.88,1
Tikamgarh,1998,0.77358,800,28,70,50,30,6.5,0.5,20,50,0.83486,1
Tikamgarh,1999,0.97537,800,28,70,50,30,6.5,0.5,20,50,0.77358,1
Tikamgarh,2000,0.67401,800,28,70,50,30,6.5,0.5,20,50,0.97537,1
Tikamgarh,2001,0.6896599999999999,800,28,70,50,30,6.5,0.5,20,50,0.67401,1
Tikamgarh,2002,0.33953,800,28,70,50,30,6.5,0.5,20,50,0.6896599999999999,1
Tikamgarh,2003,0.8427899999999999,800,28,70,50,30,6.5,0.5,20,50,0.33953,1
Tikamgarh,2004,0.47158999999999995,800,28,70,50,30,6.5,0.5,20,50,0.8427899999999999,1
Tikamgarh,2005,0.49101999999999996,800,28,70,50,30,6.5,0.5,20,50,0.47158999999999995,1
Tikamgarh,2006,0.39475,800,28,70,50,30,6.5,0.5,20,50,0.49101999999999996,1
Tikamgarh,2007,0.11281999999999999,800,28,70,50,30,6.5,0.5,20,50,0.39475,1
Tikamgarh,2008,0.37363999999999997,800,28,70,50,30,6.5,0.5,20,50,0.11281999999999999,1
Tikamgarh,2009,0.40945,800,28,70,50,30,6.5,0.5,20,50,0.37363999999999997,1
Tikamgarh,2010,0.45,800,28,70,50,30,6.5,0.5,20,50,0.40945,1
Tikamgarh,2011,0.7265,800,28,70,50,30,6.5,0.5,20,50,0.45,1
Tikamgarh,2012,0.47579000000000005,800,28,70,50,30,6.5,0.5,20,50,0.7265,1
Tikamgarh,2013,0.35145,800,28,70,50,30,6.5,0.5,20,50,0.47579000000000005,1
Tikamgarh,2014,0.41,800,28,70,50,30,6.5,0.5,20,50,0.35145,1
Tikamgarh,2015,0.11167,800,28,70,50,30,6.5,0.5,20,50,0.41,1
Tikamgarh,2016,1.0,800,28,70,50,30,6.5,0.5,20,50,0.11167,1
Tikamgarh,2017,0.35964999999999997,800,28,70,50,30,6.5,0.5,20,50,1.0,1
Chhatarpur,1990,0.935,800,28,70,50,30,6.5,0.5,20,50,0.35964999999999997,1
Chhatarpur,1991,0.6479600000000001,800,28,70,50,30,6.5,0.5,20,50,0.935,1
Chhatarpur,1992,0.81313,800,28,70,50,30,6.5,0.5,20,50,0.6479600000000001,1
Chhatarpur,1993,0.83505,800,28,70,50,30,6.5,0.5,20,50,0.81313,1
Chhatarpur,1994,0.89604,800,28,70,50,30,6.5,0.5,20,50,0.83505,1
Chhatarpur,1995,0.43523,800,28,70,50,30,6.5,0.5,20,50,0.89604,1
Chhatarpur,1996,0.88889,800,28,70,50,30,6.5,0.5,20,50,0.43523,1
Chhatarpur,1997,0.69849,800,28,70,50,30,6.5,0.5,20,50,0.88889,1
Chhatarpur,1998,0.78607,800,28,70,50,30,6.5,0.5,20,50,0.69849,1
Chhatarpur,1999,1.0461500000000001,800,28,70,50,30,6.5,0.5,20,50,0.78607,1
Chhatarpur,2000,0.4492,800,28,70,50,30,6.5,0.5,20,50,1.0461500000000001,1
Chhatarpur,2001,0.68391,800,28,70,50,30,6.5,0.5,20,50,0.4492,1
Chhatarpur,2002,0.44595,800,28,70,50,30,6.5,0.5,20,50,0.68391,1
Chhatarpur,2003,0.85802,800,28,70,50,30,6.5,0.5,20,50,0.44595,1
Chhatarpur,2004,0.6645399999999999,800,28,70,50,30,6.5,0.5,20,50,0.85802,1
Chhatarpur,2005,0.64324,800,28,70,50,30,6.5,0.5,20,50,0.6645399999999999,1
Chhatarpur,2006,0.42291,800,28,70,50,30,6.5,0.5,20,50,0.64324,1
Chhatarpur,2007,0.21062,800,28,70,50,30,6.5,0.5,20,50,0.42291,1
Chhatarpur,2008,0.43186,800,28,70,50,30,6.5,0.5,20,50,0.21062,1
Chhatarpur,2009,0.45361,800,28,70,50,30,6.5,0.5,20,50,0.43186,1
Chhatarpur,2010,0.61798,800,28,70,50,30,6.5,0.5,20,50,0.45361,1
Chhatarpur,2011,0.86813,800,28,70,50,30,6.5,0.5,20,50,0.61798,1
Chhatarpur,2012,0.37477999999999995,800,28,70,50,30,6.5,0.5,20,50,0.86813,1
Chhatarpur,2013,0.88454,800,28,70,50,30,6.5,0.5,20,50,0.37477999999999995,1
Chhatarpur,2014,0.867,800,28,70,50,30,6.5,0.5,20,50,0.88454,1
Chhatarpur,2015,0.33375,800,28,70,50,30,6.5,0.5,20,50,0.867,1
Chhatarpur,2016,1.0825,800,28,70,50,30,6.5,0.5,20,50,0.33375,1
Chhatarpur,2017,0.47076999999999997,800,28,70,50,30,6.5,0.5,20,50,1.0825,1
Panna,1990,0.79137,800,28,70,50,30,6.5,0.5,20,50,0.47076999999999997,1
Panna,1991,0.42069,800,28,70,50,30,6.5,0.5,20,50,0.79137,1
Panna,1992,0.6,800,28,70,50,30,6.5,0.5,20,50,0.42069,1
Panna,1993,0.56102,800,28,70,50,30,6.5,0.5,20,50,0.6,1
Panna,1994,0.66287,800,28,70,50,30,6.5,0.5,20,50,0.56102,1
Panna,1995,0.38088,800,28,70,50,30,6.5,0.5,20,50,0.66287,1
Panna,1996,0.58714,800,28,70,50,30,6.5,0.5,20,50,0.38088,1
Panna,1997,0.64377,800,28,70,50,30,6.5,0.5,20,50,0.58714,1
Panna,1998,0.58773,800,28,70,50,30,6.5,0.5,20,50,0.64377,1
Panna,1999,0.73676,800,28,70,50,30,6.5,0.5,20,50,0.58773,1
Panna,2000,0.36960000000000004,800,28,70,50,30,6.5,0.5,20,50,0.73676,1
Panna,2001,0.54747,800,28,70,50,30,6.5,0.5,20,50,0.36960000000000004,1
Panna,2002,0.32348000000000005,800,28,70,50,30,6.5,0.5,20,50,0.54747,1
Panna,2003,0.45882,800,28,70,50,30,6.5,0.5,20,50,0.32348000000000005,1
Panna,2004,0.39586,800,28,70,50,30,6.5,0.5,20,50,0.45882,1
Panna,2005,0.62058,800,28,70,50,30,6.5,0.5,20,50,0.39586,1
Panna,2006,0.45358,800,28,70,50,30,6.5,0.5,20,50,0.62058,1
Panna,2007,0.30743,800,28,70,50,30,6.5,0.5,20,50,0.45358,1
Panna,2008,0.51436,800,28,70,50,30,6.5,0.5,20,50,0.30743,1
Panna,2009,0.49057,800,28,70,50,30,6.5,0.5,20,50,0.51436,1
Panna,2010,0.96089,800,28,70,50,30,6.5,0.5,20,50,0.49057,1
Panna,2011,0.99511,800,28,70,50,30,6.5,0.5,20,50,0.96089,1
Panna,2012,1.01996,800,28,70,50,30,6.5,0.5,20,50,0.99511,1
Panna,2013,1.13466,800,28,70,50,30,6.5,0.5,20,50,1.01996,1
Panna,2014,1.3691099999999998,800,28,70,50,30,6.5,0.5,20,50,1.13466,1
Panna,2015,0.31509,800,28,70,50,30,6.5,0.5,20,50,1.3691099999999998,1
Panna,2016,2.5989899999999997,800,28,70,50,30,6.5,0.5,20,50,0.31509,1
Panna,2017,2.40068,800,28,70,50,30,6.5,0.5,20,50,2.5989899999999997,1
Rewa,1990,0.9602,800,28,70,50,30,6.5,0.5,20,50,2.40068,1
Rewa,1991,0.30605,800,28,70,50,30,6.5,0.5,20,50,0.9602,1
Rewa,1992,0.57331,800,28,70,50,30,6.5,0.5,20,50,0.30605,1
Rewa,1993,0.6214500000000001,800,28,70,50,30,6.5,0.5,20,50,0.57331,1
Rewa,1994,0.89016,800,28,70,50,30,6.5,0.5,20,50,0.6214500000000001,1
Rewa,1995,0.69917,800,28,70,50,30,6.5,0.5,20,50,0.89016,1
Rewa,1996,0.71903,800,28,70,50,30,6.5,0.5,20,50,0.69917,1
Rewa,1997,0.50649,800,28,70,50,30,6.5,0.5,20,50,0.71903,1
Rewa,1998,0.98566,800,28,70,50,30,6.5,0.5,20,50,0.50649,1
Rewa,1999,0.59333,800,28,70,50,30,6.5,0.5,20,50,0.98566,1
Rewa,2000,0.54896,800,28,70,50,30,6.5,0.5,20,50,0.59333,1
Rewa,2001,0.93948,800,28,70,50,30,6.5,0.5,20,50,0.54896,1
Rewa,2002,0.68372,800,28,70,50,30,6.5,0.5,20,50,0.93948,1
Rewa,2003,0.9395,800,28,70,50,30,6.5,0.5,20,50,0.68372,1
Rewa,2004,0.6324500000000001,800,28,70,50,30,6.5,0.5,20,50,0.9395,1
Rewa,2005,0.96372,800,28,70,50,30,6.5,0.5,20,50,0.6324500000000001,1
Rewa,2006,0.64761,800,28,70,50,30,6.5,0.5,20,50,0.96372,1
Rewa,2007,0.34605,800,28,70,50,30,6.5,0.5,20,50,0.64761,1
Rewa,2008,0.6445599999999999,800,28,70,50,30,6.5,0.5,20,50,0.34605,1
Rewa,2009,0.63891,800,28,70,50,30,6.5,0.5,20,50,0.6445599999999999,1
Rewa,2010,0.66112,800,28,70,50,30,6.5,0.5,20,50,0.63891,1
Rewa,2011,1.17774,800,28,70,50,30,6.5,0.5,20,50,0.66112,1
Rewa,2012,1.61647,800,28,70,50,30,6.5,0.5,20,50,1.17774,1
Rewa,2013,1.7899200000000002,800,28,70,50,30,6.5,0.5,20,50,1.61647,1
Rewa,2014,1.8088199999999999,800,28,70,50,30,6.5,0.5,20,50,1.7899200000000002,1
Rewa,2015,0.94769,800,28,70,50,30,6.5,0.5,20,50,1.8088199999999999,1
Rewa,2016,2.79365,800,28,70,50,30,6.5,0.5,20,50,0.94769,1
Rewa,2017,5.15993,800,28,70,50,30,6.5,0.5,20,50,2.79365,1
Sidhi,1990,0.58686,800,28,70,50,30,6.5,0.5,20,50,5.15993,1
Sidhi,1991,0.46624,800,28,70,50,30,6.5,0.5,20,50,0.58686,1
Sidhi,1992,0.47052999999999995,800,28,70,50,30,6.5,0.5,20,50,0.46624,1
Sidhi,1993,0.5052300000000001,800,28,70,50,30,6.5,0.5,20,50,0.47052999999999995,1
Sidhi,1994,0.68447,800,28,70,50,30,6.5,0.5,20,50,0.5052300000000001,1
Sidhi,1995,0.38952,800,28,70,50,30,6.5,0.5,20,50,0.68447,1
Sidhi,1996,0.52051,800,28,70,50,30,6.5,0.5,20,50,0.38952,1
Sidhi,1997,0.41399,800,28,70,50,30,6.5,0.5,20,50,0.52051,1
Sidhi,1998,0.61085,800,28,70,50,30,6.5,0.5,20,50,0.41399,1
Sidhi,1999,0.70433,800,28,70,50,30,6.5,0.5,20,50,0.61085,1
Sidhi,2000,0.43786,800,28,70,50,30,6.5,0.5,20,50,0.70433,1
Sidhi,2001,0.7129099999999999,800,28,70,50,30,6.5,0.5,20,50,0.43786,1
Sidhi,2002,0.62188,800,28,70,50,30,6.5,0.5,20,50,0.7129099999999999,1
Sidhi,2003,1.0647,800,28,70,50,30,6.5,0.5,20,50,0.62188,1
Sidhi,2004,0.69325,800,28,70,50,30,6.5,0.5,20,50,1.0647,1
Sidhi,2005,0.7373,800,28,70,50,30,6.5,0.5,20,50,0.69325,1
Sidhi,2006,0.81486,800,28,70,50,30,6.5,0.5,20,50,0.7373,1
Sidhi,2007,0.4323,800,28,70,50,30,6.5,0.5,20,50,0.81486,1
Sidhi,2008,0.39306,800,28,70,50,30,6.5,0.5,20,50,0.4323,1
Sidhi,2009,0.63058,800,28,70,50,30,6.5,0.5,20,50,0.39306,1
Sidhi,2010,0.89073,800,28,70,50,30,6.5,0.5,20,50,0.63058,1
Sidhi,2011,0.96241,800,28,70,50,30,6.5,0.5,20,50,0.89073,1
Sidhi,2012,2.05823,800,28,70,50,30,6.5,0.5,20,50,0.96241,1
Sidhi,2013,1.48559,800,28,70,50,30,6.5,0.5,20,50,2.05823,1
Sidhi,2014,1.26,800,28,70,50,30,6.5,0.5,20,50,1.48559,1
Sidhi,2015,1.16381,800,28,70,50,30,6.5,0.5,20,50,1.26,1
Sidhi,2016,2.94915,800,28,70,50,30,6.5,0.5,20,50,1.16381,1
Sidhi,2017,2.04914,800,28,70,50,30,6.5,0.5,20,50,2.94915,1
Satna,1990,0.5884400000000001,800,28,70,50,30,6.5,0.5,20,50,2.04914,1
Satna,1991,0.35287,800,28,70,50,30,6.5,0.5,20,50,0.5884400000000001,1
Satna,1992,0.40070999999999996,800,28,70,50,30,6.5,0.5,20,50,0.35287,1
Satna,1993,0.44087,800,28,70,50,30,6.5,0.5,20,50,0.40070999999999996,1
Satna,1994,0.50629,800,28,70,50,30,6.5,0.5,20,50,0.44087,1
Satna,1995,0.33182,800,28,70,50,30,6.5,0.5,20,50,0.50629,1
Satna,1996,0.42633,800,28,70,50,30,6.5,0.5,20,50,0.33182,1
Satna,1997,0.50551,800,28,70,50,30,6.5,0.5,20,50,0.42633,1
Satna,1998,0.47585,800,28,70,50,30,6.5,0.5,20,50,0.50551,1
Satna,1999,0.59547,800,28,70,50,30,6.5,0.5,20,50,0.47585,1
Satna,2000,0.28755000000000003,800,28,70,50,30,6.5,0.5,20,50,0.59547,1
Satna,2001,1.032,800,28,70,50,30,6.5,0.5,20,50,0.28755000000000003,1
Satna,2002,0.6597999999999999,800,28,70,50,30,6.5,0.5,20,50,1.032,1
Satna,2003,0.95117,800,28,70,50,30,6.5,0.5,20,50,0.6597999999999999,1
Satna,2004,1.0386900000000001,800,28,70,50,30,6.5,0.5,20,50,0.95117,1
Satna,2005,1.18855,800,28,70,50,30,6.5,0.5,20,50,1.0386900000000001,1
Satna,2006,0.6417999999999999,800,28,70,50,30,6.5,0.5,20,50,1.18855,1
Satna,2007,0.24938999999999997,800,28,70,50,30,6.5,0.5,20,50,0.6417999999999999,1
Satna,2008,0.432,800,28,70,50,30,6.5,0.5,20,50,0.24938999999999997,1
Satna,2009,0.6477,800,28,70,50,30,6.5,0.5,20,50,0.432,1
Satna,2010,1.03626,800,28,70,50,30,6.5,0.5,20,50,0.6477,1
Satna,2011,1.64927,800,28,70,50,30,6.5,0.5,20,50,1.03626,1
Satna,2012,2.31518,800,28,70,50,30,6.5,0.5,20,50,1.64927,1
Satna,2013,2.29755,800,28,70,50,30,6.5,0.5,20,50,2.31518,1
Satna,2014,1.93587,800,28,70,50,30,6.5,0.5,20,50,2.29755,1
Satna,2015,2.28846,800,28,70,50,30,6.5,0.5,20,50,1.93587,1
Satna,2016,3.27775,800,28,70,50,30,6.5,0.5,20,50,2.28846,1
Satna,2017,2.46061,800,28,70,50,30,6.5,0.5,20,50,3.27775,1
Shahdol,1990,0.77547,800,28,70,50,30,6.5,0.5,20,50,2.46061,1
Shahdol,1991,0.47861000000000004,800,28,70,50,30,6.5,0.5,20,50,0.77547,1
Shahdol,1992,0.67514,800,28,70,50,30,6.5,0.5,20,50,0.47861000000000004,1
Shahdol,1993,0.7878,800,28,70,50,30,6.5,0.5,20,50,0.67514,1
Shahdol,1994,0.99063,800,28,70,50,30,6.5,0.5,20,50,0.7878,1
Shahdol,1995,0.7331599999999999,800,28,70,50,30,6.5,0.5,20,50,0.99063,1
Shahdol,1996,0.77347,800,28,70,50,30,6.5,0.5,20,50,0.7331599999999999,1
Shahdol,1997,0.62561,800,28,70,50,30,6.5,0.5,20,50,0.77347,1
Shahdol,1998,0.69625,800,28,70,50,30,6.5,0.5,20,50,0.62561,1
Shahdol,1999,0.8775,800,28,70,50,30,6.5,0.5,20,50,0.69625,1
Shahdol,2000,0.63967,800,28,70,50,30,6.5,0.5,20,50,0.8775,1
Shahdol,2001,0.84582,800,28,70,50,30,6.5,0.5,20,50,0.63967,1
Shahdol,2002,0.49248000000000003,800,28,70,50,30,6.5,0.5,20,50,0.84582,1
Shahdol,2003,0.7785299999999999,800,28,70,50,30,6.5,0.5,20,50,0.49248000000000003,1
Shahdol,2004,0.56701,800,28,70,50,30,6.5,0.5,20,50,0.7785299999999999,1
Shahdol,2005,0.98385,800,28,70,50,30,6.5,0.5,20,50,0.56701,1
Shahdol,2006,0.82501,800,28,70,50,30,6.5,0.5,20,50,0.98385,1
Shahdol,2007,0.39300999999999997,800,28,70,50,30,6.5,0.5,20,50,0.82501,1
Shahdol,2008,0.59273,800,28,70,50,30,6.5,0.5,20,50,0.39300999999999997,1
Shahdol,2009,0.70297,800,28,70,50,30,6.5,0.5,20,50,0.59273,1
Shahdol,2010,0.95985,800,28,70,50,30,6.5,0.5,20,50,0.70297,1
Shahdol,2011,1.36775,800,28,70,50,30,6.5,0.5,20,50,0.95985,1
Shahdol,2012,1.4895399999999999,800,28,70,50,30,6.5,0.5,20,50,1.36775,1
Shahdol,2013,1.88537,800,28,70,50,30,6.5,0.5,20,50,1.4895399999999999,1
Shahdol,2014,1.8984,800,28,70,50,30,6.5,0.5,20,50,1.88537,1
Shahdol,2015,1.65066,800,28,70,50,30,6.5,0.5,20,50,1.8984,1
Shahdol,2016,2.11348,800,28,70,50,30,6.5,0.5,20,50,1.65066,1
Shahdol,2017,1.62235,800,28,70,50,30,6.5,0.5,20,50,2.11348,1
Gwalior,1990,1.5728199999999999,800,28,70,50,30,6.5,0.5,20,50,1.62235,1
Gwalior,1991,1.5640999999999998,800,28,70,50,30,6.5,0.5,20,50,1.5728199999999999,1
Gwalior,1992,1.9705899999999998,800,28,70,50,30,6.5,0.5,20,50,1.5640999999999998,1
Gwalior,1993,1.9295799999999999,800,28,70,50,30,6.5,0.5,20,50,1.9705899999999998,1
Gwalior,1994,2.32692,800,28,70,50,30,6.5,0.5,20,50,1.9295799999999999,1
Gwalior,1995,1.5855899999999998,800,28,70,50,30,6.5,0.5,20,50,2.32692,1
Gwalior,1996,2.2820500000000004,800,28,70,50,30,6.5,0.5,20,50,1.5855899999999998,1
Gwalior,1997,2.13758,800,28,70,50,30,6.5,0.5,20,50,2.2820500000000004,1
Gwalior,1998,1.73448,800,28,70,50,30,6.5,0.5,20,50,2.13758,1
Gwalior,1999,2.22933,800,28,70,50,30,6.5,0.5,20,50,1.73448,1
Gwalior,2000,2.10026,800,28,70,50,30,6.5,0.5,20,50,2.22933,1
Gwalior,2001,2.27419,800,28,70,50,30,6.5,0.5,20,50,2.10026,1
Gwalior,2002,0.89873,800,28,70,50,30,6.5,0.5,20,50,2.27419,1
Gwalior,2003,2.4630900000000002,800,28,70,50,30,6.5,0.5,20,50,0.89873,1
Gwalior,2004,2.10929,800,28,70,50,30,6.5,0.5,20,50,2.4630900000000002,1
Gwalior,2005,2.31243,800,28,70,50,30,6.5,0.5,20,50,2.10929,1
Gwalior,2006,2.34652,800,28,70,50,30,6.5,0.5,20,50,2.31243,1
Gwalior,2007,0.94786,800,28,70,50,30,6.5,0.5,20,50,2.34652,1
Gwalior,2008,1.7416099999999999,800,28,70,50,30,6.5,0.5,20,50,0.94786,1
Gwalior,2009,2.57619,800,28,70,50,30,6.5,0.5,20,50,1.7416099999999999,1
Gwalior,2010,2.61224,800,28,70,50,30,6.5,0.5,20,50,2.57619,1
Gwalior,2011,3.20461,800,28,70,50,30,6.5,0.5,20,50,2.61224,1
Gwalior,2012,1.81916,800,28,70,50,30,6.5,0.5,20,50,3.20461,1
Gwalior,2013,2.34898,800,28,70,50,30,6.5,0.5,20,50,1.81916,1
Gwalior,2014,2.27204,800,28,70,50,30,6.5,0.5,20,50,2.34898,1
Gwalior,2015,2.83019,800,28,70,50,30,6.5,0.5,20,50,2.27204,1
Gwalior,2016,1.6436199999999999,800,28,70,50,30,6.5,0.5,20,50,2.83019,1
Gwalior,2017,2.88584,800,28,70,50,30,6.5,0.5,20,50,1.6436199999999999,1
Shivpuri,1990,1.16129,800,28,70,50,30,6.5,0.5,20,50,2.88584,1
Shivpuri,1991,0.72549,800,28,70,50,30,6.5,0.5,20,50,1.16129,1
Shivpuri,1992,0.93617,800,28,70,50,30,6.5,0.5,20,50,0.72549,1
Shivpuri,1993,1.07692,800,28,70,50,30,6.5,0.5,20,50,0.93617,1
Shivpuri,1994,0.9534900000000001,800,28,70,50,30,6.5,0.5,20,50,1.07692,1
Shivpuri,1995,0.71429,800,28,70,50,30,6.5,0.5,20,50,0.9534900000000001,1
Shivpuri,1996,1.16667,800,28,70,50,30,6.5,0.5,20,50,0.71429,1
Shivpuri,1997,1.08,800,28,70,50,30,6.5,0.5,20,50,1.16667,1
Shivpuri,1998,1.14286,800,28,70,50,30,6.5,0.5,20,50,1.08,1
Shivpuri,1999,1.28302,800,28,70,50,30,6.5,0.5,20,50,1.14286,1
Shivpuri,2000,0.85937,800,28,70,50,30,6.5,0.5,20,50,1.28302,1
Shivpuri,2001,1.09375,800,28,70,50,30,6.5,0.5,20,50,0.85937,1
Shivpuri,2002,0.40426,800,28,70,50,30,6.5,0.5,20,50,1.09375,1
Shivpuri,2003,1.40984,800,28,70,50,30,6.5,0.5,20,50,0.40426,1
Shivpuri,2004,1.0314100000000002,800,28,70,50,30,6.5,0.5,20,50,1.40984,1
Shivpuri,2005,0.94968,800,28,70,50,30,6.5,0.5,20,50,1.0314100000000002,1
Shivpuri,2006,0.92773,800,28,70,50,30,6.5,0.5,20,50,0.94968,1
Shivpuri,2007,0.50392,800,28,70,50,30,6.5,0.5,20,50,0.92773,1
Shivpuri,2008,0.75125,800,28,70,50,30,6.5,0.5,20,50,0.50392,1
Shivpuri,2009,1.3625,800,28,70,50,30,6.5,0.5,20,50,0.75125,1
Shivpuri,2010,1.59036,800,28,70,50,30,6.5,0.5,20,50,1.3625,1
Shivpuri,2011,1.57778,800,28,70,50,30,6.5,0.5,20,50,1.59036,1
Shivpuri,2012,1.48358,800,28,70,50,30,6.5,0.5,20,50,1.57778,1
Shivpuri,2013,1.1661,800,28,70,50,30,6.5,0.5,20,50,1.48358,1
Shivpuri,2014,1.23786,800,28,70,50,30,6.5,0.5,20,50,1.1661,1
Shivpuri,2015,2.48455,800,28,70,50,30,6.5,0.5,20,50,1.23786,1
Shivpuri,2016,2.80929,800,28,70,50,30,6.5,0.5,20,50,2.48455,1
Shivpuri,2017,2.4545500000000002,800,28,70,50,30,6.5,0.5,20,50,2.80929,1
Guna,1990,0.83333,800,28,70,50,30,6.5,0.5,20,50,2.4545500000000002,1
Guna,1991,0.4375,800,28,70,50,30,6.5,0.5,20,50,0.83333,1
Guna,1992,0.625,800,28,70,50,30,6.5,0.5,20,50,0.4375,1
Guna,1993,0.70588,800,28,70,50,30,6.5,0.5,20,50,0.625,1
Guna,1994,0.8125,800,28,70,50,30,6.5,0.5,20,50,0.70588,1
Guna,1995,0.46667000000000003,800,28,70,50,30,6.5,0.5,20,50,0.8125,1
Guna,1996,0.72727,800,28,70,50,30,6.5,0.5,20,50,0.46667000000000003,1
Guna,1997,0.73333,800,28,70,50,30,6.5,0.5,20,50,0.72727,1
Guna,1998,0.69231,800,28,70,50,30,6.5,0.5,20,50,0.73333,1
Guna,1999,1.0,800,28,70,50,30,6.5,0.5,20,50,0.69231,1
Guna,2000,0.76471,800,28,70,50,30,6.5,0.5,20,50,1.0,1
Guna,2001,0.82353,800,28,70,50,30,6.5,0.5,20,50,0.76471,1
Guna,2002,0.3125,800,28,70,50,30,6.5,0.5,20,50,0.82353,1
Guna,2003,0.9444400000000001,800,28,70,50,30,6.5,0.5,20,50,0.3125,1
Guna,2004,0.83721,800,28,70,50,30,6.5,0.5,20,50,0.9444400000000001,1
Guna,2005,0.7561,800,28,70,50,30,6.5,0.5,20,50,0.83721,1
Guna,2006,0.75625,800,28,70,50,30,6.5,0.5,20,50,0.7561,1
Guna,2007,0.5,800,28,70,50,30,6.5,0.5,20,50,0.75625,1
Guna,2008,0.42143,800,28,70,50,30,6.5,0.5,20,50,0.5,1
Guna,2009,0.84615,800,28,70,50,30,6.5,0.5,20,50,0.42143,1
Guna,2010,1.0,800,28,70,50,30,6.5,0.5,20,50,0.84615,1
Guna,2011,1.14286,800,28,70,50,30,6.5,0.5,20,50,1.0,1
Guna,2012,2.41711,800,28,70,50,30,6.5,0.5,20,50,1.14286,1
Guna,2013,1.65104,800,28,70,50,30,6.5,0.5,20,50,2.41711,1
Guna,2014,2.22,800,28,70,50,30,6.5,0.5,20,50,1.65104,1
Guna,2015,1.5,800,28,70,50,30,6.5,0.5,20,50,2.22,1
Guna,2016,0.0,800,28,70,50,30,6.5,0.5,20,50,1.5,1
Guna,2017,1.59545,800,28,70,50,30,6.5,0.5,20,50,0.0,1
Datia,1990,0.57143,800,28,70,50,30,6.5,0.5,20,50,1.59545,1
Datia,1991,0.5,800,28,70,50,30,6.5,0.5,20,50,0.57143,1
Datia,1992,0.6,800,28,70,50,30,6.5,0.5,20,50,0.5,1
Datia,1993,0.66667,800,28,70,50,30,6.5,0.5,20,50,0.6,1
Datia,1994,0.5,800,28,70,50,30,6.5,0.5,20,50,0.66667,1
Datia,1995,0.75,800,28,70,50,30,6.5,0.5,20,50,0.5,1
Datia,1996,1.5,800,28,70,50,30,6.5,0.5,20,50,0.75,1
Datia,1997,1.16667,800,28,70,50,30,6.5,0.5,20,50,1.5,1
Datia,1998,1.6,800,28,70,50,30,6.5,0.5,20,50,1.16667,1
Datia,1999,1.41667,800,28,70,50,30,6.5,0.5,20,50,1.6,1
Datia,2000,0.95,800,28,70,50,30,6.5,0.5,20,50,1.41667,1
Datia,2001,1.15,800,28,70,50,30,6.5,0.5,20,50,0.95,1
Datia,2002,0.66667,800,28,70,50,30,6.5,0.5,20,50,1.15,1
Datia,2003,1.42857,800,28,70,50,30,6.5,0.5,20,50,0.66667,1
Datia,2004,0.65714,800,28,70,50,30,6.5,0.5,20,50,1.42857,1
Datia,2005,0.94643,800,28,70,50,30,6.5,0.5,20,50,0.65714,1
Datia,2006,0.84247,800,28,70,50,30,6.5,0.5,20,50,0.94643,1
Datia,2007,0.61333,800,28,70,50,30,6.5,0.5,20,50,0.84247,1
Datia,2008,0.825,800,28,70,50,30,6.5,0.5,20,50,0.61333,1
Datia,2009,1.16279,800,28,70,50,30,6.5,0.5,20,50,0.825,1
Datia,2010,1.2456099999999999,800,28,70,50,30,6.5,0.5,20,50,1.16279,1
Datia,2011,1.24,800,28,70,50,30,6.5,0.5,20,50,1.2456099999999999,1
Datia,2012,2.0457899999999998,800,28,70,50,30,6.5,0.5,20,50,1.24,1
Datia,2013,1.14498,800,28,70,50,30,6.5,0.5,20,50,2.0457899999999998,1
Datia,2014,0.9776699999999999,800,28,70,50,30,6.5,0.5,20,50,1.14498,1
Datia,2015,1.7142899999999999,800,28,70,50,30,6.5,0.5,20,50,0.9776699999999999,1
Datia,2016,2.1564699999999997,800,28,70,50,30,6.5,0.5,20,50,1.7142899999999999,1
Datia,2017,1.8180699999999999,800,28,70,50,30,6.5,0.5,20,50,2.1564699999999997,1
Morena,1990,1.83333,800,28,70,50,30,6.5,0.5,20,50,1.8180699999999999,1
Morena,1991,2.9545500000000002,800,28,70,50,30,6.5,0.5,20,50,1.83333,1
Morena,1992,2.05714,800,28,70,50,30,6.5,0.5,20,50,2.9545500000000002,1
Morena,1993,1.7741900000000002,800,28,70,50,30,6.5,0.5,20,50,2.05714,1
Morena,1994,1.9428599999999998,800,28,70,50,30,6.5,0.5,20,50,1.7741900000000002,1
Morena,1995,1.3871,800,28,70,50,30,6.5,0.5,20,50,1.9428599999999998,1
Morena,1996,2.42308,800,28,70,50,30,6.5,0.5,20,50,1.3871,1
Morena,1997,1.88462,800,28,70,50,30,6.5,0.5,20,50,2.42308,1
Morena,1998,2.44186,800,28,70,50,30,6.5,0.5,20,50,1.88462,1
Morena,1999,2.63043,800,28,70,50,30,6.5,0.5,20,50,2.44186,1
Morena,2000,1.3625,800,28,70,50,30,6.5,0.5,20,50,2.63043,1
Morena,2001,2.2432399999999997,800,28,70,50,30,6.5,0.5,20,50,1.3625,1
Morena,2002,0.9259299999999999,800,28,70,50,30,6.5,0.5,20,50,2.2432399999999997,1
Morena,2003,2.575,800,28,70,50,30,6.5,0.5,20,50,0.9259299999999999,1
Morena,2004,1.72022,800,28,70,50,30,6.5,0.5,20,50,2.575,1
Morena,2005,1.88264,800,28,70,50,30,6.5,0.5,20,50,1.72022,1
Morena,2006,2.23557,800,28,70,50,30,6.5,0.5,20,50,1.88264,1
Morena,2007,2.475,800,28,70,50,30,6.5,0.5,20,50,2.23557,1
Morena,2008,1.56667,800,28,70,50,30,6.5,0.5,20,50,2.475,1
Morena,2009,2.49505,800,28,70,50,30,6.5,0.5,20,50,1.56667,1
Morena,2010,2.9690700000000003,800,28,70,50,30,6.5,0.5,20,50,2.49505,1
Morena,2011,2.97351,800,28,70,50,30,6.5,0.5,20,50,2.9690700000000003,1
Morena,2012,3.69584,800,28,70,50,30,6.5,0.5,20,50,2.97351,1
Morena,2013,3.63998,800,28,70,50,30,6.5,0.5,20,50,3.69584,1
Morena,2014,2.3,800,28,70,50,30,6.5,0.5,20,50,3.63998,1
Morena,2015,3.5,800,28,70,50,30,6.5,0.5,20,50,2.3,1
Morena,2016,2.45579,800,28,70,50,30,6.5,0.5,20,50,3.5,1
Morena,2017,2.80841,800,28,70,50,30,6.5,0.5,20,50,2.45579,1
Bhind,1990,1.71698,800,28,70,50,30,6.5,0.5,20,50,2.80841,1
Bhind,1991,2.4408600000000003,800,28,70,50,30,6.5,0.5,20,50,1.71698,1
Bhind,1992,2.03738,800,28,70,50,30,6.5,0.5,20,50,2.4408600000000003,1
Bhind,1993,1.75,800,28,70,50,30,6.5,0.5,20,50,2.03738,1
Bhind,1994,1.8703699999999999,800,28,70,50,30,6.5,0.5,20,50,1.75,1
Bhind,1995,1.84426,800,28,70,50,30,6.5,0.5,20,50,1.8703699999999999,1
Bhind,1996,2.51429,800,28,70,50,30,6.5,0.5,20,50,1.84426,1
Bhind,1997,1.2,800,28,70,50,30,6.5,0.5,20,50,2.51429,1
Bhind,1998,2.46377,800,28,70,50,30,6.5,0.5,20,50,1.2,1
Bhind,1999,2.1678800000000003,800,28,70,50,30,6.5,0.5,20,50,2.46377,1
Bhind,2000,0.94286,800,28,70,50,30,6.5,0.5,20,50,2.1678800000000003,1
Bhind,2001,2.13376,800,28,70,50,30,6.5,0.5,20,50,0.94286,1
Bhind,2002,2.32787,800,28,70,50,30,6.5,0.5,20,50,2.13376,1
Bhind,2003,2.69231,800,28,70,50,30,6.5,0.5,20,50,2.32787,1
Bhind,2004,2.2777800000000004,800,28,70,50,30,6.5,0.5,20,50,2.69231,1
Bhind,2005,2.10188,800,28,70,50,30,6.5,0.5,20,50,2.2777800000000004,1
Bhind,2006,2.02439,800,28,70,50,30,6.5,0.5,20,50,2.10188,1
Bhind,2007,1.33333,800,28,70,50,30,6.5,0.5,20,50,2.02439,1
Bhind,2008,1.1465999999999998,800,28,70,50,30,6.5,0.5,20,50,1.33333,1
Bhind,2009,2.1875,800,28,70,50,30,6.5,0.5,20,50,1.1465999999999998,1
Bhind,2010,2.73214,800,28,70,50,30,6.5,0.5,20,50,2.1875,1
Bhind,2011,3.25,800,28,70,50,30,6.5,0.5,20,50,2.73214,1
Bhind,2012,2.6991300000000003,800,28,70,50,30,6.5,0.5,20,50,3.25,1
Bhind,2013,4.33542,800,28,70,50,30,6.5,0.5,20,50,2.6991300000000003,1
Bhind,2014,3.445,800,28,70,50,30,6.5,0.5,20,50,4.33542,1
Bhind,2015,4.555,800,28,70,50,30,6.5,0.5,20,50,3.445,1
Bhind,2016,2.19,800,28,70,50,30,6.5,0.5,20,50,4.555,1
Bhind,2017,1.92,800,28,70,50,30,6.5,0.5,20,50,2.19,1
Indore,1990,1.0,800,28,70,50,30,6.5,0.5,20,50,1.92,1
Indore,1991,1.0,800,28,70,50,30,6.5,0.5,20,50,1.0,1
Indore,1992,1.0,800,28,70,50,30,6.5,0.5,20,50,1.0,1
Indore,1993,0.5,800,28,70,50,30,6.5,0.5,20,50,1.0,1
Indore,1994,0.0,800,28,70,50,30,6.5,0.5,20,50,0.5,1
Indore,1995,0.0,800,28,70,50,30,6.5,0.5,20,50,0.0,1
Indore,1996,0.0,800,28,70,50,30,6.5,0.5,20,50,0.0,1
Indore,1997,0.0,800,28,70,50,30,6.5,0.5,20,50,0.0,1
Indore,1998,0.0,800,28,70,50,30,6.5,0.5,20,50,0.0,1
Indore,1999,0.0,800,28,70,50,30,6.5,0.5,20,50,0.0,1
Indore,2000,0.0,800,28,70,50,30,6.5,0.5,20,50,0.0,1
Indore,2001,0.0,800,28,70,50,30,6.5,0.5,20,50,0.0,1
Indore,2002,0.0,800,28,70,50,30,6.5,0.5,20,50,0.0,1
Indore,2003,0.0,800,28,70,50,30,6.5,0.5,20,50,0.0,1
Indore,2004,0.33332999999999996,800,28,70,50,30,6.5,0.5,20,50,0.0,1
Indore,2005,0.5,800,28,70,50,30,6.5,0.5,20,50,0.33332999999999996,1
Indore,2006,0.5,800,28,70,50,30,6.5,0.5,20,50,0.5,1
Indore,2007,0.0,800,28,70,50,30,6.5,0.5,20,50,0.5,1
Indore,2008,0.0,800,28,70,50,30,6.5,0.5,20,50,0.0,1
Indore,2009,0.0,800,28,70,50,30,6.5,0.5,20,50,0.0,1
Indore,2010,0.0,800,28,70,50,30,6.5,0.5,20,50,0.0,1
Indore,2011,0.0,800,28,70,50,30,6.5,0.5,20,50,0.0,1
Indore,2012,0.0,800,28,70,50,30,6.5,0.5,20,50,0.0,1
Indore,2013,0.0,800,28,70,50,30,6.5,0.5,20,50,0.0,1
Indore,2014,0.0,800,28,70,50,30,6.5,0.5,20,50,0.0,1
Indore,2015,0.0,800,28,70,50,30,6.5,0.5,20,50,0.0,1
Indore,2016,0.0,800,28,70,50,30,6.5,0.5,20,50,0.0,1
Indore,2017,2.26667,800,28,70,50,30,6.5,0.5,20,50,0.0,1
Ratlam,1990,0.6,800,28,70,50,30,6.5,0.5,20,50,2.26667,1
Ratlam,1991,0.5625,800,28,70,50,30,6.5,0.5,20,50,0.6,1
Ratlam,1992,0.52778,800,28,70,50,30,6.5,0.5,20,50,0.5625,1
Ratlam,1993,0.67568,800,28,70,50,30,6.5,0.5,20,50,0.52778,1
Ratlam,1994,0.6944400000000001,800,28,70,50,30,6.5,0.5,20,50,0.67568,1
Ratlam,1995,0.48571,800,28,70,50,30,6.5,0.5,20,50,0.6944400000000001,1
Ratlam,1996,0.68571,800,28,70,50,30,6.5,0.5,20,50,0.48571,1
Ratlam,1997,0.67568,800,28,70,50,30,6.5,0.5,20,50,0.68571,1
Ratlam,1998,0.72222,800,28,70,50,30,6.5,0.5,20,50,0.67568,1
Ratlam,1999,0.82353,800,28,70,50,30,6.5,0.5,20,50,0.72222,1
Ratlam,2000,0.39286,800,28,70,50,30,6.5,0.5,20,50,0.82353,1
Ratlam,2001,0.5,800,28,70,50,30,6.5,0.5,20,50,0.39286,1
Ratlam,2002,0.53571,800,28,70,50,30,6.5,0.5,20,50,0.5,1
Ratlam,2003,0.7037,800,28,70,50,30,6.5,0.5,20,50,0.53571,1
Ratlam,2004,0.52915,800,28,70,50,30,6.5,0.5,20,50,0.7037,1
Ratlam,2005,0.72112,800,28,70,50,30,6.5,0.5,20,50,0.52915,1
Ratlam,2006,0.73272,800,28,70,50,30,6.5,0.5,20,50,0.72112,1
Ratlam,2007,0.47143,800,28,70,50,30,6.5,0.5,20,50,0.73272,1
Ratlam,2008,0.47778,800,28,70,50,30,6.5,0.5,20,50,0.47143,1
Ratlam,2009,0.72222,800,28,70,50,30,6.5,0.5,20,50,0.47778,1
Ratlam,2010,0.76471,800,28,70,50,30,6.5,0.5,20,50,0.72222,1
Ratlam,2011,0.94737,800,28,70,50,30,6.5,0.5,20,50,0.76471,1
Ratlam,2012,1.13971,800,28,70,50,30,6.5,0.5,20,50,0.94737,1
Ratlam,2013,1.20155,800,28,70,50,30,6.5,0.5,20,50,1.13971,1
Ratlam,2014,0.0,800,28,70,50,30,6.5,0.5,20,50,1.20155,1
Ratlam,2015,0.0,800,28,70,50,30,6.5,0.5,20,50,0.0,1
Ratlam,2016,0.66,800,28,70,50,30,6.5,0.5,20,50,0.0,1
Ratlam,2017,0.0,800,28,70,50,30,6.5,0.5,20,50,0.66,1
Ujjain,1990,1.0,800,28,70,50,30,6.5,0.5,20,50,0.0,1
Ujjain,1991,1.0,800,28,70,50,30,6.5,0.5,20,50,1.0,1
Ujjain,1992,0.0,800,28,70,50,30,6.5,0.5,20,50,1.0,1
Ujjain,1993,0.0,800,28,70,50,30,6.5,0.5,20,50,0.0,1
Ujjain,1994,0.0,800,28,70,50,30,6.5,0.5,20,50,0.0,1
Ujjain,1995,0.0,800,28,70,50,30,6.5,0.5,20,50,0.0,1
Ujjain,1996,0.0,800,28,70,50,30,6.5,0.5,20,50,0.0,1
Ujjain,1997,0.0,800,28,70,50,30,6.5,0.5,20,50,0.0,1
Ujjain,1998,0.0,800,28,70,50,30,6.5,0.5,20,50,0.0,1
Ujjain,1999,0.0,800,28,70,50,30,6.5,0.5,20,50,0.0,1
Ujjain,2000,0.0,800,28,70,50,30,6.5,0.5,20,50,0.0,1
Ujjain,2001,0.0,800,28,70,50,30,6.5,0.5,20,50,0.0,1
Ujjain,2002,0.0,800,28,70,50,30,6.5,0.5,20,50,0.0,1
Ujjain,2003,0.0,800,28,70,50,30,6.5,0.5,20,50,0.0,1
Ujjain,2004,0.5,800,28,70,50,30,6.5,0.5,20,50,0.0,1
Ujjain,2005,0.0,800,28,70,50,30,6.5,0.5,20,50,0.5,1
Ujjain,2006,0.0,800,28,70,50,30,6.5,0.5,20,50,0.0,1
Ujjain,2007,0.0,800,28,70,50,30,6.5,0.5,20,50,0.0,1
Ujjain,2008,0.0,800,28,70,50,30,6.5,0.5,20,50,0.0,1
Ujjain,2009,0.0,800,28,70,50,30,6.5,0.5,20,50,0.0,1
Ujjain,2010,0.0,800,28,70,50,30,6.5,0.5,20,50,0.0,1
Ujjain,2011,0.0,800,28,70,50,30,6.5,0.5,20,50,0.0,1
Ujjain,2012,0.0,800,28,70,50,30,6.5,0.5,20,50,0.0,1
Ujjain,2013,0.0,800,28,70,50,30,6.5,0.5,20,50,0.0,1
Ujjain,2014,0.0,800,28,70,50,30,6.5,0.5,20,50,0.0,1
Ujjain,2015,0.0,800,28,70,50,30,6.5,0.5,20,50,0.0,1
Ujjain,2016,0.0,800,28,70,50,30,6.5,0.5,20,50,0.0,1
Ujjain,2017,1.9,800,28,70,50,30,6.5,0.5,20,50,0.0,1
Mandsaur,1990,1.0,800,28,70,50,30,6.5,0.5,20,50,1.9,1
Mandsaur,1991,1.0,800,28,70,50,30,6.5,0.5,20,50,1.0,1
Mandsaur,1992,0.0,800,28,70,50,30,6.5,0.5,20,50,1.0,1
Mandsaur,1993,0.0,800,28,70,50,30,6.5,0.5,20,50,0.0,1
Mandsaur,1994,0.0,800,28,70,50,30,6.5,0.5,20,50,0.0,1
Mandsaur,1995,1.0,800,28,70,50,30,6.5,0.5,20,50,0.0,1
Mandsaur,1996,1.0,800,28,70,50,30,6.5,0.5,20,50,1.0,1
Mandsaur,1997,0.0,800,28,70,50,30,6.5,0.5,20,50,1.0,1
Mandsaur,1998,0.0,800,28,70,50,30,6.5,0.5,20,50,0.0,1
Mandsaur,1999,0.0,800,28,70,50,30,6.5,0.5,20,50,0.0,1
Mandsaur,2000,0.0,800,28,70,50,30,6.5,0.5,20,50,0.0,1
Mandsaur,2001,0.0,800,28,70,50,30,6.5,0.5,20,50,0.0,1
Mandsaur,2002,0.0,800,28,70,50,30,6.5,0.5,20,50,0.0,1
Mandsaur,2003,0.0,800,28,70,50,30,6.5,0.5,20,50,0.0,1
Mandsaur,2004,0.5,800,28,70,50,30,6.5,0.5,20,50,0.0,1
Mandsaur,2005,0.33332999999999996,800,28,70,50,30,6.5,0.5,20,50,0.5,1
Mandsaur,2006,0.33332999999999996,800,28,70,50,30,6.5,0.5,20,50,0.33332999999999996,1
Mandsaur,2007,0.0,800,28,70,50,30,6.5,0.5,20,50,0.33332999999999996,1
Mandsaur,2008,0.0,800,28,70,50,30,6.5,0.5,20,50,0.0,1
Mandsaur,2009,0.0,800,28,70,50,30,6.5,0.5,20,50,0.0,1
Mandsaur,2010,0.0,800,28,70,50,30,6.5,0.5,20,50,0.0,1
Mandsaur,2011,0.0,800,28,70,50,30,6.5,0.5,20,50,0.0,1
Mandsaur,2012,0.5,800,28,70,50,30,6.5,0.5,20,50,0.0,1
Mandsaur,2013,0.25,800,28,70,50,30,6.5,0.5,20,50,0.5,1
Mandsaur,2014,0.0,800,28,70,50,30,6.5,0.5,20,50,0.25,1
Mandsaur,2015,0.0,800,28,70,50,30,6.5,0.5,20,50,0.0,1
Mandsaur,2016,0.0,800,28,70,50,30,6.5,0.5,20,50,0.0,1
Mandsaur,2017,2.2,800,28,70,50,30,6.5,0.5,20,50,0.0,1
Dewas,1990,0.63636,800,28,70,50,30,6.5,0.5,20,50,2.2,1
Dewas,1991,0.54545,800,28,70,50,30,6.5,0.5,20,50,0.63636,1
Dewas,1992,0.6,800,28,70,50,30,6.5,0.5,20,50,0.54545,1
Dewas,1993,0.6,800,28,70,50,30,6.5,0.5,20,50,0.6,1
Dewas,1994,0.6,800,28,70,50,30,6.5,0.5,20,50,0.6,1
Dewas,1995,0.44444,800,28,70,50,30,6.5,0.5,20,50,0.6,1
Dewas,1996,0.6,800,28,70,50,30,6.5,0.5,20,50,0.44444,1
Dewas,1997,0.71429,800,28,70,50,30,6.5,0.5,20,50,0.6,1
Dewas,1998,0.71429,800,28,70,50,30,6.5,0.5,20,50,0.71429,1
Dewas,1999,0.75,800,28,70,50,30,6.5,0.5,20,50,0.71429,1
Dewas,2000,0.5,800,28,70,50,30,6.5,0.5,20,50,0.75,1
Dewas,2001,0.625,800,28,70,50,30,6.5,0.5,20,50,0.5,1
Dewas,2002,0.5,800,28,70,50,30,6.5,0.5,20,50,0.625,1
Dewas,2003,0.625,800,28,70,50,30,6.5,0.5,20,50,0.5,1
Dewas,2004,0.5942000000000001,800,28,70,50,30,6.5,0.5,20,50,0.625,1
Dewas,2005,0.51667,800,28,70,50,30,6.5,0.5,20,50,0.5942000000000001,1
Dewas,2006,0.53704,800,28,70,50,30,6.5,0.5,20,50,0.51667,1
Dewas,2007,0.43333,800,28,70,50,30,6.5,0.5,20,50,0.53704,1
Dewas,2008,0.5,800,28,70,50,30,6.5,0.5,20,50,0.43333,1
Dewas,2009,1.0,800,28,70,50,30,6.5,0.5,20,50,0.5,1
Dewas,2010,1.0,800,28,70,50,30,6.5,0.5,20,50,1.0,1
Dewas,2011,1.0,800,28,70,50,30,6.5,0.5,20,50,1.0,1
Dewas,2012,0.85714,800,28,70,50,30,6.5,0.5,20,50,1.0,1
Dewas,2013,0.72727,800,28,70,50,30,6.5,0.5,20,50,0.85714,1
Dewas,2014,0.67,800,28,70,50,30,6.5,0.5,20,50,0.72727,1
Dewas,2015,0.0,800,28,70,50,30,6.5,0.5,20,50,0.67,1
Dewas,2016,0.0,800,28,70,50,30,6.5,0.5,20,50,0.0,1
Dewas,2017,0.73,800,28,70,50,30,6.5,0.5,20,50,0.0,1
Dhar,1990,0.72,800,28,70,50,30,6.5,0.5,20,50,0.73,1
Dhar,1991,0.38235,800,28,70,50,30,6.5,0.5,20,50,0.72,1
Dhar,1992,0.5652200000000001,800,28,70,50,30,6.5,0.5,20,50,0.38235,1
Dhar,1993,0.6521699999999999,800,28,70,50,30,6.5,0.5,20,50,0.5652200000000001,1
Dhar,1994,0.71739,800,28,70,50,30,6.5,0.5,20,50,0.6521699999999999,1
Dhar,1995,0.4186,800,28,70,50,30,6.5,0.5,20,50,0.71739,1
Dhar,1996,0.65854,800,28,70,50,30,6.5,0.5,20,50,0.4186,1
Dhar,1997,0.58974,800,28,70,50,30,6.5,0.5,20,50,0.65854,1
Dhar,1998,0.72973,800,28,70,50,30,6.5,0.5,20,50,0.58974,1
Dhar,1999,0.56667,800,28,70,50,30,6.5,0.5,20,50,0.72973,1
Dhar,2000,0.27586,800,28,70,50,30,6.5,0.5,20,50,0.56667,1
Dhar,2001,0.39286,800,28,70,50,30,6.5,0.5,20,50,0.27586,1
Dhar,2002,0.51852,800,28,70,50,30,6.5,0.5,20,50,0.39286,1
Dhar,2003,0.76923,800,28,70,50,30,6.5,0.5,20,50,0.51852,1
Dhar,2004,0.51915,800,28,70,50,30,6.5,0.5,20,50,0.76923,1
Dhar,2005,0.52212,800,28,70,50,30,6.5,0.5,20,50,0.51915,1
Dhar,2006,0.56452,800,28,70,50,30,6.5,0.5,20,50,0.52212,1
Dhar,2007,0.38824000000000003,800,28,70,50,30,6.5,0.5,20,50,0.56452,1
Dhar,2008,0.37857,800,28,70,50,30,6.5,0.5,20,50,0.38824000000000003,1
Dhar,2009,0.58333,800,28,70,50,30,6.5,0.5,20,50,0.37857,1
Dhar,2010,0.75,800,28,70,50,30,6.5,0.5,20,50,0.58333,1
Dhar,2011,0.84615,800,28,70,50,30,6.5,0.5,20,50,0.75,1
Dhar,2012,0.86842,800,28,70,50,30,6.5,0.5,20,50,0.84615,1
Dhar,2013,0.75758,800,28,70,50,30,6.5,0.5,20,50,0.86842,1
Dhar,2014,0.67,800,28,70,50,30,6.5,0.5,20,50,0.75758,1
Dhar,2015,0.0,800,28,70,50,30,6.5,0.5,20,50,0.67,1
Dhar,2016,0.0,800,28,70,50,30,6.5,0.5,20,50,0.0,1
Dhar,2017,1.44247,800,28,70,50,30,6.5,0.5,20,50,0.0,1
Jhabua,1990,0.6123200000000001,800,28,70,50,30,6.5,0.5,20,50,1.44247,1
Jhabua,1991,0.31959,800,28,70,50,30,6.5,0.5,20,50,0.6123200000000001,1
Jhabua,1992,0.44086000000000003,800,28,70,50,30,6.5,0.5,20,50,0.31959,1
Jhabua,1993,0.49822000000000005,800,28,70,50,30,6.5,0.5,20,50,0.44086000000000003,1
Jhabua,1994,0.67007,800,28,70,50,30,6.5,0.5,20,50,0.49822000000000005,1
Jhabua,1995,0.29856,800,28,70,50,30,6.5,0.5,20,50,0.67007,1
Jhabua,1996,0.58156,800,28,70,50,30,6.5,0.5,20,50,0.29856,1
Jhabua,1997,0.61314,800,28,70,50,30,6.5,0.5,20,50,0.58156,1
Jhabua,1998,0.60837,800,28,70,50,30,6.5,0.5,20,50,0.61314,1
Jhabua,1999,0.6944400000000001,800,28,70,50,30,6.5,0.5,20,50,0.60837,1
Jhabua,2000,0.13502,800,28,70,50,30,6.5,0.5,20,50,0.6944400000000001,1
Jhabua,2001,0.20444,800,28,70,50,30,6.5,0.5,20,50,0.13502,1
Jhabua,2002,0.43577999999999995,800,28,70,50,30,6.5,0.5,20,50,0.20444,1
Jhabua,2003,0.65179,800,28,70,50,30,6.5,0.5,20,50,0.43577999999999995,1
Jhabua,2004,0.56539,800,28,70,50,30,6.5,0.5,20,50,0.65179,1
Jhabua,2005,0.46177999999999997,800,28,70,50,30,6.5,0.5,20,50,0.56539,1
Jhabua,2006,0.46264999999999995,800,28,70,50,30,6.5,0.5,20,50,0.46177999999999997,1
Jhabua,2007,0.36184,800,28,70,50,30,6.5,0.5,20,50,0.46264999999999995,1
Jhabua,2008,0.34064,800,28,70,50,30,6.5,0.5,20,50,0.36184,1
Jhabua,2009,0.39216,800,28,70,50,30,6.5,0.5,20,50,0.34064,1
Jhabua,2010,0.6834199999999999,800,28,70,50,30,6.5,0.5,20,50,0.39216,1
Jhabua,2011,0.70813,800,28,70,50,30,6.5,0.5,20,50,0.6834199999999999,1
Jhabua,2012,0.5079,800,28,70,50,30,6.5,0.5,20,50,0.70813,1
Jhabua,2013,1.29224,800,28,70,50,30,6.5,0.5,20,50,0.5079,1
Jhabua,2014,0.70875,800,28,70,50,30,6.5,0.5,20,50,1.29224,1
Jhabua,2015,0.7553300000000001,800,28,70,50,30,6.5,0.5,20,50,0.70875,1
Jhabua,2016,1.17588,800,28,70,50,30,6.5,0.5,20,50,0.7553300000000001,1
Jhabua,2017,1.23037,800,28,70,50,30,6.5,0.5,20,50,1.17588,1
Khargone / West Nimar,1990,0.656,800,28,70,50,30,6.5,0.5,20,50,1.23037,1
Khargone / West Nimar,1991,0.51908,800,28,70,50,30,6.5,0.5,20,50,0.656,1
Khargone / West Nimar,1992,0.53175,800,28,70,50,30,6.5,0.5,20,50,0.51908,1
Khargone / West Nimar,1993,0.61417,800,28,70,50,30,6.5,0.5,20,50,0.53175,1
Khargone / West Nimar,1994,0.63866,800,28,70,50,30,6.5,0.5,20,50,0.61417,1
Khargone / West Nimar,1995,0.37594,800,28,70,50,30,6.5,0.5,20,50,0.63866,1
Khargone / West Nimar,1996,0.66957,800,28,70,50,30,6.5,0.5,20,50,0.37594,1
Khargone / West Nimar,1997,0.61538,800,28,70,50,30,6.5,0.5,20,50,0.66957,1
Khargone / West Nimar,1998,0.63,800,28,70,50,30,6.5,0.5,20,50,0.61538,1
Khargone / West Nimar,1999,0.49485,800,28,70,50,30,6.5,0.5,20,50,0.63,1
Khargone / West Nimar,2000,0.25843,800,28,70,50,30,6.5,0.5,20,50,0.49485,1
Khargone / West Nimar,2001,0.4,800,28,70,50,30,6.5,0.5,20,50,0.25843,1
Khargone / West Nimar,2002,0.50617,800,28,70,50,30,6.5,0.5,20,50,0.4,1
Khargone / West Nimar,2003,0.62821,800,28,70,50,30,6.5,0.5,20,50,0.50617,1
Khargone / West Nimar,2004,0.42857,800,28,70,50,30,6.5,0.5,20,50,0.62821,1
Khargone / West Nimar,2005,0.40729000000000004,800,28,70,50,30,6.5,0.5,20,50,0.42857,1
Khargone / West Nimar,2006,0.51987,800,28,70,50,30,6.5,0.5,20,50,0.40729000000000004,1
Khargone / West Nimar,2007,0.3875,800,28,70,50,30,6.5,0.5,20,50,0.51987,1
Khargone / West Nimar,2008,0.34908999999999996,800,28,70,50,30,6.5,0.5,20,50,0.3875,1
Khargone / West Nimar,2009,0.49019999999999997,800,28,70,50,30,6.5,0.5,20,50,0.34908999999999996,1
Khargone / West Nimar,2010,0.76744,800,28,70,50,30,6.5,0.5,20,50,0.49019999999999997,1
Khargone / West Nimar,2011,0.8055599999999999,800,28,70,50,30,6.5,0.5,20,50,0.76744,1
Khargone / West Nimar,2012,0.79935,800,28,70,50,30,6.5,0.5,20,50,0.8055599999999999,1
Khargone / West Nimar,2013,0.42756,800,28,70,50,30,6.5,0.5,20,50,0.79935,1
Khargone / West Nimar,2014,2.0,800,28,70,50,30,6.5,0.5,20,50,0.42756,1
Khargone / West Nimar,2015,0.335,800,28,70,50,30,6.5,0.5,20,50,2.0,1
Khargone / West Nimar,2016,0.66,800,28,70,50,30,6.5,0.5,20,50,0.335,1
Khargone / West Nimar,2017,1.1,800,28,70,50,30,6.5,0.5,20,50,0.66,1
Khandwa / East Nimar,1990,0.9418200000000001,800,28,70,50,30,6.5,0.5,20,50,1.1,1
Khandwa / East Nimar,1991,0.78361,800,28,70,50,30,6.5,0.5,20,50,0.9418200000000001,1
Khandwa / East Nimar,1992,0.6494800000000001,800,28,70,50,30,6.5,0.5,20,50,0.78361,1
Khandwa / East Nimar,1993,0.87018,800,28,70,50,30,6.5,0.5,20,50,0.6494800000000001,1
Khandwa / East Nimar,1994,0.77586,800,28,70,50,30,6.5,0.5,20,50,0.87018,1
Khandwa / East Nimar,1995,0.6,800,28,70,50,30,6.5,0.5,20,50,0.77586,1
Khandwa / East Nimar,1996,0.94585,800,28,70,50,30,6.5,0.5,20,50,0.6,1
Khandwa / East Nimar,1997,1.03529,800,28,70,50,30,6.5,0.5,20,50,0.94585,1
Khandwa / East Nimar,1998,0.98718,800,28,70,50,30,6.5,0.5,20,50,1.03529,1
Khandwa / East Nimar,1999,1.15745,800,28,70,50,30,6.5,0.5,20,50,0.98718,1
Khandwa / East Nimar,2000,0.5905199999999999,800,28,70,50,30,6.5,0.5,20,50,1.15745,1
Khandwa / East Nimar,2001,0.76754,800,28,70,50,30,6.5,0.5,20,50,0.5905199999999999,1
Khandwa / East Nimar,2002,0.7584500000000001,800,28,70,50,30,6.5,0.5,20,50,0.76754,1
Khandwa / East Nimar,2003,1.05729,800,28,70,50,30,6.5,0.5,20,50,0.7584500000000001,1
Khandwa / East Nimar,2004,0.8687699999999999,800,28,70,50,30,6.5,0.5,20,50,1.05729,1
Khandwa / East Nimar,2005,0.91246,800,28,70,50,30,6.5,0.5,20,50,0.8687699999999999,1
Khandwa / East Nimar,2006,1.0246300000000002,800,28,70,50,30,6.5,0.5,20,50,0.91246,1
Khandwa / East Nimar,2007,0.7496,800,28,70,50,30,6.5,0.5,20,50,1.0246300000000002,1
Khandwa / East Nimar,2008,0.67083,800,28,70,50,30,6.5,0.5,20,50,0.7496,1
Khandwa / East Nimar,2009,0.82692,800,28,70,50,30,6.5,0.5,20,50,0.67083,1
Khandwa / East Nimar,2010,1.36047,800,28,70,50,30,6.5,0.5,20,50,0.82692,1
Khandwa / East Nimar,2011,1.23684,800,28,70,50,30,6.5,0.5,20,50,1.36047,1
Khandwa / East Nimar,2012,1.51569,800,28,70,50,30,6.5,0.5,20,50,1.23684,1
Khandwa / East Nimar,2013,0.80328,800,28,70,50,30,6.5,0.5,20,50,1.51569,1
Khandwa / East Nimar,2014,1.25,800,28,70,50,30,6.5,0.5,20,50,0.80328,1
Khandwa / East Nimar,2015,0.47570999999999997,800,28,70,50,30,6.5,0.5,20,50,1.25,1
Khandwa / East Nimar,2016,0.91625,800,28,70,50,30,6.5,0.5,20,50,0.47570999999999997,1
Khandwa / East Nimar,2017,0.57385,800,28,70,50,30,6.5,0.5,20,50,0.91625,1
Sehore,1990,0.8139500000000001,800,28,70,50,30,6.5,0.5,20,50,0.57385,1
Sehore,1991,0.85,800,28,70,50,30,6.5,0.5,20,50,0.8139500000000001,1
Sehore,1992,0.75676,800,28,70,50,30,6.5,0.5,20,50,0.85,1
Sehore,1993,0.80645,800,28,70,50,30,6.5,0.5,20,50,0.75676,1
Sehore,1994,0.88,800,28,70,50,30,6.5,0.5,20,50,0.80645,1
Sehore,1995,0.5,800,28,70,50,30,6.5,0.5,20,50,0.88,1
Sehore,1996,0.73913,800,28,70,50,30,6.5,0.5,20,50,0.5,1
Sehore,1997,0.58333,800,28,70,50,30,6.5,0.5,20,50,0.73913,1
Sehore,1998,0.95833,800,28,70,50,30,6.5,0.5,20,50,0.58333,1
Sehore,1999,0.875,800,28,70,50,30,6.5,0.5,20,50,0.95833,1
Sehore,2000,0.54167,800,28,70,50,30,6.5,0.5,20,50,0.875,1
Sehore,2001,0.6521699999999999,800,28,70,50,30,6.5,0.5,20,50,0.54167,1
Sehore,2002,0.69565,800,28,70,50,30,6.5,0.5,20,50,0.6521699999999999,1
Sehore,2003,0.7619,800,28,70,50,30,6.5,0.5,20,50,0.69565,1
Sehore,2004,0.7,800,28,70,50,30,6.5,0.5,20,50,0.7619,1
Sehore,2005,0.66316,800,28,70,50,30,6.5,0.5,20,50,0.7,1
Sehore,2006,0.6649700000000001,800,28,70,50,30,6.5,0.5,20,50,0.66316,1
Sehore,2007,0.5,800,28,70,50,30,6.5,0.5,20,50,0.6649700000000001,1
Sehore,2008,0.50392,800,28,70,50,30,6.5,0.5,20,50,0.5,1
Sehore,2009,1.0,800,28,70,50,30,6.5,0.5,20,50,0.50392,1
Sehore,2010,1.09091,800,28,70,50,30,6.5,0.5,20,50,1.0,1
Sehore,2011,1.68702,800,28,70,50,30,6.5,0.5,20,50,1.09091,1
Sehore,2012,2.55117,800,28,70,50,30,6.5,0.5,20,50,1.68702,1
Sehore,2013,3.0683800000000003,800,28,70,50,30,6.5,0.5,20,50,2.55117,1
Sehore,2014,3.20283,800,28,70,50,30,6.5,0.5,20,50,3.0683800000000003,1
Sehore,2015,3.53545,800,28,70,50,30,6.5,0.5,20,50,3.20283,1
Sehore,2016,3.9445799999999998,800,28,70,50,30,6.5,0.5,20,50,3.53545,1
Sehore,2017,1.97503,800,28,70,50,30,6.5,0.5,20,50,3.9445799999999998,1
Raisen,1990,0.8,800,28,70,50,30,6.5,0.5,20,50,1.97503,1
Raisen,1991,0.9411799999999999,800,28,70,50,30,6.5,0.5,20,50,0.8,1
Raisen,1992,0.83333,800,28,70,50,30,6.5,0.5,20,50,0.9411799999999999,1
Raisen,1993,0.875,800,28,70,50,30,6.5,0.5,20,50,0.83333,1
Raisen,1994,0.91667,800,28,70,50,30,6.5,0.5,20,50,0.875,1
Raisen,1995,0.59524,800,28,70,50,30,6.5,0.5,20,50,0.91667,1
Raisen,1996,0.8666699999999999,800,28,70,50,30,6.5,0.5,20,50,0.59524,1
Raisen,1997,0.89474,800,28,70,50,30,6.5,0.5,20,50,0.8666699999999999,1
Raisen,1998,0.90323,800,28,70,50,30,6.5,0.5,20,50,0.89474,1
Raisen,1999,1.04878,800,28,70,50,30,6.5,0.5,20,50,0.90323,1
Raisen,2000,0.55769,800,28,70,50,30,6.5,0.5,20,50,1.04878,1
Raisen,2001,0.5740700000000001,800,28,70,50,30,6.5,0.5,20,50,0.55769,1
Raisen,2002,0.5471699999999999,800,28,70,50,30,6.5,0.5,20,50,0.5740700000000001,1
Raisen,2003,0.62264,800,28,70,50,30,6.5,0.5,20,50,0.5471699999999999,1
Raisen,2004,0.61252,800,28,70,50,30,6.5,0.5,20,50,0.62264,1
Raisen,2005,0.61566,800,28,70,50,30,6.5,0.5,20,50,0.61252,1
Raisen,2006,0.6693600000000001,800,28,70,50,30,6.5,0.5,20,50,0.61566,1
Raisen,2007,0.69667,800,28,70,50,30,6.5,0.5,20,50,0.6693600000000001,1
Raisen,2008,0.6303200000000001,800,28,70,50,30,6.5,0.5,20,50,0.69667,1
Raisen,2009,0.96804,800,28,70,50,30,6.5,0.5,20,50,0.6303200000000001,1
Raisen,2010,1.26718,800,28,70,50,30,6.5,0.5,20,50,0.96804,1
Raisen,2011,1.42791,800,28,70,50,30,6.5,0.5,20,50,1.26718,1
Raisen,2012,1.2841,800,28,70,50,30,6.5,0.5,20,50,1.42791,1
Raisen,2013,0.86361,800,28,70,50,30,6.5,0.5,20,50,1.2841,1
Raisen,2014,2.5012399999999997,800,28,70,50,30,6.5,0.5,20,50,0.86361,1
Raisen,2015,2.2896,800,28,70,50,30,6.5,0.5,20,50,2.5012399999999997,1
Raisen,2016,2.2567399999999997,800,28,70,50,30,6.5,0.5,20,50,2.2896,1
Raisen,2017,2.11464,800,28,70,50,30,6.5,0.5,20,50,2.2567399999999997,1
Vidisha,1990,0.58333,800,28,70,50,30,6.5,0.5,20,50,2.11464,1
Vidisha,1991,0.61538,800,28,70,50,30,6.5,0.5,20,50,0.58333,1
Vidisha,1992,0.54545,800,28,70,50,30,6.5,0.5,20,50,0.61538,1
Vidisha,1993,0.7,800,28,70,50,30,6.5,0.5,20,50,0.54545,1
Vidisha,1994,0.71429,800,28,70,50,30,6.5,0.5,20,50,0.7,1
Vidisha,1995,0.44444,800,28,70,50,30,6.5,0.5,20,50,0.71429,1
Vidisha,1996,0.5555599999999999,800,28,70,50,30,6.5,0.5,20,50,0.44444,1
Vidisha,1997,0.625,800,28,70,50,30,6.5,0.5,20,50,0.5555599999999999,1
Vidisha,1998,0.71429,800,28,70,50,30,6.5,0.5,20,50,0.625,1
Vidisha,1999,0.71429,800,28,70,50,30,6.5,0.5,20,50,0.71429,1
Vidisha,2000,0.57143,800,28,70,50,30,6.5,0.5,20,50,0.71429,1
Vidisha,2001,0.5,800,28,70,50,30,6.5,0.5,20,50,0.57143,1
Vidisha,2002,0.28570999999999996,800,28,70,50,30,6.5,0.5,20,50,0.5,1
Vidisha,2003,0.71429,800,28,70,50,30,6.5,0.5,20,50,0.28570999999999996,1
Vidisha,2004,0.6060599999999999,800,28,70,50,30,6.5,0.5,20,50,0.71429,1
Vidisha,2005,0.77419,800,28,70,50,30,6.5,0.5,20,50,0.6060599999999999,1
Vidisha,2006,0.78947,800,28,70,50,30,6.5,0.5,20,50,0.77419,1
Vidisha,2007,0.52,800,28,70,50,30,6.5,0.5,20,50,0.78947,1
Vidisha,2008,0.52,800,28,70,50,30,6.5,0.5,20,50,0.52,1
Vidisha,2009,0.83333,800,28,70,50,30,6.5,0.5,20,50,0.52,1
Vidisha,2010,1.0,800,28,70,50,30,6.5,0.5,20,50,0.83333,1
Vidisha,2011,1.0,800,28,70,50,30,6.5,0.5,20,50,1.0,1
Vidisha,2012,1.0,800,28,70,50,30,6.5,0.5,20,50,1.0,1
Vidisha,2013,0.56,800,28,70,50,30,6.5,0.5,20,50,1.0,1
Vidisha,2014,0.8325,800,28,70,50,30,6.5,0.5,20,50,0.56,1
Vidisha,2015,1.33333,800,28,70,50,30,6.5,0.5,20,50,0.8325,1
Vidisha,2016,1.33333,800,28,70,50,30,6.5,0.5,20,50,1.33333,1
Vidisha,2017,2.26667,800,28,70,50,30,6.5,0.5,20,50,1.33333,1
Betul,1990,1.05498,800,28,70,50,30,6.5,0.5,20,50,2.26667,1
Betul,1991,0.78413,800,28,70,50,30,6.5,0.5,20,50,1.05498,1
Betul,1992,0.80464,800,28,70,50,30,6.5,0.5,20,50,0.78413,1
Betul,1993,1.00651,800,28,70,50,30,6.5,0.5,20,50,0.80464,1
Betul,1994,0.97134,800,28,70,50,30,6.5,0.5,20,50,1.00651,1
Betul,1995,0.71787,800,28,70,50,30,6.5,0.5,20,50,0.97134,1
Betul,1996,1.0648900000000001,800,28,70,50,30,6.5,0.5,20,50,0.71787,1
Betul,1997,1.10784,800,28,70,50,30,6.5,0.5,20,50,1.0648900000000001,1
Betul,1998,1.14607,800,28,70,50,30,6.5,0.5,20,50,1.10784,1
Betul,1999,1.21776,800,28,70,50,30,6.5,0.5,20,50,1.14607,1
Betul,2000,0.60621,800,28,70,50,30,6.5,0.5,20,50,1.21776,1
Betul,2001,0.87991,800,28,70,50,30,6.5,0.5,20,50,0.60621,1
Betul,2002,0.6829299999999999,800,28,70,50,30,6.5,0.5,20,50,0.87991,1
Betul,2003,1.0170700000000001,800,28,70,50,30,6.5,0.5,20,50,0.6829299999999999,1
Betul,2004,0.76482,800,28,70,50,30,6.5,0.5,20,50,1.0170700000000001,1
Betul,2005,0.90019,800,28,70,50,30,6.5,0.5,20,50,0.76482,1
Betul,2006,0.9835499999999999,800,28,70,50,30,6.5,0.5,20,50,0.90019,1
Betul,2007,0.69317,800,28,70,50,30,6.5,0.5,20,50,0.9835499999999999,1
Betul,2008,0.69372,800,28,70,50,30,6.5,0.5,20,50,0.69317,1
Betul,2009,1.04762,800,28,70,50,30,6.5,0.5,20,50,0.69372,1
Betul,2010,1.3913,800,28,70,50,30,6.5,0.5,20,50,1.04762,1
Betul,2011,1.56295,800,28,70,50,30,6.5,0.5,20,50,1.3913,1
Betul,2012,2.7142199999999996,800,28,70,50,30,6.5,0.5,20,50,1.56295,1
Betul,2013,2.25479,800,28,70,50,30,6.5,0.5,20,50,2.7142199999999996,1
Betul,2014,2.24106,800,28,70,50,30,6.5,0.5,20,50,2.25479,1
Betul,2015,1.7142899999999999,800,28,70,50,30,6.5,0.5,20,50,2.24106,1
Betul,2016,1.76964,800,28,70,50,30,6.5,0.5,20,50,1.7142899999999999,1
Betul,2017,1.758,800,28,70,50,30,6.5,0.5,20,50,1.76964,1
Rajgarh,1990,0.88462,800,28,70,50,30,6.5,0.5,20,50,1.758,1
Rajgarh,1991,0.31818,800,28,70,50,30,6.5,0.5,20,50,0.88462,1
Rajgarh,1992,0.52381,800,28,70,50,30,6.5,0.5,20,50,0.31818,1
Rajgarh,1993,0.8,800,28,70,50,30,6.5,0.5,20,50,0.52381,1
Rajgarh,1994,0.5789500000000001,800,28,70,50,30,6.5,0.5,20,50,0.8,1
Rajgarh,1995,0.16666999999999998,800,28,70,50,30,6.5,0.5,20,50,0.5789500000000001,1
Rajgarh,1996,0.61111,800,28,70,50,30,6.5,0.5,20,50,0.16666999999999998,1
Rajgarh,1997,0.73684,800,28,70,50,30,6.5,0.5,20,50,0.61111,1
Rajgarh,1998,0.73684,800,28,70,50,30,6.5,0.5,20,50,0.73684,1
Rajgarh,1999,0.93333,800,28,70,50,30,6.5,0.5,20,50,0.73684,1
Rajgarh,2000,0.23077,800,28,70,50,30,6.5,0.5,20,50,0.93333,1
Rajgarh,2001,0.41667000000000004,800,28,70,50,30,6.5,0.5,20,50,0.23077,1
Rajgarh,2002,0.27273000000000003,800,28,70,50,30,6.5,0.5,20,50,0.41667000000000004,1
Rajgarh,2003,0.72727,800,28,70,50,30,6.5,0.5,20,50,0.27273000000000003,1
Rajgarh,2004,0.63542,800,28,70,50,30,6.5,0.5,20,50,0.72727,1
Rajgarh,2005,0.49425,800,28,70,50,30,6.5,0.5,20,50,0.63542,1
Rajgarh,2006,0.57732,800,28,70,50,30,6.5,0.5,20,50,0.49425,1
Rajgarh,2007,0.44444,800,28,70,50,30,6.5,0.5,20,50,0.57732,1
Rajgarh,2008,0.37143,800,28,70,50,30,6.5,0.5,20,50,0.44444,1
Rajgarh,2009,0.5,800,28,70,50,30,6.5,0.5,20,50,0.37143,1
Rajgarh,2010,0.8,800,28,70,50,30,6.5,0.5,20,50,0.5,1
Rajgarh,2011,0.83333,800,28,70,50,30,6.5,0.5,20,50,0.8,1
Rajgarh,2012,0.80952,800,28,70,50,30,6.5,0.5,20,50,0.83333,1
Rajgarh,2013,0.66667,800,28,70,50,30,6.5,0.5,20,50,0.80952,1
Rajgarh,2014,0.67,800,28,70,50,30,6.5,0.5,20,50,0.66667,1
Rajgarh,2015,1.33,800,28,70,50,30,6.5,0.5,20,50,0.67,1
Rajgarh,2016,2.66,800,28,70,50,30,6.5,0.5,20,50,1.33,1
Rajgarh,2017,0.6487,800,28,70,50,30,6.5,0.5,20,50,2.66,1
Shajapur,1990,0.6875,800,28,70,50,30,6.5,0.5,20,50,0.6487,1
Shajapur,1991,0.69231,800,28,70,50,30,6.5,0.5,20,50,0.6875,1
Shajapur,1992,0.57143,800,28,70,50,30,6.5,0.5,20,50,0.69231,1
Shajapur,1993,0.75,800,28,70,50,30,6.5,0.5,20,50,0.57143,1
Shajapur,1994,0.8,800,28,70,50,30,6.5,0.5,20,50,0.75,1
Shajapur,1995,0.5,800,28,70,50,30,6.5,0.5,20,50,0.8,1
Shajapur,1996,0.75,800,28,70,50,30,6.5,0.5,20,50,0.5,1
Shajapur,1997,0.75,800,28,70,50,30,6.5,0.5,20,50,0.75,1
Shajapur,1998,0.75,800,28,70,50,30,6.5,0.5,20,50,0.75,1
Shajapur,1999,0.85714,800,28,70,50,30,6.5,0.5,20,50,0.75,1
Shajapur,2000,0.5,800,28,70,50,30,6.5,0.5,20,50,0.85714,1
Shajapur,2001,0.4,800,28,70,50,30,6.5,0.5,20,50,0.5,1
Shajapur,2002,0.5,800,28,70,50,30,6.5,0.5,20,50,0.4,1
Shajapur,2003,0.5,800,28,70,50,30,6.5,0.5,20,50,0.5,1
Shajapur,2004,0.58333,800,28,70,50,30,6.5,0.5,20,50,0.5,1
Shajapur,2005,0.51515,800,28,70,50,30,6.5,0.5,20,50,0.58333,1
Shajapur,2006,0.43333,800,28,70,50,30,6.5,0.5,20,50,0.51515,1
Shajapur,2007,0.35,800,28,70,50,30,6.5,0.5,20,50,0.43333,1
Shajapur,2008,0.35,800,28,70,50,30,6.5,0.5,20,50,0.35,1
Shajapur,2009,0.5,800,28,70,50,30,6.5,0.5,20,50,0.35,1
Shajapur,2010,1.0,800,28,70,50,30,6.5,0.5,20,50,0.5,1
Shajapur,2011,1.0,800,28,70,50,30,6.5,0.5,20,50,1.0,1
Shajapur,2012,0.57143,800,28,70,50,30,6.5,0.5,20,50,1.0,1
Shajapur,2013,0.5,800,28,70,50,30,6.5,0.5,20,50,0.57143,1
Shajapur,2014,0.0,800,28,70,50,30,6.5,0.5,20,50,0.5,1
Shajapur,2015,0.0,800,28,70,50,30,6.5,0.5,20,50,0.0,1
Shajapur,2016,0.0,800,28,70,50,30,6.5,0.5,20,50,0.0,1
Shajapur,2017,0.8,800,28,70,50,30,6.5,0.5,20,50,0.0,1
Hoshangabad,1990,1.20513,800,28,70,50,30,6.5,0.5,20,50,0.8,1
Hoshangabad,1991,1.35897,800,28,70,50,30,6.5,0.5,20,50,1.20513,1
Hoshangabad,1992,1.19626,800,28,70,50,30,6.5,0.5,20,50,1.35897,1
Hoshangabad,1993,1.2710299999999999,800,28,70,50,30,6.5,0.5,20,50,1.19626,1
Hoshangabad,1994,1.34409,800,28,70,50,30,6.5,0.5,20,50,1.2710299999999999,1
Hoshangabad,1995,0.88119,800,28,70,50,30,6.5,0.5,20,50,1.34409,1
Hoshangabad,1996,1.33019,800,28,70,50,30,6.5,0.5,20,50,0.88119,1
Hoshangabad,1997,1.28,800,28,70,50,30,6.5,0.5,20,50,1.33019,1
Hoshangabad,1998,1.34409,800,28,70,50,30,6.5,0.5,20,50,1.28,1
Hoshangabad,1999,1.49057,800,28,70,50,30,6.5,0.5,20,50,1.34409,1
Hoshangabad,2000,1.12174,800,28,70,50,30,6.5,0.5,20,50,1.49057,1
Hoshangabad,2001,1.2105299999999999,800,28,70,50,30,6.5,0.5,20,50,1.12174,1
Hoshangabad,2002,1.26364,800,28,70,50,30,6.5,0.5,20,50,1.2105299999999999,1
Hoshangabad,2003,1.2983900000000002,800,28,70,50,30,6.5,0.5,20,50,1.26364,1
Hoshangabad,2004,0.96365,800,28,70,50,30,6.5,0.5,20,50,1.2983900000000002,1
Hoshangabad,2005,1.30033,800,28,70,50,30,6.5,0.5,20,50,0.96365,1
Hoshangabad,2006,1.33898,800,28,70,50,30,6.5,0.5,20,50,1.30033,1
Hoshangabad,2007,1.0883,800,28,70,50,30,6.5,0.5,20,50,1.33898,1
Hoshangabad,2008,0.98436,800,28,70,50,30,6.5,0.5,20,50,1.0883,1
Hoshangabad,2009,1.66667,800,28,70,50,30,6.5,0.5,20,50,0.98436,1
Hoshangabad,2010,2.3070500000000003,800,28,70,50,30,6.5,0.5,20,50,1.66667,1
Hoshangabad,2011,2.01154,800,28,70,50,30,6.5,0.5,20,50,2.3070500000000003,1
Hoshangabad,2012,2.05458,800,28,70,50,30,6.5,0.5,20,50,2.01154,1
Hoshangabad,2013,1.57703,800,28,70,50,30,6.5,0.5,20,50,2.05458,1
Hoshangabad,2014,1.85117,800,28,70,50,30,6.5,0.5,20,50,1.57703,1
Hoshangabad,2015,2.8528800000000003,800,28,70,50,30,6.5,0.5,20,50,1.85117,1
Hoshangabad,2016,2.30049,800,28,70,50,30,6.5,0.5,20,50,2.8528800000000003,1
Hoshangabad,2017,2.28545,800,28,70,50,30,6.5,0.5,20,50,2.30049,1
Srikakulam,1990,1.77281,800,28,70,50,30,6.5,0.5,20,50,2.28545,1
Srikakulam,1991,2.32149,800,28,70,50,30,6.5,0.5,20,50,1.77281,1
Srikakulam,1992,2.23116,800,28,70,50,30,6.5,0.5,20,50,2.32149,1
Srikakulam,1993,1.9778699999999998,800,28,70,50,30,6.5,0.5,20,50,2.23116,1
Srikakulam,1994,1.8713199999999999,800,28,70,50,30,6.5,0.5,20,50,1.9778699999999998,1
Srikakulam,1995,1.99655,800,28,70,50,30,6.5,0.5,20,50,1.8713199999999999,1
Srikakulam,1996,1.922,800,28,70,50,30,6.5,0.5,20,50,1.99655,1
Srikakulam,1997,1.48317,800,28,70,50,30,6.5,0.5,20,50,1.922,1
Srikakulam,1998,2.01705,800,28,70,50,30,6.5,0.5,20,50,1.48317,1
Srikakulam,1999,1.7775699999999999,800,28,70,50,30,6.5,0.5,20,50,2.01705,1
Srikakulam,2000,1.86216,800,28,70,50,30,6.5,0.5,20,50,1.7775699999999999,1
Srikakulam,2001,2.1326199999999997,800,28,70,50,30,6.5,0.5,20,50,1.86216,1
Srikakulam,2002,1.6302699999999999,800,28,70,50,30,6.5,0.5,20,50,2.1326199999999997,1
Srikakulam,2003,2.21018,800,28,70,50,30,6.5,0.5,20,50,1.6302699999999999,1
Srikakulam,2004,2.3442800000000004,800,28,70,50,30,6.5,0.5,20,50,2.21018,1
Srikakulam,2005,1.70141,800,28,70,50,30,6.5,0.5,20,50,2.3442800000000004,1
Srikakulam,2006,2.49633,800,28,70,50,30,6.5,0.5,20,50,1.70141,1
Srikakulam,2007,3.01459,800,28,70,50,30,6.5,0.5,20,50,2.49633,1
Srikakulam,2008,2.10412,800,28,70,50,30,6.5,0.5,20,50,3.01459,1
Srikakulam,2009,2.12829,800,28,70,50,30,6.5,0.5,20,50,2.10412,1
Srikakulam,2010,1.28212,800,28,70,50,30,6.5,0.5,20,50,2.12829,1
Srikakulam,2011,1.97175,800,28,70,50,30,6.5,0.5,20,50,1.28212,1
Srikakulam,2012,2.5370100000000004,800,28,70,50,30,6.5,0.5,20,50,1.97175,1
Srikakulam,2013,1.9146400000000001,800,28,70,50,30,6.5,0.5,20,50,2.5370100000000004,1
Srikakulam,2014,2.25158,800,28,70,50,30,6.5,0.5,20,50,1.9146400000000001,1
Srikakulam,2015,2.45996,800,28,70,50,30,6.5,0.5,20,50,2.25158,1
Srikakulam,2016,2.98793,800,28,70,50,30,6.5,0.5,20,50,2.45996,1
Srikakulam,2017,2.6357600000000003,800,28,70,50,30,6.5,0.5,20,50,2.98793,1
Visakhapatnam,1990,1.771,800,28,70,50,30,6.5,0.5,20,50,2.6357600000000003,1
Visakhapatnam,1991,1.7062,800,28,70,50,30,6.5,0.5,20,50,1.771,1
Visakhapatnam,1992,1.9803499999999998,800,28,70,50,30,6.5,0.5,20,50,1.7062,1
Visakhapatnam,1993,1.3818800000000002,800,28,70,50,30,6.5,0.5,20,50,1.9803499999999998,1
Visakhapatnam,1994,1.46154,800,28,70,50,30,6.5,0.5,20,50,1.3818800000000002,1
Visakhapatnam,1995,2.0,800,28,70,50,30,6.5,0.5,20,50,1.46154,1
Visakhapatnam,1996,1.92781,800,28,70,50,30,6.5,0.5,20,50,2.0,1
Visakhapatnam,1997,1.1155,800,28,70,50,30,6.5,0.5,20,50,1.92781,1
Visakhapatnam,1998,1.6550799999999999,800,28,70,50,30,6.5,0.5,20,50,1.1155,1
Visakhapatnam,1999,1.5776400000000002,800,28,70,50,30,6.5,0.5,20,50,1.6550799999999999,1
Visakhapatnam,2000,1.6293499999999999,800,28,70,50,30,6.5,0.5,20,50,1.5776400000000002,1
Visakhapatnam,2001,1.77074,800,28,70,50,30,6.5,0.5,20,50,1.6293499999999999,1
Visakhapatnam,2002,1.0986500000000001,800,28,70,50,30,6.5,0.5,20,50,1.77074,1
Visakhapatnam,2003,1.8196400000000001,800,28,70,50,30,6.5,0.5,20,50,1.0986500000000001,1
Visakhapatnam,2004,1.93153,800,28,70,50,30,6.5,0.5,20,50,1.8196400000000001,1
Visakhapatnam,2005,1.4702,800,28,70,50,30,6.5,0.5,20,50,1.93153,1
Visakhapatnam,2006,2.0973699999999997,800,28,70,50,30,6.5,0.5,20,50,1.4702,1
Visakhapatnam,2007,2.37169,800,28,70,50,30,6.5,0.5,20,50,2.0973699999999997,1
Visakhapatnam,2008,1.96156,800,28,70,50,30,6.5,0.5,20,50,2.37169,1
Visakhapatnam,2009,1.57641,800,28,70,50,30,6.5,0.5,20,50,1.96156,1
Visakhapatnam,2010,2.04045,800,28,70,50,30,6.5,0.5,20,50,1.57641,1
Visakhapatnam,2011,1.7408599999999999,800,28,70,50,30,6.5,0.5,20,50,2.04045,1
Visakhapatnam,2012,1.87371,800,28,70,50,30,6.5,0.5,20,50,1.7408599999999999,1
Visakhapatnam,2013,2.01554,800,28,70,50,30,6.5,0.5,20,50,1.87371,1
Visakhapatnam,2014,2.0493699999999997,800,28,70,50,30,6.5,0.5,20,50,2.01554,1
Visakhapatnam,2015,2.43859,800,28,70,50,30,6.5,0.5,20,50,2.0493699999999997,1
Visakhapatnam,2016,2.53146,800,28,70,50,30,6.5,0.5,20,50,2.43859,1
Visakhapatnam,2017,2.4294499999999997,800,28,70,50,30,6.5,0.5,20,50,2.53146,1
East Godavari,1990,1.9661099999999998,800,28,70,50,30,6.5,0.5,20,50,2.4294499999999997,1
East Godavari,1991,2.2473,800,28,70,50,30,6.5,0.5,20,50,1.9661099999999998,1
East Godavari,1992,2.5696999999999997,800,28,70,50,30,6.5,0.5,20,50,2.2473,1
East Godavari,1993,3.06582,800,28,70,50,30,6.5,0.5,20,50,2.5696999999999997,1
East Godavari,1994,2.5125,800,28,70,50,30,6.5,0.5,20,50,3.06582,1
East Godavari,1995,2.72727,800,28,70,50,30,6.5,0.5,20,50,2.5125,1
East Godavari,1996,2.40995,800,28,70,50,30,6.5,0.5,20,50,2.72727,1
East Godavari,1997,2.5027199999999996,800,28,70,50,30,6.5,0.5,20,50,2.40995,1
East Godavari,1998,2.52174,800,28,70,50,30,6.5,0.5,20,50,2.5027199999999996,1
East Godavari,1999,3.1357399999999997,800,28,70,50,30,6.5,0.5,20,50,2.52174,1
East Godavari,2000,3.27863,800,28,70,50,30,6.5,0.5,20,50,3.1357399999999997,1
East Godavari,2001,3.44034,800,28,70,50,30,6.5,0.5,20,50,3.27863,1
East Godavari,2002,3.4651199999999998,800,28,70,50,30,6.5,0.5,20,50,3.44034,1
East Godavari,2003,4.07898,800,28,70,50,30,6.5,0.5,20,50,3.4651199999999998,1
East Godavari,2004,3.89735,800,28,70,50,30,6.5,0.5,20,50,4.07898,1
East Godavari,2005,2.96745,800,28,70,50,30,6.5,0.5,20,50,3.89735,1
East Godavari,2006,3.51117,800,28,70,50,30,6.5,0.5,20,50,2.96745,1
East Godavari,2007,3.6968400000000003,800,28,70,50,30,6.5,0.5,20,50,3.51117,1
East Godavari,2008,3.69007,800,28,70,50,30,6.5,0.5,20,50,3.6968400000000003,1
East Godavari,2009,3.50023,800,28,70,50,30,6.5,0.5,20,50,3.69007,1
East Godavari,2010,3.30699,800,28,70,50,30,6.5,0.5,20,50,3.50023,1
East Godavari,2011,3.4911399999999997,800,28,70,50,30,6.5,0.5,20,50,3.30699,1
East Godavari,2012,2.74749,800,28,70,50,30,6.5,0.5,20,50,3.4911399999999997,1
East Godavari,2013,2.9942399999999996,800,28,70,50,30,6.5,0.5,20,50,2.74749,1
East Godavari,2014,3.96638,800,28,70,50,30,6.5,0.5,20,50,2.9942399999999996,1
East Godavari,2015,3.78679,800,28,70,50,30,6.5,0.5,20,50,3.96638,1
East Godavari,2016,4.23751,800,28,70,50,30,6.5,0.5,20,50,3.78679,1
East Godavari,2017,4.32761,800,28,70,50,30,6.5,0.5,20,50,4.23751,1
West Godavari,1990,2.30264,800,28,70,50,30,6.5,0.5,20,50,4.32761,1
West Godavari,1991,2.5603200000000004,800,28,70,50,30,6.5,0.5,20,50,2.30264,1
West Godavari,1992,2.91175,800,28,70,50,30,6.5,0.5,20,50,2.5603200000000004,1
West Godavari,1993,3.22931,800,28,70,50,30,6.5,0.5,20,50,2.91175,1
West Godavari,1994,3.12798,800,28,70,50,30,6.5,0.5,20,50,3.22931,1
West Godavari,1995,2.6859,800,28,70,50,30,6.5,0.5,20,50,3.12798,1
West Godavari,1996,2.42094,800,28,70,50,30,6.5,0.5,20,50,2.6859,1
West Godavari,1997,2.97273,800,28,70,50,30,6.5,0.5,20,50,2.42094,1
West Godavari,1998,3.2785100000000003,800,28,70,50,30,6.5,0.5,20,50,2.97273,1
West Godavari,1999,3.18458,800,28,70,50,30,6.5,0.5,20,50,3.2785100000000003,1
West Godavari,2000,3.50431,800,28,70,50,30,6.5,0.5,20,50,3.18458,1
West Godavari,2001,3.5565700000000002,800,28,70,50,30,6.5,0.5,20,50,3.50431,1
West Godavari,2002,3.5120500000000003,800,28,70,50,30,6.5,0.5,20,50,3.5565700000000002,1
West Godavari,2003,4.094679999999999,800,28,70,50,30,6.5,0.5,20,50,3.5120500000000003,1
West Godavari,2004,3.92755,800,28,70,50,30,6.5,0.5,20,50,4.094679999999999,1
West Godavari,2005,3.05652,800,28,70,50,30,6.5,0.5,20,50,3.92755,1
West Godavari,2006,3.5874800000000002,800,28,70,50,30,6.5,0.5,20,50,3.05652,1
West Godavari,2007,3.68081,800,28,70,50,30,6.5,0.5,20,50,3.5874800000000002,1
West Godavari,2008,3.5527699999999998,800,28,70,50,30,6.5,0.5,20,50,3.68081,1
West Godavari,2009,3.39357,800,28,70,50,30,6.5,0.5,20,50,3.5527699999999998,1
West Godavari,2010,3.26452,800,28,70,50,30,6.5,0.5,20,50,3.39357,1
West Godavari,2011,3.59677,800,28,70,50,30,6.5,0.5,20,50,3.26452,1
West Godavari,2012,3.0516199999999998,800,28,70,50,30,6.5,0.5,20,50,3.59677,1
West Godavari,2013,3.1913400000000003,800,28,70,50,30,6.5,0.5,20,50,3.0516199999999998,1
West Godavari,2014,3.96863,800,28,70,50,30,6.5,0.5,20,50,3.1913400000000003,1
West Godavari,2015,3.85961,800,28,70,50,30,6.5,0.5,20,50,3.96863,1
West Godavari,2016,4.17138,800,28,70,50,30,6.5,0.5,20,50,3.85961,1
West Godavari,2017,4.30775,800,28,70,50,30,6.5,0.5,20,50,4.17138,1
Krishna,1990,2.6344499999999997,800,28,70,50,30,6.5,0.5,20,50,4.30775,1
Krishna,1991,2.41065,800,28,70,50,30,6.5,0.5,20,50,2.6344499999999997,1
Krishna,1992,2.7648699999999997,800,28,70,50,30,6.5,0.5,20,50,2.41065,1
Krishna,1993,2.94624,800,28,70,50,30,6.5,0.5,20,50,2.7648699999999997,1
Krishna,1994,2.83123,800,28,70,50,30,6.5,0.5,20,50,2.94624,1
Krishna,1995,2.6902199999999996,800,28,70,50,30,6.5,0.5,20,50,2.83123,1
Krishna,1996,3.06923,800,28,70,50,30,6.5,0.5,20,50,2.6902199999999996,1
Krishna,1997,2.92246,800,28,70,50,30,6.5,0.5,20,50,3.06923,1
Krishna,1998,3.00721,800,28,70,50,30,6.5,0.5,20,50,2.92246,1
Krishna,1999,3.1801399999999997,800,28,70,50,30,6.5,0.5,20,50,3.00721,1
Krishna,2000,3.23923,800,28,70,50,30,6.5,0.5,20,50,3.1801399999999997,1
Krishna,2001,3.12332,800,28,70,50,30,6.5,0.5,20,50,3.23923,1
Krishna,2002,3.11789,800,28,70,50,30,6.5,0.5,20,50,3.12332,1
Krishna,2003,2.3751100000000003,800,28,70,50,30,6.5,0.5,20,50,3.11789,1
Krishna,2004,3.2760100000000003,800,28,70,50,30,6.5,0.5,20,50,2.3751100000000003,1
Krishna,2005,3.08031,800,28,70,50,30,6.5,0.5,20,50,3.2760100000000003,1
Krishna,2006,2.53208,800,28,70,50,30,6.5,0.5,20,50,3.08031,1
Krishna,2007,3.6594499999999996,800,28,70,50,30,6.5,0.5,20,50,2.53208,1
Krishna,2008,3.61772,800,28,70,50,30,6.5,0.5,20,50,3.6594499999999996,1
Krishna,2009,3.59223,800,28,70,50,30,6.5,0.5,20,50,3.61772,1
Krishna,2010,3.0694299999999997,800,28,70,50,30,6.5,0.5,20,50,3.59223,1
Krishna,2011,3.7184899999999996,800,28,70,50,30,6.5,0.5,20,50,3.0694299999999997,1
Krishna,2012,3.5932399999999998,800,28,70,50,30,6.5,0.5,20,50,3.7184899999999996,1
Krishna,2013,3.23549,800,28,70,50,30,6.5,0.5,20,50,3.5932399999999998,1
Krishna,2014,3.4675700000000003,800,28,70,50,30,6.5,0.5,20,50,3.23549,1
Krishna,2015,3.45586,800,28,70,50,30,6.5,0.5,20,50,3.4675700000000003,1
Krishna,2016,3.87935,800,28,70,50,30,6.5,0.5,20,50,3.45586,1
Krishna,2017,3.98857,800,28,70,50,30,6.5,0.5,20,50,3.87935,1
Guntur,1990,3.11502,800,28,70,50,30,6.5,0.5,20,50,3.98857,1
Guntur,1991,2.7447,800,28,70,50,30,6.5,0.5,20,50,3.11502,1
Guntur,1992,2.8227800000000003,800,28,70,50,30,6.5,0.5,20,50,2.7447,1
Guntur,1993,3.23275,800,28,70,50,30,6.5,0.5,20,50,2.8227800000000003,1
Guntur,1994,2.6021799999999997,800,28,70,50,30,6.5,0.5,20,50,3.23275,1
Guntur,1995,2.8905,800,28,70,50,30,6.5,0.5,20,50,2.6021799999999997,1
Guntur,1996,3.13631,800,28,70,50,30,6.5,0.5,20,50,2.8905,1
Guntur,1997,2.8425,800,28,70,50,30,6.5,0.5,20,50,3.13631,1
Guntur,1998,3.12249,800,28,70,50,30,6.5,0.5,20,50,2.8425,1
Guntur,1999,3.11755,800,28,70,50,30,6.5,0.5,20,50,3.12249,1
Guntur,2000,3.35995,800,28,70,50,30,6.5,0.5,20,50,3.11755,1
Guntur,2001,3.51886,800,28,70,50,30,6.5,0.5,20,50,3.35995,1
Guntur,2002,3.06681,800,28,70,50,30,6.5,0.5,20,50,3.51886,1
Guntur,2003,2.81359,800,28,70,50,30,6.5,0.5,20,50,3.06681,1
Guntur,2004,3.4468,800,28,70,50,30,6.5,0.5,20,50,2.81359,1
Guntur,2005,3.15503,800,28,70,50,30,6.5,0.5,20,50,3.4468,1
Guntur,2006,2.8907800000000003,800,28,70,50,30,6.5,0.5,20,50,3.15503,1
Guntur,2007,3.47682,800,28,70,50,30,6.5,0.5,20,50,2.8907800000000003,1
Guntur,2008,3.48046,800,28,70,50,30,6.5,0.5,20,50,3.47682,1
Guntur,2009,3.5651100000000002,800,28,70,50,30,6.5,0.5,20,50,3.48046,1
Guntur,2010,2.71551,800,28,70,50,30,6.5,0.5,20,50,3.5651100000000002,1
Guntur,2011,3.79021,800,28,70,50,30,6.5,0.5,20,50,2.71551,1
Guntur,2012,3.50499,800,28,70,50,30,6.5,0.5,20,50,3.79021,1
Guntur,2013,3.42125,800,28,70,50,30,6.5,0.5,20,50,3.50499,1
Guntur,2014,3.89124,800,28,70,50,30,6.5,0.5,20,50,3.42125,1
Guntur,2015,3.0334899999999996,800,28,70,50,30,6.5,0.5,20,50,3.89124,1
Guntur,2016,4.12467,800,28,70,50,30,6.5,0.5,20,50,3.0334899999999996,1
Guntur,2017,4.17512,800,28,70,50,30,6.5,0.5,20,50,4.12467,1
S.P.S. Nellore,1990,2.6368400000000003,800,28,70,50,30,6.5,0.5,20,50,4.17512,1
S.P.S. Nellore,1991,2.18762,800,28,70,50,30,6.5,0.5,20,50,2.6368400000000003,1
S.P.S. Nellore,1992,2.32083,800,28,70,50,30,6.5,0.5,20,50,2.18762,1
S.P.S. Nellore,1993,2.95927,800,28,70,50,30,6.5,0.5,20,50,2.32083,1
S.P.S. Nellore,1994,2.80054,800,28,70,50,30,6.5,0.5,20,50,2.95927,1
S.P.S. Nellore,1995,2.2781700000000003,800,28,70,50,30,6.5,0.5,20,50,2.80054,1
S.P.S. Nellore,1996,2.8079899999999998,800,28,70,50,30,6.5,0.5,20,50,2.2781700000000003,1
S.P.S. Nellore,1997,2.84237,800,28,70,50,30,6.5,0.5,20,50,2.8079899999999998,1
S.P.S. Nellore,1998,2.9923800000000003,800,28,70,50,30,6.5,0.5,20,50,2.84237,1
S.P.S. Nellore,1999,2.70849,800,28,70,50,30,6.5,0.5,20,50,2.9923800000000003,1
S.P.S. Nellore,2000,2.94709,800,28,70,50,30,6.5,0.5,20,50,2.70849,1
S.P.S. Nellore,2001,3.3911,800,28,70,50,30,6.5,0.5,20,50,2.94709,1
S.P.S. Nellore,2002,2.99294,800,28,70,50,30,6.5,0.5,20,50,3.3911,1
S.P.S. Nellore,2003,2.6686799999999997,800,28,70,50,30,6.5,0.5,20,50,2.99294,1
S.P.S. Nellore,2004,3.38914,800,28,70,50,30,6.5,0.5,20,50,2.6686799999999997,1
S.P.S. Nellore,2005,3.60445,800,28,70,50,30,6.5,0.5,20,50,3.38914,1
S.P.S. Nellore,2006,3.53266,800,28,70,50,30,6.5,0.5,20,50,3.60445,1
S.P.S. Nellore,2007,3.64523,800,28,70,50,30,6.5,0.5,20,50,3.53266,1
S.P.S. Nellore,2008,3.8436399999999997,800,28,70,50,30,6.5,0.5,20,50,3.64523,1
S.P.S. Nellore,2009,3.76582,800,28,70,50,30,6.5,0.5,20,50,3.8436399999999997,1
S.P.S. Nellore,2010,3.64034,800,28,70,50,30,6.5,0.5,20,50,3.76582,1
S.P.S. Nellore,2011,3.9842199999999997,800,28,70,50,30,6.5,0.5,20,50,3.64034,1
S.P.S. Nellore,2012,4.054889999999999,800,28,70,50,30,6.5,0.5,20,50,3.9842199999999997,1
S.P.S. Nellore,2013,4.01142,800,28,70,50,30,6.5,0.5,20,50,4.054889999999999,1
S.P.S. Nellore,2014,4.00119,800,28,70,50,30,6.5,0.5,20,50,4.01142,1
S.P.S. Nellore,2015,4.4494,800,28,70,50,30,6.5,0.5,20,50,4.00119,1
S.P.S. Nellore,2016,4.18355,800,28,70,50,30,6.5,0.5,20,50,4.4494,1
S.P.S. Nellore,2017,4.558520000000001,800,28,70,50,30,6.5,0.5,20,50,4.18355,1
Kurnool,1990,2.49396,800,28,70,50,30,6.5,0.5,20,50,4.558520000000001,1
Kurnool,1991,2.5848899999999997,800,28,70,50,30,6.5,0.5,20,50,2.49396,1
Kurnool,1992,2.39473,800,28,70,50,30,6.5,0.5,20,50,2.5848899999999997,1
Kurnool,1993,2.7039400000000002,800,28,70,50,30,6.5,0.5,20,50,2.39473,1
Kurnool,1994,2.24252,800,28,70,50,30,6.5,0.5,20,50,2.7039400000000002,1
Kurnool,1995,2.48691,800,28,70,50,30,6.5,0.5,20,50,2.24252,1
Kurnool,1996,2.99436,800,28,70,50,30,6.5,0.5,20,50,2.48691,1
Kurnool,1997,2.6494400000000002,800,28,70,50,30,6.5,0.5,20,50,2.99436,1
Kurnool,1998,2.84819,800,28,70,50,30,6.5,0.5,20,50,2.6494400000000002,1
Kurnool,1999,2.73796,800,28,70,50,30,6.5,0.5,20,50,2.84819,1
Kurnool,2000,3.2231,800,28,70,50,30,6.5,0.5,20,50,2.73796,1
Kurnool,2001,2.88081,800,28,70,50,30,6.5,0.5,20,50,3.2231,1
Kurnool,2002,2.16369,800,28,70,50,30,6.5,0.5,20,50,2.88081,1
Kurnool,2003,2.79845,800,28,70,50,30,6.5,0.5,20,50,2.16369,1
Kurnool,2004,3.3766100000000003,800,28,70,50,30,6.5,0.5,20,50,2.79845,1
Kurnool,2005,3.2913,800,28,70,50,30,6.5,0.5,20,50,3.3766100000000003,1
Kurnool,2006,3.32788,800,28,70,50,30,6.5,0.5,20,50,3.2913,1
Kurnool,2007,3.53931,800,28,70,50,30,6.5,0.5,20,50,3.32788,1
Kurnool,2008,3.42784,800,28,70,50,30,6.5,0.5,20,50,3.53931,1
Kurnool,2009,3.34321,800,28,70,50,30,6.5,0.5,20,50,3.42784,1
Kurnool,2010,2.9612600000000002,800,28,70,50,30,6.5,0.5,20,50,3.34321,1
Kurnool,2011,3.56647,800,28,70,50,30,6.5,0.5,20,50,2.9612600000000002,1
Kurnool,2012,3.75706,800,28,70,50,30,6.5,0.5,20,50,3.56647,1
Kurnool,2013,3.69613,800,28,70,50,30,6.5,0.5,20,50,3.75706,1
Kurnool,2014,3.8650100000000003,800,28,70,50,30,6.5,0.5,20,50,3.69613,1
Kurnool,2015,3.1929000000000003,800,28,70,50,30,6.5,0.5,20,50,3.8650100000000003,1
Kurnool,2016,3.97744,800,28,70,50,30,6.5,0.5,20,50,3.1929000000000003,1
Kurnool,2017,3.57006,800,28,70,50,30,6.5,0.5,20,50,3.97744,1
Ananthapur,1990,2.26152,800,28,70,50,30,6.5,0.5,20,50,3.57006,1
Ananthapur,1991,2.52996,800,28,70,50,30,6.5,0.5,20,50,2.26152,1
Ananthapur,1992,1.96295,800,28,70,50,30,6.5,0.5,20,50,2.52996,1
Ananthapur,1993,2.18367,800,28,70,50,30,6.5,0.5,20,50,1.96295,1
Ananthapur,1994,2.0,800,28,70,50,30,6.5,0.5,20,50,2.18367,1
Ananthapur,1995,2.17073,800,28,70,50,30,6.5,0.5,20,50,2.0,1
Ananthapur,1996,2.47059,800,28,70,50,30,6.5,0.5,20,50,2.17073,1
Ananthapur,1997,2.0740700000000003,800,28,70,50,30,6.5,0.5,20,50,2.47059,1
Ananthapur,1998,2.4769200000000002,800,28,70,50,30,6.5,0.5,20,50,2.0740700000000003,1
Ananthapur,1999,2.58798,800,28,70,50,30,6.5,0.5,20,50,2.4769200000000002,1
Ananthapur,2000,2.82129,800,28,70,50,30,6.5,0.5,20,50,2.58798,1
Ananthapur,2001,2.88056,800,28,70,50,30,6.5,0.5,20,50,2.82129,1
Ananthapur,2002,2.15,800,28,70,50,30,6.5,0.5,20,50,2.88056,1
Ananthapur,2003,2.4823600000000003,800,28,70,50,30,6.5,0.5,20,50,2.15,1
Ananthapur,2004,3.17659,800,28,70,50,30,6.5,0.5,20,50,2.4823600000000003,1
Ananthapur,2005,2.6076799999999998,800,28,70,50,30,6.5,0.5,20,50,3.17659,1
Ananthapur,2006,2.99398,800,28,70,50,30,6.5,0.5,20,50,2.6076799999999998,1
Ananthapur,2007,2.97865,800,28,70,50,30,6.5,0.5,20,50,2.99398,1
Ananthapur,2008,2.9644899999999996,800,28,70,50,30,6.5,0.5,20,50,2.97865,1
Ananthapur,2009,2.87338,800,28,70,50,30,6.5,0.5,20,50,2.9644899999999996,1
Ananthapur,2010,2.8662199999999998,800,28,70,50,30,6.5,0.5,20,50,2.87338,1
Ananthapur,2011,2.4670199999999998,800,28,70,50,30,6.5,0.5,20,50,2.8662199999999998,1
Ananthapur,2012,2.63167,800,28,70,50,30,6.5,0.5,20,50,2.4670199999999998,1
Ananthapur,2013,2.17673,800,28,70,50,30,6.5,0.5,20,50,2.63167,1
Ananthapur,2014,2.8254,800,28,70,50,30,6.5,0.5,20,50,2.17673,1
Ananthapur,2015,2.9045199999999998,800,28,70,50,30,6.5,0.5,20,50,2.8254,1
Ananthapur,2016,2.50933,800,28,70,50,30,6.5,0.5,20,50,2.9045199999999998,1
Ananthapur,2017,2.79352,800,28,70,50,30,6.5,0.5,20,50,2.50933,1
Kadapa YSR,1990,2.8299600000000003,800,28,70,50,30,6.5,0.5,20,50,2.79352,1
Kadapa YSR,1991,2.59135,800,28,70,50,30,6.5,0.5,20,50,2.8299600000000003,1
Kadapa YSR,1992,2.68052,800,28,70,50,30,6.5,0.5,20,50,2.59135,1
Kadapa YSR,1993,3.07692,800,28,70,50,30,6.5,0.5,20,50,2.68052,1
Kadapa YSR,1994,2.78431,800,28,70,50,30,6.5,0.5,20,50,3.07692,1
Kadapa YSR,1995,2.76271,800,28,70,50,30,6.5,0.5,20,50,2.78431,1
Kadapa YSR,1996,2.43902,800,28,70,50,30,6.5,0.5,20,50,2.76271,1
Kadapa YSR,1997,1.72131,800,28,70,50,30,6.5,0.5,20,50,2.43902,1
Kadapa YSR,1998,2.7894699999999997,800,28,70,50,30,6.5,0.5,20,50,1.72131,1
Kadapa YSR,1999,2.39263,800,28,70,50,30,6.5,0.5,20,50,2.7894699999999997,1
Kadapa YSR,2000,2.59802,800,28,70,50,30,6.5,0.5,20,50,2.39263,1
Kadapa YSR,2001,2.5750300000000004,800,28,70,50,30,6.5,0.5,20,50,2.59802,1
Kadapa YSR,2002,2.0,800,28,70,50,30,6.5,0.5,20,50,2.5750300000000004,1
Kadapa YSR,2003,2.46366,800,28,70,50,30,6.5,0.5,20,50,2.0,1
Kadapa YSR,2004,3.0604299999999998,800,28,70,50,30,6.5,0.5,20,50,2.46366,1
Kadapa YSR,2005,2.1216500000000003,800,28,70,50,30,6.5,0.5,20,50,3.0604299999999998,1
Kadapa YSR,2006,2.67448,800,28,70,50,30,6.5,0.5,20,50,2.1216500000000003,1
Kadapa YSR,2007,2.9421399999999998,800,28,70,50,30,6.5,0.5,20,50,2.67448,1
Kadapa YSR,2008,1.9738699999999998,800,28,70,50,30,6.5,0.5,20,50,2.9421399999999998,1
Kadapa YSR,2009,2.8770700000000002,800,28,70,50,30,6.5,0.5,20,50,1.9738699999999998,1
Kadapa YSR,2010,1.8407200000000001,800,28,70,50,30,6.5,0.5,20,50,2.8770700000000002,1
Kadapa YSR,2011,2.9436,800,28,70,50,30,6.5,0.5,20,50,1.8407200000000001,1
Kadapa YSR,2012,2.62764,800,28,70,50,30,6.5,0.5,20,50,2.9436,1
Kadapa YSR,2013,2.84309,800,28,70,50,30,6.5,0.5,20,50,2.62764,1
Kadapa YSR,2014,3.6138600000000003,800,28,70,50,30,6.5,0.5,20,50,2.84309,1
Kadapa YSR,2015,3.05837,800,28,70,50,30,6.5,0.5,20,50,3.6138600000000003,1
Kadapa YSR,2016,3.29114,800,28,70,50,30,6.5,0.5,20,50,3.05837,1
Kadapa YSR,2017,2.5421300000000002,800,28,70,50,30,6.5,0.5,20,50,3.29114,1
Chittoor,1990,2.55469,800,28,70,50,30,6.5,0.5,20,50,2.5421300000000002,1
Chittoor,1991,2.3065900000000004,800,28,70,50,30,6.5,0.5,20,50,2.55469,1
Chittoor,1992,1.7387000000000001,800,28,70,50,30,6.5,0.5,20,50,2.3065900000000004,1
Chittoor,1993,2.38679,800,28,70,50,30,6.5,0.5,20,50,1.7387000000000001,1
Chittoor,1994,2.2561,800,28,70,50,30,6.5,0.5,20,50,2.38679,1
Chittoor,1995,2.19277,800,28,70,50,30,6.5,0.5,20,50,2.2561,1
Chittoor,1996,2.42857,800,28,70,50,30,6.5,0.5,20,50,2.19277,1
Chittoor,1997,2.24242,800,28,70,50,30,6.5,0.5,20,50,2.42857,1
Chittoor,1998,2.54808,800,28,70,50,30,6.5,0.5,20,50,2.24242,1
Chittoor,1999,2.02959,800,28,70,50,30,6.5,0.5,20,50,2.54808,1
Chittoor,2000,2.47833,800,28,70,50,30,6.5,0.5,20,50,2.02959,1
Chittoor,2001,2.61344,800,28,70,50,30,6.5,0.5,20,50,2.47833,1
Chittoor,2002,2.54,800,28,70,50,30,6.5,0.5,20,50,2.61344,1
Chittoor,2003,1.86282,800,28,70,50,30,6.5,0.5,20,50,2.54,1
Chittoor,2004,2.50691,800,28,70,50,30,6.5,0.5,20,50,1.86282,1
Chittoor,2005,2.79441,800,28,70,50,30,6.5,0.5,20,50,2.50691,1
Chittoor,2006,2.7617399999999996,800,28,70,50,30,6.5,0.5,20,50,2.79441,1
Chittoor,2007,3.0021,800,28,70,50,30,6.5,0.5,20,50,2.7617399999999996,1
Chittoor,2008,2.96974,800,28,70,50,30,6.5,0.5,20,50,3.0021,1
Chittoor,2009,3.0983400000000003,800,28,70,50,30,6.5,0.5,20,50,2.96974,1
Chittoor,2010,3.0065,800,28,70,50,30,6.5,0.5,20,50,3.0983400000000003,1
Chittoor,2011,3.30522,800,28,70,50,30,6.5,0.5,20,50,3.0065,1
Chittoor,2012,3.6078699999999997,800,28,70,50,30,6.5,0.5,20,50,3.30522,1
Chittoor,2013,3.38989,800,28,70,50,30,6.5,0.5,20,50,3.6078699999999997,1
Chittoor,2014,3.23212,800,28,70,50,30,6.5,0.5,20,50,3.38989,1
Chittoor,2015,3.7952399999999997,800,28,70,50,30,6.5,0.5,20,50,3.23212,1
Chittoor,2016,3.64456,800,28,70,50,30,6.5,0.5,20,50,3.7952399999999997,1
Chittoor,2017,3.79799,800,28,70,50,30,6.5,0.5,20,50,3.64456,1
Hyderabad,1990,2.7521,800,28,70,50,30,6.5,0.5,20,50,3.79799,1
Hyderabad,1991,2.2170199999999998,800,28,70,50,30,6.5,0.5,20,50,2.7521,1
Hyderabad,1992,2.10222,800,28,70,50,30,6.5,0.5,20,50,2.2170199999999998,1
Hyderabad,1993,2.25641,800,28,70,50,30,6.5,0.5,20,50,2.10222,1
Hyderabad,1994,2.31429,800,28,70,50,30,6.5,0.5,20,50,2.25641,1
Hyderabad,1995,2.05,800,28,70,50,30,6.5,0.5,20,50,2.31429,1
Hyderabad,1996,2.29167,800,28,70,50,30,6.5,0.5,20,50,2.05,1
Hyderabad,1997,2.3,800,28,70,50,30,6.5,0.5,20,50,2.29167,1
Hyderabad,1998,2.2,800,28,70,50,30,6.5,0.5,20,50,2.3,1
Hyderabad,1999,2.18254,800,28,70,50,30,6.5,0.5,20,50,2.2,1
Hyderabad,2000,2.55112,800,28,70,50,30,6.5,0.5,20,50,2.18254,1
Hyderabad,2001,2.65625,800,28,70,50,30,6.5,0.5,20,50,2.55112,1
Hyderabad,2002,2.0,800,28,70,50,30,6.5,0.5,20,50,2.65625,1
Hyderabad,2003,2.35675,800,28,70,50,30,6.5,0.5,20,50,2.0,1
Hyderabad,2004,2.62154,800,28,70,50,30,6.5,0.5,20,50,2.35675,1
Hyderabad,2005,2.78564,800,28,70,50,30,6.5,0.5,20,50,2.62154,1
Hyderabad,2006,2.6669899999999997,800,28,70,50,30,6.5,0.5,20,50,2.78564,1
Hyderabad,2007,2.53355,800,28,70,50,30,6.5,0.5,20,50,2.6669899999999997,1
Hyderabad,2008,2.86667,800,28,70,50,30,6.5,0.5,20,50,2.53355,1
Hyderabad,2009,2.62048,800,28,70,50,30,6.5,0.5,20,50,2.86667,1
Hyderabad,2010,2.59931,800,28,70,50,30,6.5,0.5,20,50,2.62048,1
Hyderabad,2011,2.36089,800,28,70,50,30,6.5,0.5,20,50,2.59931,1
Hyderabad,2012,2.4052800000000003,800,28,70,50,30,6.5,0.5,20,50,2.36089,1
Hyderabad,2013,2.2839699999999996,800,28,70,50,30,6.5,0.5,20,50,2.4052800000000003,1
Hyderabad,2014,2.61497,800,28,70,50,30,6.5,0.5,20,50,2.2839699999999996,1
Hyderabad,2015,2.5292399999999997,800,28,70,50,30,6.5,0.5,20,50,2.61497,1
Hyderabad,2016,2.85843,800,28,70,50,30,6.5,0.5,20,50,2.5292399999999997,1
Hyderabad,2017,2.98371,800,28,70,50,30,6.5,0.5,20,50,2.85843,1
Nizamabad,1990,2.4580900000000003,800,28,70,50,30,6.5,0.5,20,50,2.98371,1
Nizamabad,1991,2.25135,800,28,70,50,30,6.5,0.5,20,50,2.4580900000000003,1
Nizamabad,1992,2.02706,800,28,70,50,30,6.5,0.5,20,50,2.25135,1
Nizamabad,1993,2.03604,800,28,70,50,30,6.5,0.5,20,50,2.02706,1
Nizamabad,1994,2.31818,800,28,70,50,30,6.5,0.5,20,50,2.03604,1
Nizamabad,1995,2.1323499999999997,800,28,70,50,30,6.5,0.5,20,50,2.31818,1
Nizamabad,1996,2.5473000000000003,800,28,70,50,30,6.5,0.5,20,50,2.1323499999999997,1
Nizamabad,1997,1.78641,800,28,70,50,30,6.5,0.5,20,50,2.5473000000000003,1
Nizamabad,1998,2.74214,800,28,70,50,30,6.5,0.5,20,50,1.78641,1
Nizamabad,1999,2.53894,800,28,70,50,30,6.5,0.5,20,50,2.74214,1
Nizamabad,2000,2.75602,800,28,70,50,30,6.5,0.5,20,50,2.53894,1
Nizamabad,2001,2.53133,800,28,70,50,30,6.5,0.5,20,50,2.75602,1
Nizamabad,2002,1.66667,800,28,70,50,30,6.5,0.5,20,50,2.53133,1
Nizamabad,2003,3.09029,800,28,70,50,30,6.5,0.5,20,50,1.66667,1
Nizamabad,2004,2.30572,800,28,70,50,30,6.5,0.5,20,50,3.09029,1
Nizamabad,2005,3.3836399999999998,800,28,70,50,30,6.5,0.5,20,50,2.30572,1
Nizamabad,2006,3.2142,800,28,70,50,30,6.5,0.5,20,50,3.3836399999999998,1
Nizamabad,2007,3.55394,800,28,70,50,30,6.5,0.5,20,50,3.2142,1
Nizamabad,2008,3.57633,800,28,70,50,30,6.5,0.5,20,50,3.55394,1
Nizamabad,2009,3.2082100000000002,800,28,70,50,30,6.5,0.5,20,50,3.57633,1
Nizamabad,2010,3.8094,800,28,70,50,30,6.5,0.5,20,50,3.2082100000000002,1
Nizamabad,2011,3.74197,800,28,70,50,30,6.5,0.5,20,50,3.8094,1
Nizamabad,2012,3.81525,800,28,70,50,30,6.5,0.5,20,50,3.74197,1
Nizamabad,2013,4.00364,800,28,70,50,30,6.5,0.5,20,50,3.81525,1
Nizamabad,2014,3.6659200000000003,800,28,70,50,30,6.5,0.5,20,50,4.00364,1
Nizamabad,2015,2.68071,800,28,70,50,30,6.5,0.5,20,50,3.6659200000000003,1
Nizamabad,2016,4.01174,800,28,70,50,30,6.5,0.5,20,50,2.68071,1
Nizamabad,2017,3.62614,800,28,70,50,30,6.5,0.5,20,50,4.01174,1
Medak,1990,2.1775100000000003,800,28,70,50,30,6.5,0.5,20,50,3.62614,1
Medak,1991,1.62005,800,28,70,50,30,6.5,0.5,20,50,2.1775100000000003,1
Medak,1992,1.7582200000000001,800,28,70,50,30,6.5,0.5,20,50,1.62005,1
Medak,1993,1.7826099999999998,800,28,70,50,30,6.5,0.5,20,50,1.7582200000000001,1
Medak,1994,2.23457,800,28,70,50,30,6.5,0.5,20,50,1.7826099999999998,1
Medak,1995,1.8,800,28,70,50,30,6.5,0.5,20,50,2.23457,1
Medak,1996,2.02778,800,28,70,50,30,6.5,0.5,20,50,1.8,1
Medak,1997,1.82432,800,28,70,50,30,6.5,0.5,20,50,2.02778,1
Medak,1998,2.4634099999999997,800,28,70,50,30,6.5,0.5,20,50,1.82432,1
Medak,1999,1.97093,800,28,70,50,30,6.5,0.5,20,50,2.4634099999999997,1
Medak,2000,2.7298,800,28,70,50,30,6.5,0.5,20,50,1.97093,1
Medak,2001,2.54818,800,28,70,50,30,6.5,0.5,20,50,2.7298,1
Medak,2002,2.0519499999999997,800,28,70,50,30,6.5,0.5,20,50,2.54818,1
Medak,2003,2.50301,800,28,70,50,30,6.5,0.5,20,50,2.0519499999999997,1
Medak,2004,1.99296,800,28,70,50,30,6.5,0.5,20,50,2.50301,1
Medak,2005,2.90055,800,28,70,50,30,6.5,0.5,20,50,1.99296,1
Medak,2006,2.69906,800,28,70,50,30,6.5,0.5,20,50,2.90055,1
Medak,2007,3.03329,800,28,70,50,30,6.5,0.5,20,50,2.69906,1
Medak,2008,2.8846700000000003,800,28,70,50,30,6.5,0.5,20,50,3.03329,1
Medak,2009,2.7994499999999998,800,28,70,50,30,6.5,0.5,20,50,2.8846700000000003,1
Medak,2010,3.56198,800,28,70,50,30,6.5,0.5,20,50,2.7994499999999998,1
Medak,2011,2.96986,800,28,70,50,30,6.5,0.5,20,50,3.56198,1
Medak,2012,3.37622,800,28,70,50,30,6.5,0.5,20,50,2.96986,1
Medak,2013,3.6526300000000003,800,28,70,50,30,6.5,0.5,20,50,3.37622,1
Medak,2014,3.27424,800,28,70,50,30,6.5,0.5,20,50,3.6526300000000003,1
Medak,2015,2.8487600000000004,800,28,70,50,30,6.5,0.5,20,50,3.27424,1
Medak,2016,3.70762,800,28,70,50,30,6.5,0.5,20,50,2.8487600000000004,1
Medak,2017,3.40618,800,28,70,50,30,6.5,0.5,20,50,3.70762,1
Mahabubnagar,1990,1.96774,800,28,70,50,30,6.5,0.5,20,50,3.40618,1
Mahabubnagar,1991,2.3751599999999997,800,28,70,50,30,6.5,0.5,20,50,1.96774,1
Mahabubnagar,1992,1.76833,800,28,70,50,30,6.5,0.5,20,50,2.3751599999999997,1
Mahabubnagar,1993,1.68,800,28,70,50,30,6.5,0.5,20,50,1.76833,1
Mahabubnagar,1994,1.75362,800,28,70,50,30,6.5,0.5,20,50,1.68,1
Mahabubnagar,1995,1.91,800,28,70,50,30,6.5,0.5,20,50,1.75362,1
Mahabubnagar,1996,2.19835,800,28,70,50,30,6.5,0.5,20,50,1.91,1
Mahabubnagar,1997,1.94565,800,28,70,50,30,6.5,0.5,20,50,2.19835,1
Mahabubnagar,1998,1.98639,800,28,70,50,30,6.5,0.5,20,50,1.94565,1
Mahabubnagar,1999,1.69655,800,28,70,50,30,6.5,0.5,20,50,1.98639,1
Mahabubnagar,2000,2.59179,800,28,70,50,30,6.5,0.5,20,50,1.69655,1
Mahabubnagar,2001,2.38949,800,28,70,50,30,6.5,0.5,20,50,2.59179,1
Mahabubnagar,2002,2.01818,800,28,70,50,30,6.5,0.5,20,50,2.38949,1
Mahabubnagar,2003,2.3176900000000002,800,28,70,50,30,6.5,0.5,20,50,2.01818,1
Mahabubnagar,2004,2.26465,800,28,70,50,30,6.5,0.5,20,50,2.3176900000000002,1
Mahabubnagar,2005,2.50129,800,28,70,50,30,6.5,0.5,20,50,2.26465,1
Mahabubnagar,2006,2.44418,800,28,70,50,30,6.5,0.5,20,50,2.50129,1
Mahabubnagar,2007,2.87493,800,28,70,50,30,6.5,0.5,20,50,2.44418,1
Mahabubnagar,2008,2.91032,800,28,70,50,30,6.5,0.5,20,50,2.87493,1
Mahabubnagar,2009,2.44788,800,28,70,50,30,6.5,0.5,20,50,2.91032,1
Mahabubnagar,2010,2.77463,800,28,70,50,30,6.5,0.5,20,50,2.44788,1
Mahabubnagar,2011,2.30464,800,28,70,50,30,6.5,0.5,20,50,2.77463,1
Mahabubnagar,2012,2.6790100000000003,800,28,70,50,30,6.5,0.5,20,50,2.30464,1
Mahabubnagar,2013,2.83876,800,28,70,50,30,6.5,0.5,20,50,2.6790100000000003,1
Mahabubnagar,2014,2.60061,800,28,70,50,30,6.5,0.5,20,50,2.83876,1
Mahabubnagar,2015,2.23328,800,28,70,50,30,6.5,0.5,20,50,2.60061,1
Mahabubnagar,2016,2.69659,800,28,70,50,30,6.5,0.5,20,50,2.23328,1
Mahabubnagar,2017,2.45912,800,28,70,50,30,6.5,0.5,20,50,2.69659,1
Nalgonda,1990,2.66069,800,28,70,50,30,6.5,0.5,20,50,2.45912,1
Nalgonda,1991,2.6237,800,28,70,50,30,6.5,0.5,20,50,2.66069,1
Nalgonda,1992,2.7975700000000003,800,28,70,50,30,6.5,0.5,20,50,2.6237,1
Nalgonda,1993,2.87556,800,28,70,50,30,6.5,0.5,20,50,2.7975700000000003,1
Nalgonda,1994,2.85903,800,28,70,50,30,6.5,0.5,20,50,2.87556,1
Nalgonda,1995,2.61224,800,28,70,50,30,6.5,0.5,20,50,2.85903,1
Nalgonda,1996,2.7777800000000004,800,28,70,50,30,6.5,0.5,20,50,2.61224,1
Nalgonda,1997,2.45283,800,28,70,50,30,6.5,0.5,20,50,2.7777800000000004,1
Nalgonda,1998,2.9056599999999997,800,28,70,50,30,6.5,0.5,20,50,2.45283,1
Nalgonda,1999,2.41025,800,28,70,50,30,6.5,0.5,20,50,2.9056599999999997,1
Nalgonda,2000,3.03629,800,28,70,50,30,6.5,0.5,20,50,2.41025,1
Nalgonda,2001,2.70846,800,28,70,50,30,6.5,0.5,20,50,3.03629,1
Nalgonda,2002,2.25758,800,28,70,50,30,6.5,0.5,20,50,2.70846,1
Nalgonda,2003,2.91147,800,28,70,50,30,6.5,0.5,20,50,2.25758,1
Nalgonda,2004,2.88095,800,28,70,50,30,6.5,0.5,20,50,2.91147,1
Nalgonda,2005,3.02115,800,28,70,50,30,6.5,0.5,20,50,2.88095,1
Nalgonda,2006,2.83488,800,28,70,50,30,6.5,0.5,20,50,3.02115,1
Nalgonda,2007,3.1854299999999998,800,28,70,50,30,6.5,0.5,20,50,2.83488,1
Nalgonda,2008,3.17932,800,28,70,50,30,6.5,0.5,20,50,3.1854299999999998,1
Nalgonda,2009,3.3609,800,28,70,50,30,6.5,0.5,20,50,3.17932,1
Nalgonda,2010,3.2658400000000003,800,28,70,50,30,6.5,0.5,20,50,3.3609,1
Nalgonda,2011,2.94057,800,28,70,50,30,6.5,0.5,20,50,3.2658400000000003,1
Nalgonda,2012,3.2796399999999997,800,28,70,50,30,6.5,0.5,20,50,2.94057,1
Nalgonda,2013,3.06113,800,28,70,50,30,6.5,0.5,20,50,3.2796399999999997,1
Nalgonda,2014,3.22024,800,28,70,50,30,6.5,0.5,20,50,3.06113,1
Nalgonda,2015,2.91661,800,28,70,50,30,6.5,0.5,20,50,3.22024,1
Nalgonda,2016,3.5268200000000003,800,28,70,50,30,6.5,0.5,20,50,2.91661,1
Nalgonda,2017,3.3250900000000003,800,28,70,50,30,6.5,0.5,20,50,3.5268200000000003,1
Warangal,1990,2.41914,800,28,70,50,30,6.5,0.5,20,50,3.3250900000000003,1
Warangal,1991,2.26254,800,28,70,50,30,6.5,0.5,20,50,2.41914,1
Warangal,1992,1.9485599999999998,800,28,70,50,30,6.5,0.5,20,50,2.26254,1
Warangal,1993,2.4907399999999997,800,28,70,50,30,6.5,0.5,20,50,1.9485599999999998,1
Warangal,1994,2.66901,800,28,70,50,30,6.5,0.5,20,50,2.4907399999999997,1
Warangal,1995,2.3676500000000003,800,28,70,50,30,6.5,0.5,20,50,2.66901,1
Warangal,1996,2.67598,800,28,70,50,30,6.5,0.5,20,50,2.3676500000000003,1
Warangal,1997,2.30769,800,28,70,50,30,6.5,0.5,20,50,2.67598,1
Warangal,1998,2.7681199999999997,800,28,70,50,30,6.5,0.5,20,50,2.30769,1
Warangal,1999,2.1151799999999996,800,28,70,50,30,6.5,0.5,20,50,2.7681199999999997,1
Warangal,2000,2.88769,800,28,70,50,30,6.5,0.5,20,50,2.1151799999999996,1
Warangal,2001,2.8688200000000004,800,28,70,50,30,6.5,0.5,20,50,2.88769,1
Warangal,2002,2.1703699999999997,800,28,70,50,30,6.5,0.5,20,50,2.8688200000000004,1
Warangal,2003,3.00029,800,28,70,50,30,6.5,0.5,20,50,2.1703699999999997,1
Warangal,2004,2.7299,800,28,70,50,30,6.5,0.5,20,50,3.00029,1
Warangal,2005,3.20081,800,28,70,50,30,6.5,0.5,20,50,2.7299,1
Warangal,2006,2.82086,800,28,70,50,30,6.5,0.5,20,50,3.20081,1
Warangal,2007,2.99582,800,28,70,50,30,6.5,0.5,20,50,2.82086,1
Warangal,2008,2.98869,800,28,70,50,30,6.5,0.5,20,50,2.99582,1
Warangal,2009,2.54223,800,28,70,50,30,6.5,0.5,20,50,2.98869,1
Warangal,2010,3.20977,800,28,70,50,30,6.5,0.5,20,50,2.54223,1
Warangal,2011,2.55823,800,28,70,50,30,6.5,0.5,20,50,3.20977,1
Warangal,2012,3.28558,800,28,70,50,30,6.5,0.5,20,50,2.55823,1
Warangal,2013,3.14114,800,28,70,50,30,6.5,0.5,20,50,3.28558,1
Warangal,2014,3.0803499999999997,800,28,70,50,30,6.5,0.5,20,50,3.14114,1
Warangal,2015,3.16419,800,28,70,50,30,6.5,0.5,20,50,3.0803499999999997,1
Warangal,2016,3.53943,800,28,70,50,30,6.5,0.5,20,50,3.16419,1
Warangal,2017,2.90875,800,28,70,50,30,6.5,0.5,20,50,3.53943,1
Khammam,1990,2.2700500000000003,800,28,70,50,30,6.5,0.5,20,50,2.90875,1
Khammam,1991,2.2720599999999997,800,28,70,50,30,6.5,0.5,20,50,2.2700500000000003,1
Khammam,1992,1.9773,800,28,70,50,30,6.5,0.5,20,50,2.2720599999999997,1
Khammam,1993,2.50345,800,28,70,50,30,6.5,0.5,20,50,1.9773,1
Khammam,1994,2.64327,800,28,70,50,30,6.5,0.5,20,50,2.50345,1
Khammam,1995,2.35659,800,28,70,50,30,6.5,0.5,20,50,2.64327,1
Khammam,1996,2.60109,800,28,70,50,30,6.5,0.5,20,50,2.35659,1
Khammam,1997,2.06923,800,28,70,50,30,6.5,0.5,20,50,2.60109,1
Khammam,1998,2.7311799999999997,800,28,70,50,30,6.5,0.5,20,50,2.06923,1
Khammam,1999,2.25332,800,28,70,50,30,6.5,0.5,20,50,2.7311799999999997,1
Khammam,2000,2.75108,800,28,70,50,30,6.5,0.5,20,50,2.25332,1
Khammam,2001,2.83979,800,28,70,50,30,6.5,0.5,20,50,2.75108,1
Khammam,2002,1.74038,800,28,70,50,30,6.5,0.5,20,50,2.83979,1
Khammam,2003,2.90254,800,28,70,50,30,6.5,0.5,20,50,1.74038,1
Khammam,2004,2.91568,800,28,70,50,30,6.5,0.5,20,50,2.90254,1
Khammam,2005,2.65361,800,28,70,50,30,6.5,0.5,20,50,2.91568,1
Khammam,2006,2.5147,800,28,70,50,30,6.5,0.5,20,50,2.65361,1
Khammam,2007,3.10983,800,28,70,50,30,6.5,0.5,20,50,2.5147,1
Khammam,2008,3.05755,800,28,70,50,30,6.5,0.5,20,50,3.10983,1
Khammam,2009,2.97284,800,28,70,50,30,6.5,0.5,20,50,3.05755,1
Khammam,2010,3.22598,800,28,70,50,30,6.5,0.5,20,50,2.97284,1
Khammam,2011,2.49041,800,28,70,50,30,6.5,0.5,20,50,3.22598,1
Khammam,2012,3.0751399999999998,800,28,70,50,30,6.5,0.5,20,50,2.49041,1
Khammam,2013,2.99969,800,28,70,50,30,6.5,0.5,20,50,3.0751399999999998,1
Khammam,2014,3.13074,800,28,70,50,30,6.5,0.5,20,50,2.99969,1
Khammam,2015,3.0343400000000003,800,28,70,50,30,6.5,0.5,20,50,3.13074,1
Khammam,2016,3.68386,800,28,70,50,30,6.5,0.5,20,50,3.0343400000000003,1
Khammam,2017,3.17626,800,28,70,50,30,6.5,0.5,20,50,3.68386,1
Karimnagar,1990,2.71208,800,28,70,50,30,6.5,0.5,20,50,3.17626,1
Karimnagar,1991,2.5447100000000002,800,28,70,50,30,6.5,0.5,20,50,2.71208,1
Karimnagar,1992,2.3728200000000004,800,28,70,50,30,6.5,0.5,20,50,2.5447100000000002,1
Karimnagar,1993,2.5675700000000004,800,28,70,50,30,6.5,0.5,20,50,2.3728200000000004,1
Karimnagar,1994,2.76582,800,28,70,50,30,6.5,0.5,20,50,2.5675700000000004,1
Karimnagar,1995,2.66667,800,28,70,50,30,6.5,0.5,20,50,2.76582,1
Karimnagar,1996,3.12174,800,28,70,50,30,6.5,0.5,20,50,2.66667,1
Karimnagar,1997,2.77193,800,28,70,50,30,6.5,0.5,20,50,3.12174,1
Karimnagar,1998,3.24031,800,28,70,50,30,6.5,0.5,20,50,2.77193,1
Karimnagar,1999,3.11396,800,28,70,50,30,6.5,0.5,20,50,3.24031,1
Karimnagar,2000,3.26306,800,28,70,50,30,6.5,0.5,20,50,3.11396,1
Karimnagar,2001,3.11561,800,28,70,50,30,6.5,0.5,20,50,3.26306,1
Karimnagar,2002,2.73626,800,28,70,50,30,6.5,0.5,20,50,3.11561,1
Karimnagar,2003,3.2095599999999997,800,28,70,50,30,6.5,0.5,20,50,2.73626,1
Karimnagar,2004,2.37171,800,28,70,50,30,6.5,0.5,20,50,3.2095599999999997,1
Karimnagar,2005,3.4245900000000002,800,28,70,50,30,6.5,0.5,20,50,2.37171,1
Karimnagar,2006,3.20698,800,28,70,50,30,6.5,0.5,20,50,3.4245900000000002,1
Karimnagar,2007,3.49617,800,28,70,50,30,6.5,0.5,20,50,3.20698,1
Karimnagar,2008,3.50042,800,28,70,50,30,6.5,0.5,20,50,3.49617,1
Karimnagar,2009,3.16263,800,28,70,50,30,6.5,0.5,20,50,3.50042,1
Karimnagar,2010,3.5433499999999998,800,28,70,50,30,6.5,0.5,20,50,3.16263,1
Karimnagar,2011,3.2618400000000003,800,28,70,50,30,6.5,0.5,20,50,3.5433499999999998,1
Karimnagar,2012,3.54794,800,28,70,50,30,6.5,0.5,20,50,3.2618400000000003,1
Karimnagar,2013,3.5913000000000004,800,28,70,50,30,6.5,0.5,20,50,3.54794,1
Karimnagar,2014,3.5591,800,28,70,50,30,6.5,0.5,20,50,3.5913000000000004,1
Karimnagar,2015,3.25094,800,28,70,50,30,6.5,0.5,20,50,3.5591,1
Karimnagar,2016,3.94809,800,28,70,50,30,6.5,0.5,20,50,3.25094,1
Karimnagar,2017,3.34224,800,28,70,50,30,6.5,0.5,20,50,3.94809,1
Adilabad,1990,1.70986,800,28,70,50,30,6.5,0.5,20,50,3.34224,1
Adilabad,1991,0.88621,800,28,70,50,30,6.5,0.5,20,50,1.70986,1
Adilabad,1992,1.633,800,28,70,50,30,6.5,0.5,20,50,0.88621,1
Adilabad,1993,2.09677,800,28,70,50,30,6.5,0.5,20,50,1.633,1
Adilabad,1994,1.8871,800,28,70,50,30,6.5,0.5,20,50,2.09677,1
Adilabad,1995,1.18571,800,28,70,50,30,6.5,0.5,20,50,1.8871,1
Adilabad,1996,2.2656300000000003,800,28,70,50,30,6.5,0.5,20,50,1.18571,1
Adilabad,1997,1.1388900000000002,800,28,70,50,30,6.5,0.5,20,50,2.2656300000000003,1
Adilabad,1998,2.34177,800,28,70,50,30,6.5,0.5,20,50,1.1388900000000002,1
Adilabad,1999,2.44371,800,28,70,50,30,6.5,0.5,20,50,2.34177,1
Adilabad,2000,2.15903,800,28,70,50,30,6.5,0.5,20,50,2.44371,1
Adilabad,2001,2.2522699999999998,800,28,70,50,30,6.5,0.5,20,50,2.15903,1
Adilabad,2002,1.5844200000000002,800,28,70,50,30,6.5,0.5,20,50,2.2522699999999998,1
Adilabad,2003,2.4808499999999998,800,28,70,50,30,6.5,0.5,20,50,1.5844200000000002,1
Adilabad,2004,1.5870799999999998,800,28,70,50,30,6.5,0.5,20,50,2.4808499999999998,1
Adilabad,2005,2.5495900000000002,800,28,70,50,30,6.5,0.5,20,50,1.5870799999999998,1
Adilabad,2006,2.41147,800,28,70,50,30,6.5,0.5,20,50,2.5495900000000002,1
Adilabad,2007,2.3723899999999998,800,28,70,50,30,6.5,0.5,20,50,2.41147,1
Adilabad,2008,2.5667,800,28,70,50,30,6.5,0.5,20,50,2.3723899999999998,1
Adilabad,2009,2.04697,800,28,70,50,30,6.5,0.5,20,50,2.5667,1
Adilabad,2010,2.8177800000000004,800,28,70,50,30,6.5,0.5,20,50,2.04697,1
Adilabad,2011,2.61691,800,28,70,50,30,6.5,0.5,20,50,2.8177800000000004,1
Adilabad,2012,2.64693,800,28,70,50,30,6.5,0.5,20,50,2.61691,1
Adilabad,2013,2.74462,800,28,70,50,30,6.5,0.5,20,50,2.64693,1
Adilabad,2014,2.51857,800,28,70,50,30,6.5,0.5,20,50,2.74462,1
Adilabad,2015,2.63652,800,28,70,50,30,6.5,0.5,20,50,2.51857,1
Adilabad,2016,3.11542,800,28,70,50,30,6.5,0.5,20,50,2.63652,1
Adilabad,2017,2.66768,800,28,70,50,30,6.5,0.5,20,50,3.11542,1
Bangalore,1990,1.83738,800,28,70,50,30,6.5,0.5,20,50,2.66768,1
Bangalore,1991,2.42604,800,28,70,50,30,6.5,0.5,20,50,1.83738,1
Bangalore,1992,2.39535,800,28,70,50,30,6.5,0.5,20,50,2.42604,1
Bangalore,1993,2.58081,800,28,70,50,30,6.5,0.5,20,50,2.39535,1
Bangalore,1994,2.22668,800,28,70,50,30,6.5,0.5,20,50,2.58081,1
Bangalore,1995,2.45774,800,28,70,50,30,6.5,0.5,20,50,2.22668,1
Bangalore,1996,2.6304499999999997,800,28,70,50,30,6.5,0.5,20,50,2.45774,1
Bangalore,1997,2.60827,800,28,70,50,30,6.5,0.5,20,50,2.6304499999999997,1
Bangalore,1998,2.91176,800,28,70,50,30,6.5,0.5,20,50,2.60827,1
Bangalore,1999,2.71444,800,28,70,50,30,6.5,0.5,20,50,2.91176,1
Bangalore,2000,2.58503,800,28,70,50,30,6.5,0.5,20,50,2.71444,1
Bangalore,2001,2.39674,800,28,70,50,30,6.5,0.5,20,50,2.58503,1
Bangalore,2002,2.2453000000000003,800,28,70,50,30,6.5,0.5,20,50,2.39674,1
Bangalore,2003,2.5292800000000004,800,28,70,50,30,6.5,0.5,20,50,2.2453000000000003,1
Bangalore,2004,3.04274,800,28,70,50,30,6.5,0.5,20,50,2.5292800000000004,1
Bangalore,2005,2.50326,800,28,70,50,30,6.5,0.5,20,50,3.04274,1
Bangalore,2006,2.09164,800,28,70,50,30,6.5,0.5,20,50,2.50326,1
Bangalore,2007,2.88356,800,28,70,50,30,6.5,0.5,20,50,2.09164,1
Bangalore,2008,3.0647800000000003,800,28,70,50,30,6.5,0.5,20,50,2.88356,1
Bangalore,2009,3.09734,800,28,70,50,30,6.5,0.5,20,50,3.0647800000000003,1
Bangalore,2010,2.66086,800,28,70,50,30,6.5,0.5,20,50,3.09734,1
Bangalore,2011,2.93321,800,28,70,50,30,6.5,0.5,20,50,2.66086,1
Bangalore,2012,2.56166,800,28,70,50,30,6.5,0.5,20,50,2.93321,1
Bangalore,2013,2.78194,800,28,70,50,30,6.5,0.5,20,50,2.56166,1
Bangalore,2014,2.68275,800,28,70,50,30,6.5,0.5,20,50,2.78194,1
Bangalore,2015,2.4522600000000003,800,28,70,50,30,6.5,0.5,20,50,2.68275,1
Bangalore,2016,1.86688,800,28,70,50,30,6.5,0.5,20,50,2.4522600000000003,1
Bangalore,2017,2.9505700000000004,800,28,70,50,30,6.5,0.5,20,50,1.86688,1
Kolar,1990,1.63224,800,28,70,50,30,6.5,0.5,20,50,2.9505700000000004,1
Kolar,1991,2.54626,800,28,70,50,30,6.5,0.5,20,50,1.63224,1
Kolar,1992,2.3627399999999996,800,28,70,50,30,6.5,0.5,20,50,2.54626,1
Kolar,1993,2.7935100000000004,800,28,70,50,30,6.5,0.5,20,50,2.3627399999999996,1
Kolar,1994,2.01069,800,28,70,50,30,6.5,0.5,20,50,2.7935100000000004,1
Kolar,1995,2.5303899999999997,800,28,70,50,30,6.5,0.5,20,50,2.01069,1
Kolar,1996,2.44348,800,28,70,50,30,6.5,0.5,20,50,2.5303899999999997,1
Kolar,1997,2.4329899999999998,800,28,70,50,30,6.5,0.5,20,50,2.44348,1
Kolar,1998,2.72737,800,28,70,50,30,6.5,0.5,20,50,2.4329899999999998,1
Kolar,1999,2.103,800,28,70,50,30,6.5,0.5,20,50,2.72737,1
Kolar,2000,2.63158,800,28,70,50,30,6.5,0.5,20,50,2.103,1
Kolar,2001,2.1117399999999997,800,28,70,50,30,6.5,0.5,20,50,2.63158,1
Kolar,2002,1.97607,800,28,70,50,30,6.5,0.5,20,50,2.1117399999999997,1
Kolar,2003,2.29691,800,28,70,50,30,6.5,0.5,20,50,1.97607,1
Kolar,2004,2.48087,800,28,70,50,30,6.5,0.5,20,50,2.29691,1
Kolar,2005,3.5693,800,28,70,50,30,6.5,0.5,20,50,2.48087,1
Kolar,2006,1.90546,800,28,70,50,30,6.5,0.5,20,50,3.5693,1
Kolar,2007,2.26923,800,28,70,50,30,6.5,0.5,20,50,1.90546,1
Kolar,2008,2.5480500000000004,800,28,70,50,30,6.5,0.5,20,50,2.26923,1
Kolar,2009,2.0392,800,28,70,50,30,6.5,0.5,20,50,2.5480500000000004,1
Kolar,2010,2.5423400000000003,800,28,70,50,30,6.5,0.5,20,50,2.0392,1
Kolar,2011,2.5055500000000004,800,28,70,50,30,6.5,0.5,20,50,2.5423400000000003,1
Kolar,2012,2.46667,800,28,70,50,30,6.5,0.5,20,50,2.5055500000000004,1
Kolar,2013,2.32598,800,28,70,50,30,6.5,0.5,20,50,2.46667,1
Kolar,2014,2.4347800000000004,800,28,70,50,30,6.5,0.5,20,50,2.32598,1
Kolar,2015,2.44509,800,28,70,50,30,6.5,0.5,20,50,2.4347800000000004,1
Kolar,2016,2.22972,800,28,70,50,30,6.5,0.5,20,50,2.44509,1
Kolar,2017,3.23355,800,28,70,50,30,6.5,0.5,20,50,2.22972,1
Tumkur,1990,1.62592,800,28,70,50,30,6.5,0.5,20,50,3.23355,1
Tumkur,1991,2.45282,800,28,70,50,30,6.5,0.5,20,50,1.62592,1
Tumkur,1992,2.68935,800,28,70,50,30,6.5,0.5,20,50,2.45282,1
Tumkur,1993,2.81189,800,28,70,50,30,6.5,0.5,20,50,2.68935,1
Tumkur,1994,2.3851999999999998,800,28,70,50,30,6.5,0.5,20,50,2.81189,1
Tumkur,1995,2.64735,800,28,70,50,30,6.5,0.5,20,50,2.3851999999999998,1
Tumkur,1996,2.80554,800,28,70,50,30,6.5,0.5,20,50,2.64735,1
Tumkur,1997,2.71905,800,28,70,50,30,6.5,0.5,20,50,2.80554,1
Tumkur,1998,2.88514,800,28,70,50,30,6.5,0.5,20,50,2.71905,1
Tumkur,1999,2.67275,800,28,70,50,30,6.5,0.5,20,50,2.88514,1
Tumkur,2000,2.67135,800,28,70,50,30,6.5,0.5,20,50,2.67275,1
Tumkur,2001,2.6304600000000002,800,28,70,50,30,6.5,0.5,20,50,2.67135,1
Tumkur,2002,2.50171,800,28,70,50,30,6.5,0.5,20,50,2.6304600000000002,1
Tumkur,2003,2.59696,800,28,70,50,30,6.5,0.5,20,50,2.50171,1
Tumkur,2004,2.99656,800,28,70,50,30,6.5,0.5,20,50,2.59696,1
Tumkur,2005,2.7080300000000004,800,28,70,50,30,6.5,0.5,20,50,2.99656,1
Tumkur,2006,2.5775300000000003,800,28,70,50,30,6.5,0.5,20,50,2.7080300000000004,1
Tumkur,2007,2.86385,800,28,70,50,30,6.5,0.5,20,50,2.5775300000000003,1
Tumkur,2008,2.6873400000000003,800,28,70,50,30,6.5,0.5,20,50,2.86385,1
Tumkur,2009,2.55806,800,28,70,50,30,6.5,0.5,20,50,2.6873400000000003,1
Tumkur,2010,2.84644,800,28,70,50,30,6.5,0.5,20,50,2.55806,1
Tumkur,2011,2.8002800000000003,800,28,70,50,30,6.5,0.5,20,50,2.84644,1
Tumkur,2012,2.5332399999999997,800,28,70,50,30,6.5,0.5,20,50,2.8002800000000003,1
Tumkur,2013,2.95169,800,28,70,50,30,6.5,0.5,20,50,2.5332399999999997,1
Tumkur,2014,2.83176,800,28,70,50,30,6.5,0.5,20,50,2.95169,1
Tumkur,2015,2.81792,800,28,70,50,30,6.5,0.5,20,50,2.83176,1
Tumkur,2016,2.43488,800,28,70,50,30,6.5,0.5,20,50,2.81792,1
Tumkur,2017,2.52902,800,28,70,50,30,6.5,0.5,20,50,2.43488,1
Mysore,1990,2.69644,800,28,70,50,30,6.5,0.5,20,50,2.52902,1
Mysore,1991,2.8534800000000002,800,28,70,50,30,6.5,0.5,20,50,2.69644,1
Mysore,1992,2.9418200000000003,800,28,70,50,30,6.5,0.5,20,50,2.8534800000000002,1
Mysore,1993,2.85819,800,28,70,50,30,6.5,0.5,20,50,2.9418200000000003,1
Mysore,1994,3.2567600000000003,800,28,70,50,30,6.5,0.5,20,50,2.85819,1
Mysore,1995,3.1317,800,28,70,50,30,6.5,0.5,20,50,3.2567600000000003,1
Mysore,1996,3.11008,800,28,70,50,30,6.5,0.5,20,50,3.1317,1
Mysore,1997,2.89031,800,28,70,50,30,6.5,0.5,20,50,3.11008,1
Mysore,1998,3.0621199999999997,800,28,70,50,30,6.5,0.5,20,50,2.89031,1
Mysore,1999,2.86896,800,28,70,50,30,6.5,0.5,20,50,3.0621199999999997,1
Mysore,2000,2.9186199999999998,800,28,70,50,30,6.5,0.5,20,50,2.86896,1
Mysore,2001,3.12056,800,28,70,50,30,6.5,0.5,20,50,2.9186199999999998,1
Mysore,2002,2.7555300000000003,800,28,70,50,30,6.5,0.5,20,50,3.12056,1
Mysore,2003,2.9819299999999997,800,28,70,50,30,6.5,0.5,20,50,2.7555300000000003,1
Mysore,2004,3.35596,800,28,70,50,30,6.5,0.5,20,50,2.9819299999999997,1
Mysore,2005,2.94205,800,28,70,50,30,6.5,0.5,20,50,3.35596,1
Mysore,2006,2.7822,800,28,70,50,30,6.5,0.5,20,50,2.94205,1
Mysore,2007,2.95768,800,28,70,50,30,6.5,0.5,20,50,2.7822,1
Mysore,2008,2.9441599999999997,800,28,70,50,30,6.5,0.5,20,50,2.95768,1
Mysore,2009,3.03808,800,28,70,50,30,6.5,0.5,20,50,2.9441599999999997,1
Mysore,2010,3.0738499999999997,800,28,70,50,30,6.5,0.5,20,50,3.03808,1
Mysore,2011,3.16343,800,28,70,50,30,6.5,0.5,20,50,3.0738499999999997,1
Mysore,2012,3.18423,800,28,70,50,30,6.5,0.5,20,50,3.16343,1
Mysore,2013,3.45812,800,28,70,50,30,6.5,0.5,20,50,3.18423,1
Mysore,2014,3.37491,800,28,70,50,30,6.5,0.5,20,50,3.45812,1
Mysore,2015,3.40866,800,28,70,50,30,6.5,0.5,20,50,3.37491,1
Mysore,2016,2.82623,800,28,70,50,30,6.5,0.5,20,50,3.40866,1
Mysore,2017,3.09259,800,28,70,50,30,6.5,0.5,20,50,2.82623,1
Mandya,1990,2.80507,800,28,70,50,30,6.5,0.5,20,50,3.09259,1
Mandya,1991,2.89603,800,28,70,50,30,6.5,0.5,20,50,2.80507,1
Mandya,1992,3.13404,800,28,70,50,30,6.5,0.5,20,50,2.89603,1
Mandya,1993,3.10729,800,28,70,50,30,6.5,0.5,20,50,3.13404,1
Mandya,1994,3.29386,800,28,70,50,30,6.5,0.5,20,50,3.10729,1
Mandya,1995,3.1915,800,28,70,50,30,6.5,0.5,20,50,3.29386,1
Mandya,1996,2.92369,800,28,70,50,30,6.5,0.5,20,50,3.1915,1
Mandya,1997,2.8120700000000003,800,28,70,50,30,6.5,0.5,20,50,2.92369,1
Mandya,1998,3.07498,800,28,70,50,30,6.5,0.5,20,50,2.8120700000000003,1
Mandya,1999,3.1216399999999997,800,28,70,50,30,6.5,0.5,20,50,3.07498,1
Mandya,2000,2.96578,800,28,70,50,30,6.5,0.5,20,50,3.1216399999999997,1
Mandya,2001,2.9655500000000004,800,28,70,50,30,6.5,0.5,20,50,2.96578,1
Mandya,2002,2.83766,800,28,70,50,30,6.5,0.5,20,50,2.9655500000000004,1
Mandya,2003,3.2415700000000003,800,28,70,50,30,6.5,0.5,20,50,2.83766,1
Mandya,2004,3.69094,800,28,70,50,30,6.5,0.5,20,50,3.2415700000000003,1
Mandya,2005,3.06348,800,28,70,50,30,6.5,0.5,20,50,3.69094,1
Mandya,2006,3.0151,800,28,70,50,30,6.5,0.5,20,50,3.06348,1
Mandya,2007,3.20618,800,28,70,50,30,6.5,0.5,20,50,3.0151,1
Mandya,2008,3.1955,800,28,70,50,30,6.5,0.5,20,50,3.20618,1
Mandya,2009,3.29427,800,28,70,50,30,6.5,0.5,20,50,3.1955,1
Mandya,2010,3.41881,800,28,70,50,30,6.5,0.5,20,50,3.29427,1
Mandya,2011,3.3931999999999998,800,28,70,50,30,6.5,0.5,20,50,3.41881,1
Mandya,2012,3.11632,800,28,70,50,30,6.5,0.5,20,50,3.3931999999999998,1
Mandya,2013,3.49208,800,28,70,50,30,6.5,0.5,20,50,3.11632,1
Mandya,2014,3.69002,800,28,70,50,30,6.5,0.5,20,50,3.49208,1
Mandya,2015,3.66524,800,28,70,50,30,6.5,0.5,20,50,3.69002,1
Mandya,2016,2.60346,800,28,70,50,30,6.5,0.5,20,50,3.66524,1
Mandya,2017,2.9690700000000003,800,28,70,50,30,6.5,0.5,20,50,2.60346,1
Hassan,1990,2.12819,800,28,70,50,30,6.5,0.5,20,50,2.9690700000000003,1
Hassan,1991,2.3104400000000003,800,28,70,50,30,6.5,0.5,20,50,2.12819,1
Hassan,1992,2.56815,800,28,70,50,30,6.5,0.5,20,50,2.3104400000000003,1
Hassan,1993,2.52923,800,28,70,50,30,6.5,0.5,20,50,2.56815,1
Hassan,1994,2.71767,800,28,70,50,30,6.5,0.5,20,50,2.52923,1
Hassan,1995,2.62466,800,28,70,50,30,6.5,0.5,20,50,2.71767,1
Hassan,1996,2.32031,800,28,70,50,30,6.5,0.5,20,50,2.62466,1
Hassan,1997,2.77485,800,28,70,50,30,6.5,0.5,20,50,2.32031,1
Hassan,1998,2.34328,800,28,70,50,30,6.5,0.5,20,50,2.77485,1
Hassan,1999,2.72853,800,28,70,50,30,6.5,0.5,20,50,2.34328,1
Hassan,2000,2.49267,800,28,70,50,30,6.5,0.5,20,50,2.72853,1
Hassan,2001,2.52125,800,28,70,50,30,6.5,0.5,20,50,2.49267,1
Hassan,2002,1.68512,800,28,70,50,30,6.5,0.5,20,50,2.52125,1
Hassan,2003,1.71237,800,28,70,50,30,6.5,0.5,20,50,1.68512,1
Hassan,2004,2.5477600000000002,800,28,70,50,30,6.5,0.5,20,50,1.71237,1
Hassan,2005,2.27413,800,28,70,50,30,6.5,0.5,20,50,2.5477600000000002,1
Hassan,2006,2.44492,800,28,70,50,30,6.5,0.5,20,50,2.27413,1
Hassan,2007,2.45375,800,28,70,50,30,6.5,0.5,20,50,2.44492,1
Hassan,2008,2.4739400000000002,800,28,70,50,30,6.5,0.5,20,50,2.45375,1
Hassan,2009,2.68338,800,28,70,50,30,6.5,0.5,20,50,2.4739400000000002,1
Hassan,2010,2.88367,800,28,70,50,30,6.5,0.5,20,50,2.68338,1
Hassan,2011,2.47309,800,28,70,50,30,6.5,0.5,20,50,2.88367,1
Hassan,2012,2.18665,800,28,70,50,30,6.5,0.5,20,50,2.47309,1
Hassan,2013,3.0615799999999997,800,28,70,50,30,6.5,0.5,20,50,2.18665,1
Hassan,2014,3.04327,800,28,70,50,30,6.5,0.5,20,50,3.0615799999999997,1
Hassan,2015,2.73424,800,28,70,50,30,6.5,0.5,20,50,3.04327,1
Hassan,2016,2.03943,800,28,70,50,30,6.5,0.5,20,50,2.73424,1
Hassan,2017,3.2411999999999996,800,28,70,50,30,6.5,0.5,20,50,2.03943,1
Shimoge,1990,2.15922,800,28,70,50,30,6.5,0.5,20,50,3.2411999999999996,1
Shimoge,1991,2.15904,800,28,70,50,30,6.5,0.5,20,50,2.15922,1
Shimoge,1992,2.31418,800,28,70,50,30,6.5,0.5,20,50,2.15904,1
Shimoge,1993,2.39982,800,28,70,50,30,6.5,0.5,20,50,2.31418,1
Shimoge,1994,2.56577,800,28,70,50,30,6.5,0.5,20,50,2.39982,1
Shimoge,1995,2.31513,800,28,70,50,30,6.5,0.5,20,50,2.56577,1
Shimoge,1996,2.32348,800,28,70,50,30,6.5,0.5,20,50,2.31513,1
Shimoge,1997,2.4335,800,28,70,50,30,6.5,0.5,20,50,2.32348,1
Shimoge,1998,2.41833,800,28,70,50,30,6.5,0.5,20,50,2.4335,1
Shimoge,1999,2.38049,800,28,70,50,30,6.5,0.5,20,50,2.41833,1
Shimoge,2000,2.37212,800,28,70,50,30,6.5,0.5,20,50,2.38049,1
Shimoge,2001,1.64353,800,28,70,50,30,6.5,0.5,20,50,2.37212,1
Shimoge,2002,1.5426900000000001,800,28,70,50,30,6.5,0.5,20,50,1.64353,1
Shimoge,2003,2.01214,800,28,70,50,30,6.5,0.5,20,50,1.5426900000000001,1
Shimoge,2004,2.44724,800,28,70,50,30,6.5,0.5,20,50,2.01214,1
Shimoge,2005,2.4936,800,28,70,50,30,6.5,0.5,20,50,2.44724,1
Shimoge,2006,2.37202,800,28,70,50,30,6.5,0.5,20,50,2.4936,1
Shimoge,2007,2.49161,800,28,70,50,30,6.5,0.5,20,50,2.37202,1
Shimoge,2008,2.44755,800,28,70,50,30,6.5,0.5,20,50,2.49161,1
Shimoge,2009,2.3999,800,28,70,50,30,6.5,0.5,20,50,2.44755,1
Shimoge,2010,2.76902,800,28,70,50,30,6.5,0.5,20,50,2.3999,1
Shimoge,2011,2.91968,800,28,70,50,30,6.5,0.5,20,50,2.76902,1
Shimoge,2012,2.66726,800,28,70,50,30,6.5,0.5,20,50,2.91968,1
Shimoge,2013,3.05577,800,28,70,50,30,6.5,0.5,20,50,2.66726,1
Shimoge,2014,3.0361,800,28,70,50,30,6.5,0.5,20,50,3.05577,1
Shimoge,2015,2.6062,800,28,70,50,30,6.5,0.5,20,50,3.0361,1
Shimoge,2016,2.0929499999999996,800,28,70,50,30,6.5,0.5,20,50,2.6062,1
Shimoge,2017,2.5139699999999996,800,28,70,50,30,6.5,0.5,20,50,2.0929499999999996,1
Chickmagalur,1990,2.22571,800,28,70,50,30,6.5,0.5,20,50,2.5139699999999996,1
Chickmagalur,1991,2.2225900000000003,800,28,70,50,30,6.5,0.5,20,50,2.22571,1
Chickmagalur,1992,2.2083600000000003,800,28,70,50,30,6.5,0.5,20,50,2.2225900000000003,1
Chickmagalur,1993,2.49241,800,28,70,50,30,6.5,0.5,20,50,2.2083600000000003,1
Chickmagalur,1994,2.4640999999999997,800,28,70,50,30,6.5,0.5,20,50,2.49241,1
Chickmagalur,1995,2.26003,800,28,70,50,30,6.5,0.5,20,50,2.4640999999999997,1
Chickmagalur,1996,2.35117,800,28,70,50,30,6.5,0.5,20,50,2.26003,1
Chickmagalur,1997,2.42433,800,28,70,50,30,6.5,0.5,20,50,2.35117,1
Chickmagalur,1998,2.38383,800,28,70,50,30,6.5,0.5,20,50,2.42433,1
Chickmagalur,1999,2.43158,800,28,70,50,30,6.5,0.5,20,50,2.38383,1
Chickmagalur,2000,2.4593499999999997,800,28,70,50,30,6.5,0.5,20,50,2.43158,1
Chickmagalur,2001,2.35289,800,28,70,50,30,6.5,0.5,20,50,2.4593499999999997,1
Chickmagalur,2002,1.98795,800,28,70,50,30,6.5,0.5,20,50,2.35289,1
Chickmagalur,2003,1.92697,800,28,70,50,30,6.5,0.5,20,50,1.98795,1
Chickmagalur,2004,2.67368,800,28,70,50,30,6.5,0.5,20,50,1.92697,1
Chickmagalur,2005,2.40598,800,28,70,50,30,6.5,0.5,20,50,2.67368,1
Chickmagalur,2006,2.45709,800,28,70,50,30,6.5,0.5,20,50,2.40598,1
Chickmagalur,2007,2.64199,800,28,70,50,30,6.5,0.5,20,50,2.45709,1
Chickmagalur,2008,2.47225,800,28,70,50,30,6.5,0.5,20,50,2.64199,1
Chickmagalur,2009,2.47869,800,28,70,50,30,6.5,0.5,20,50,2.47225,1
Chickmagalur,2010,2.62097,800,28,70,50,30,6.5,0.5,20,50,2.47869,1
Chickmagalur,2011,2.57294,800,28,70,50,30,6.5,0.5,20,50,2.62097,1
Chickmagalur,2012,2.30245,800,28,70,50,30,6.5,0.5,20,50,2.57294,1
Chickmagalur,2013,2.73082,800,28,70,50,30,6.5,0.5,20,50,2.30245,1
Chickmagalur,2014,2.61031,800,28,70,50,30,6.5,0.5,20,50,2.73082,1
Chickmagalur,2015,2.67312,800,28,70,50,30,6.5,0.5,20,50,2.61031,1
Chickmagalur,2016,2.4003200000000002,800,28,70,50,30,6.5,0.5,20,50,2.67312,1
Chickmagalur,2017,2.40286,800,28,70,50,30,6.5,0.5,20,50,2.4003200000000002,1
Chitradurga,1990,3.0238899999999997,800,28,70,50,30,6.5,0.5,20,50,2.40286,1
Chitradurga,1991,2.55902,800,28,70,50,30,6.5,0.5,20,50,3.0238899999999997,1
Chitradurga,1992,2.98511,800,28,70,50,30,6.5,0.5,20,50,2.55902,1
Chitradurga,1993,2.92123,800,28,70,50,30,6.5,0.5,20,50,2.98511,1
Chitradurga,1994,3.1140100000000004,800,28,70,50,30,6.5,0.5,20,50,2.92123,1
Chitradurga,1995,2.99281,800,28,70,50,30,6.5,0.5,20,50,3.1140100000000004,1
Chitradurga,1996,3.01267,800,28,70,50,30,6.5,0.5,20,50,2.99281,1
Chitradurga,1997,3.39663,800,28,70,50,30,6.5,0.5,20,50,3.01267,1
Chitradurga,1998,3.2786,800,28,70,50,30,6.5,0.5,20,50,3.39663,1
Chitradurga,1999,3.24573,800,28,70,50,30,6.5,0.5,20,50,3.2786,1
Chitradurga,2000,3.45716,800,28,70,50,30,6.5,0.5,20,50,3.24573,1
Chitradurga,2001,3.1654,800,28,70,50,30,6.5,0.5,20,50,3.45716,1
Chitradurga,2002,2.83235,800,28,70,50,30,6.5,0.5,20,50,3.1654,1
Chitradurga,2003,3.23451,800,28,70,50,30,6.5,0.5,20,50,2.83235,1
Chitradurga,2004,3.74283,800,28,70,50,30,6.5,0.5,20,50,3.23451,1
Chitradurga,2005,3.42629,800,28,70,50,30,6.5,0.5,20,50,3.74283,1
Chitradurga,2006,3.36697,800,28,70,50,30,6.5,0.5,20,50,3.42629,1
Chitradurga,2007,3.3932800000000003,800,28,70,50,30,6.5,0.5,20,50,3.36697,1
Chitradurga,2008,3.3498,800,28,70,50,30,6.5,0.5,20,50,3.3932800000000003,1
Chitradurga,2009,3.30869,800,28,70,50,30,6.5,0.5,20,50,3.3498,1
Chitradurga,2010,3.40008,800,28,70,50,30,6.5,0.5,20,50,3.30869,1
Chitradurga,2011,3.41634,800,28,70,50,30,6.5,0.5,20,50,3.40008,1
Chitradurga,2012,3.2830700000000004,800,28,70,50,30,6.5,0.5,20,50,3.41634,1
Chitradurga,2013,3.51591,800,28,70,50,30,6.5,0.5,20,50,3.2830700000000004,1
Chitradurga,2014,3.63463,800,28,70,50,30,6.5,0.5,20,50,3.51591,1
Chitradurga,2015,3.73202,800,28,70,50,30,6.5,0.5,20,50,3.63463,1
Chitradurga,2016,3.20437,800,28,70,50,30,6.5,0.5,20,50,3.73202,1
Chitradurga,2017,3.76279,800,28,70,50,30,6.5,0.5,20,50,3.20437,1
Bellary,1990,2.9280500000000003,800,28,70,50,30,6.5,0.5,20,50,3.76279,1
Bellary,1991,2.61639,800,28,70,50,30,6.5,0.5,20,50,2.9280500000000003,1
Bellary,1992,2.6231199999999997,800,28,70,50,30,6.5,0.5,20,50,2.61639,1
Bellary,1993,2.6391799999999996,800,28,70,50,30,6.5,0.5,20,50,2.6231199999999997,1
Bellary,1994,2.44975,800,28,70,50,30,6.5,0.5,20,50,2.6391799999999996,1
Bellary,1995,2.88173,800,28,70,50,30,6.5,0.5,20,50,2.44975,1
Bellary,1996,3.01735,800,28,70,50,30,6.5,0.5,20,50,2.88173,1
Bellary,1997,2.81331,800,28,70,50,30,6.5,0.5,20,50,3.01735,1
Bellary,1998,3.26347,800,28,70,50,30,6.5,0.5,20,50,2.81331,1
Bellary,1999,3.23629,800,28,70,50,30,6.5,0.5,20,50,3.26347,1
Bellary,2000,3.25803,800,28,70,50,30,6.5,0.5,20,50,3.23629,1
Bellary,2001,3.0321,800,28,70,50,30,6.5,0.5,20,50,3.25803,1
Bellary,2002,3.27041,800,28,70,50,30,6.5,0.5,20,50,3.0321,1
Bellary,2003,3.89298,800,28,70,50,30,6.5,0.5,20,50,3.27041,1
Bellary,2004,3.70498,800,28,70,50,30,6.5,0.5,20,50,3.89298,1
Bellary,2005,3.2038699999999998,800,28,70,50,30,6.5,0.5,20,50,3.70498,1
Bellary,2006,3.2861599999999997,800,28,70,50,30,6.5,0.5,20,50,3.2038699999999998,1
Bellary,2007,3.53526,800,28,70,50,30,6.5,0.5,20,50,3.2861599999999997,1
Bellary,2008,3.60064,800,28,70,50,30,6.5,0.5,20,50,3.53526,1
Bellary,2009,3.16352,800,28,70,50,30,6.5,0.5,20,50,3.60064,1
Bellary,2010,3.54285,800,28,70,50,30,6.5,0.5,20,50,3.16352,1
Bellary,2011,3.53473,800,28,70,50,30,6.5,0.5,20,50,3.54285,1
Bellary,2012,3.55273,800,28,70,50,30,6.5,0.5,20,50,3.53473,1
Bellary,2013,3.7866999999999997,800,28,70,50,30,6.5,0.5,20,50,3.55273,1
Bellary,2014,3.44007,800,28,70,50,30,6.5,0.5,20,50,3.7866999999999997,1
Bellary,2015,3.64514,800,28,70,50,30,6.5,0.5,20,50,3.44007,1
Bellary,2016,3.88234,800,28,70,50,30,6.5,0.5,20,50,3.64514,1
Bellary,2017,3.8097399999999997,800,28,70,50,30,6.5,0.5,20,50,3.88234,1
Dharwad,1990,0.78938,800,28,70,50,30,6.5,0.5,20,50,3.8097399999999997,1
Dharwad,1991,1.40604,800,28,70,50,30,6.5,0.5,20,50,0.78938,1
Dharwad,1992,1.49788,800,28,70,50,30,6.5,0.5,20,50,1.40604,1
Dharwad,1993,0.92825,800,28,70,50,30,6.5,0.5,20,50,1.49788,1
Dharwad,1994,1.6936,800,28,70,50,30,6.5,0.5,20,50,0.92825,1
Dharwad,1995,1.15635,800,28,70,50,30,6.5,0.5,20,50,1.6936,1
Dharwad,1996,1.01454,800,28,70,50,30,6.5,0.5,20,50,1.15635,1
Dharwad,1997,1.18971,800,28,70,50,30,6.5,0.5,20,50,1.01454,1
Dharwad,1998,1.30715,800,28,70,50,30,6.5,0.5,20,50,1.18971,1
Dharwad,1999,1.4210699999999998,800,28,70,50,30,6.5,0.5,20,50,1.30715,1
Dharwad,2000,1.80884,800,28,70,50,30,6.5,0.5,20,50,1.4210699999999998,1
Dharwad,2001,0.43145999999999995,800,28,70,50,30,6.5,0.5,20,50,1.80884,1
Dharwad,2002,0.39988,800,28,70,50,30,6.5,0.5,20,50,0.43145999999999995,1
Dharwad,2003,0.6014400000000001,800,28,70,50,30,6.5,0.5,20,50,0.39988,1
Dharwad,2004,1.26488,800,28,70,50,30,6.5,0.5,20,50,0.6014400000000001,1
Dharwad,2005,2.14288,800,28,70,50,30,6.5,0.5,20,50,1.26488,1
Dharwad,2006,1.77342,800,28,70,50,30,6.5,0.5,20,50,2.14288,1
Dharwad,2007,2.21931,800,28,70,50,30,6.5,0.5,20,50,1.77342,1
Dharwad,2008,1.18621,800,28,70,50,30,6.5,0.5,20,50,2.21931,1
Dharwad,2009,1.2089400000000001,800,28,70,50,30,6.5,0.5,20,50,1.18621,1
Dharwad,2010,1.64325,800,28,70,50,30,6.5,0.5,20,50,1.2089400000000001,1
Dharwad,2011,1.78425,800,28,70,50,30,6.5,0.5,20,50,1.64325,1
Dharwad,2012,0.93632,800,28,70,50,30,6.5,0.5,20,50,1.78425,1
Dharwad,2013,2.11,800,28,70,50,30,6.5,0.5,20,50,0.93632,1
Dharwad,2014,2.28374,800,28,70,50,30,6.5,0.5,20,50,2.11,1
Dharwad,2015,0.9572200000000001,800,28,70,50,30,6.5,0.5,20,50,2.28374,1
Dharwad,2016,0.94888,800,28,70,50,30,6.5,0.5,20,50,0.9572200000000001,1
Dharwad,2017,1.4235,800,28,70,50,30,6.5,0.5,20,50,0.94888,1
Belgaum,1990,1.2431199999999998,800,28,70,50,30,6.5,0.5,20,50,1.4235,1
Belgaum,1991,1.8432899999999999,800,28,70,50,30,6.5,0.5,20,50,1.2431199999999998,1
Belgaum,1992,1.72358,800,28,70,50,30,6.5,0.5,20,50,1.8432899999999999,1
Belgaum,1993,1.74087,800,28,70,50,30,6.5,0.5,20,50,1.72358,1
Belgaum,1994,1.6091199999999999,800,28,70,50,30,6.5,0.5,20,50,1.74087,1
Belgaum,1995,1.15426,800,28,70,50,30,6.5,0.5,20,50,1.6091199999999999,1
Belgaum,1996,1.6079700000000001,800,28,70,50,30,6.5,0.5,20,50,1.15426,1
Belgaum,1997,1.4393900000000002,800,28,70,50,30,6.5,0.5,20,50,1.6079700000000001,1
Belgaum,1998,1.8197,800,28,70,50,30,6.5,0.5,20,50,1.4393900000000002,1
Belgaum,1999,1.8863699999999999,800,28,70,50,30,6.5,0.5,20,50,1.8197,1
Belgaum,2000,1.64577,800,28,70,50,30,6.5,0.5,20,50,1.8863699999999999,1
Belgaum,2001,0.8872000000000001,800,28,70,50,30,6.5,0.5,20,50,1.64577,1
Belgaum,2002,0.5799099999999999,800,28,70,50,30,6.5,0.5,20,50,0.8872000000000001,1
Belgaum,2003,0.7233200000000001,800,28,70,50,30,6.5,0.5,20,50,0.5799099999999999,1
Belgaum,2004,1.61999,800,28,70,50,30,6.5,0.5,20,50,0.7233200000000001,1
Belgaum,2005,2.18435,800,28,70,50,30,6.5,0.5,20,50,1.61999,1
Belgaum,2006,1.48002,800,28,70,50,30,6.5,0.5,20,50,2.18435,1
Belgaum,2007,1.448,800,28,70,50,30,6.5,0.5,20,50,1.48002,1
Belgaum,2008,1.3112000000000001,800,28,70,50,30,6.5,0.5,20,50,1.448,1
Belgaum,2009,1.1690099999999999,800,28,70,50,30,6.5,0.5,20,50,1.3112000000000001,1
Belgaum,2010,1.98452,800,28,70,50,30,6.5,0.5,20,50,1.1690099999999999,1
Belgaum,2011,1.9396900000000001,800,28,70,50,30,6.5,0.5,20,50,1.98452,1
Belgaum,2012,1.4926199999999998,800,28,70,50,30,6.5,0.5,20,50,1.9396900000000001,1
Belgaum,2013,2.11079,800,28,70,50,30,6.5,0.5,20,50,1.4926199999999998,1
Belgaum,2014,2.9477800000000003,800,28,70,50,30,6.5,0.5,20,50,2.11079,1
Belgaum,2015,0.66634,800,28,70,50,30,6.5,0.5,20,50,2.9477800000000003,1
Belgaum,2016,1.8868399999999999,800,28,70,50,30,6.5,0.5,20,50,0.66634,1
Belgaum,2017,2.30129,800,28,70,50,30,6.5,0.5,20,50,1.8868399999999999,1
Bijapur / Vijayapura,1990,0.98413,800,28,70,50,30,6.5,0.5,20,50,2.30129,1
Bijapur / Vijayapura,1991,1.3463699999999998,800,28,70,50,30,6.5,0.5,20,50,0.98413,1
Bijapur / Vijayapura,1992,1.5,800,28,70,50,30,6.5,0.5,20,50,1.3463699999999998,1
Bijapur / Vijayapura,1993,1.0119,800,28,70,50,30,6.5,0.5,20,50,1.5,1
Bijapur / Vijayapura,1994,1.73684,800,28,70,50,30,6.5,0.5,20,50,1.0119,1
Bijapur / Vijayapura,1995,1.30189,800,28,70,50,30,6.5,0.5,20,50,1.73684,1
Bijapur / Vijayapura,1996,1.40426,800,28,70,50,30,6.5,0.5,20,50,1.30189,1
Bijapur / Vijayapura,1997,1.42222,800,28,70,50,30,6.5,0.5,20,50,1.40426,1
Bijapur / Vijayapura,1998,1.4576300000000002,800,28,70,50,30,6.5,0.5,20,50,1.42222,1
Bijapur / Vijayapura,1999,1.42,800,28,70,50,30,6.5,0.5,20,50,1.4576300000000002,1
Bijapur / Vijayapura,2000,2.5,800,28,70,50,30,6.5,0.5,20,50,1.42,1
Bijapur / Vijayapura,2001,2.44444,800,28,70,50,30,6.5,0.5,20,50,2.5,1
Bijapur / Vijayapura,2002,1.8,800,28,70,50,30,6.5,0.5,20,50,2.44444,1
Bijapur / Vijayapura,2003,1.92308,800,28,70,50,30,6.5,0.5,20,50,1.8,1
Bijapur / Vijayapura,2004,2.55556,800,28,70,50,30,6.5,0.5,20,50,1.92308,1
Bijapur / Vijayapura,2005,2.53571,800,28,70,50,30,6.5,0.5,20,50,2.55556,1
Bijapur / Vijayapura,2006,2.6875,800,28,70,50,30,6.5,0.5,20,50,2.53571,1
Bijapur / Vijayapura,2007,2.88889,800,28,70,50,30,6.5,0.5,20,50,2.6875,1
Bijapur / Vijayapura,2008,3.1,800,28,70,50,30,6.5,0.5,20,50,2.88889,1
Bijapur / Vijayapura,2009,2.875,800,28,70,50,30,6.5,0.5,20,50,3.1,1
Bijapur / Vijayapura,2010,2.80952,800,28,70,50,30,6.5,0.5,20,50,2.875,1
Bijapur / Vijayapura,2011,2.61111,800,28,70,50,30,6.5,0.5,20,50,2.80952,1
Bijapur / Vijayapura,2012,2.53333,800,28,70,50,30,6.5,0.5,20,50,2.61111,1
Bijapur / Vijayapura,2013,3.1,800,28,70,50,30,6.5,0.5,20,50,2.53333,1
Bijapur / Vijayapura,2014,2.875,800,28,70,50,30,6.5,0.5,20,50,3.1,1
Bijapur / Vijayapura,2015,2.875,800,28,70,50,30,6.5,0.5,20,50,2.875,1
Bijapur / Vijayapura,2016,2.77419,800,28,70,50,30,6.5,0.5,20,50,2.875,1
Bijapur / Vijayapura,2017,2.86667,800,28,70,50,30,6.5,0.5,20,50,2.77419,1
Bidar,1990,0.9726,800,28,70,50,30,6.5,0.5,20,50,2.86667,1
Bidar,1991,0.3922,800,28,70,50,30,6.5,0.5,20,50,0.9726,1
Bidar,1992,0.79789,800,28,70,50,30,6.5,0.5,20,50,0.3922,1
Bidar,1993,0.6092000000000001,800,28,70,50,30,6.5,0.5,20,50,0.79789,1
Bidar,1994,0.26052,800,28,70,50,30,6.5,0.5,20,50,0.6092000000000001,1
Bidar,1995,1.02838,800,28,70,50,30,6.5,0.5,20,50,0.26052,1
Bidar,1996,0.85066,800,28,70,50,30,6.5,0.5,20,50,1.02838,1
Bidar,1997,0.6506900000000001,800,28,70,50,30,6.5,0.5,20,50,0.85066,1
Bidar,1998,0.6079199999999999,800,28,70,50,30,6.5,0.5,20,50,0.6506900000000001,1
Bidar,1999,0.83549,800,28,70,50,30,6.5,0.5,20,50,0.6079199999999999,1
Bidar,2000,0.8695700000000001,800,28,70,50,30,6.5,0.5,20,50,0.83549,1
Bidar,2001,0.808,800,28,70,50,30,6.5,0.5,20,50,0.8695700000000001,1
Bidar,2002,0.56479,800,28,70,50,30,6.5,0.5,20,50,0.808,1
Bidar,2003,0.40364999999999995,800,28,70,50,30,6.5,0.5,20,50,0.56479,1
Bidar,2004,0.43625,800,28,70,50,30,6.5,0.5,20,50,0.40364999999999995,1
Bidar,2005,0.56159,800,28,70,50,30,6.5,0.5,20,50,0.43625,1
Bidar,2006,0.63866,800,28,70,50,30,6.5,0.5,20,50,0.56159,1
Bidar,2007,0.62427,800,28,70,50,30,6.5,0.5,20,50,0.63866,1
Bidar,2008,0.74364,800,28,70,50,30,6.5,0.5,20,50,0.62427,1
Bidar,2009,0.76587,800,28,70,50,30,6.5,0.5,20,50,0.74364,1
Bidar,2010,0.78499,800,28,70,50,30,6.5,0.5,20,50,0.76587,1
Bidar,2011,0.68721,800,28,70,50,30,6.5,0.5,20,50,0.78499,1
Bidar,2012,0.98785,800,28,70,50,30,6.5,0.5,20,50,0.68721,1
Bidar,2013,1.55182,800,28,70,50,30,6.5,0.5,20,50,0.98785,1
Bidar,2014,0.96602,800,28,70,50,30,6.5,0.5,20,50,1.55182,1
Bidar,2015,0.85161,800,28,70,50,30,6.5,0.5,20,50,0.96602,1
Bidar,2016,1.1981,800,28,70,50,30,6.5,0.5,20,50,0.85161,1
Bidar,2017,1.86444,800,28,70,50,30,6.5,0.5,20,50,1.1981,1
Raichur,1990,2.5895900000000003,800,28,70,50,30,6.5,0.5,20,50,1.86444,1
Raichur,1991,2.85108,800,28,70,50,30,6.5,0.5,20,50,2.5895900000000003,1
Raichur,1992,2.7709099999999998,800,28,70,50,30,6.5,0.5,20,50,2.85108,1
Raichur,1993,2.75536,800,28,70,50,30,6.5,0.5,20,50,2.7709099999999998,1
Raichur,1994,2.79626,800,28,70,50,30,6.5,0.5,20,50,2.75536,1
Raichur,1995,3.1876100000000003,800,28,70,50,30,6.5,0.5,20,50,2.79626,1
Raichur,1996,2.81107,800,28,70,50,30,6.5,0.5,20,50,3.1876100000000003,1
Raichur,1997,2.77402,800,28,70,50,30,6.5,0.5,20,50,2.81107,1
Raichur,1998,3.3773400000000002,800,28,70,50,30,6.5,0.5,20,50,2.77402,1
Raichur,1999,3.25055,800,28,70,50,30,6.5,0.5,20,50,3.3773400000000002,1
Raichur,2000,3.25116,800,28,70,50,30,6.5,0.5,20,50,3.25055,1
Raichur,2001,3.0827,800,28,70,50,30,6.5,0.5,20,50,3.25116,1
Raichur,2002,3.48159,800,28,70,50,30,6.5,0.5,20,50,3.0827,1
Raichur,2003,3.2125500000000002,800,28,70,50,30,6.5,0.5,20,50,3.48159,1
Raichur,2004,3.13869,800,28,70,50,30,6.5,0.5,20,50,3.2125500000000002,1
Raichur,2005,2.7185,800,28,70,50,30,6.5,0.5,20,50,3.13869,1
Raichur,2006,3.06356,800,28,70,50,30,6.5,0.5,20,50,2.7185,1
Raichur,2007,3.1563600000000003,800,28,70,50,30,6.5,0.5,20,50,3.06356,1
Raichur,2008,3.27495,800,28,70,50,30,6.5,0.5,20,50,3.1563600000000003,1
Raichur,2009,2.94629,800,28,70,50,30,6.5,0.5,20,50,3.27495,1
Raichur,2010,3.1142399999999997,800,28,70,50,30,6.5,0.5,20,50,2.94629,1
Raichur,2011,3.0187,800,28,70,50,30,6.5,0.5,20,50,3.1142399999999997,1
Raichur,2012,3.2166799999999998,800,28,70,50,30,6.5,0.5,20,50,3.0187,1
Raichur,2013,3.28823,800,28,70,50,30,6.5,0.5,20,50,3.2166799999999998,1
Raichur,2014,3.08593,800,28,70,50,30,6.5,0.5,20,50,3.28823,1
Raichur,2015,3.17747,800,28,70,50,30,6.5,0.5,20,50,3.08593,1
Raichur,2016,3.72777,800,28,70,50,30,6.5,0.5,20,50,3.17747,1
Raichur,2017,3.2653600000000003,800,28,70,50,30,6.5,0.5,20,50,3.72777,1
Gulbarga / Kalaburagi,1990,1.4421,800,28,70,50,30,6.5,0.5,20,50,3.2653600000000003,1
Gulbarga / Kalaburagi,1991,1.22958,800,28,70,50,30,6.5,0.5,20,50,1.4421,1
Gulbarga / Kalaburagi,1992,0.86075,800,28,70,50,30,6.5,0.5,20,50,1.22958,1
Gulbarga / Kalaburagi,1993,1.5587,800,28,70,50,30,6.5,0.5,20,50,0.86075,1
Gulbarga / Kalaburagi,1994,1.26491,800,28,70,50,30,6.5,0.5,20,50,1.5587,1
Gulbarga / Kalaburagi,1995,2.32156,800,28,70,50,30,6.5,0.5,20,50,1.26491,1
Gulbarga / Kalaburagi,1996,2.2355300000000002,800,28,70,50,30,6.5,0.5,20,50,2.32156,1
Gulbarga / Kalaburagi,1997,1.97685,800,28,70,50,30,6.5,0.5,20,50,2.2355300000000002,1
Gulbarga / Kalaburagi,1998,1.86216,800,28,70,50,30,6.5,0.5,20,50,1.97685,1
Gulbarga / Kalaburagi,1999,2.15542,800,28,70,50,30,6.5,0.5,20,50,1.86216,1
Gulbarga / Kalaburagi,2000,1.8944100000000001,800,28,70,50,30,6.5,0.5,20,50,2.15542,1
Gulbarga / Kalaburagi,2001,1.57459,800,28,70,50,30,6.5,0.5,20,50,1.8944100000000001,1
Gulbarga / Kalaburagi,2002,2.13212,800,28,70,50,30,6.5,0.5,20,50,1.57459,1
Gulbarga / Kalaburagi,2003,2.88354,800,28,70,50,30,6.5,0.5,20,50,2.13212,1
Gulbarga / Kalaburagi,2004,3.25772,800,28,70,50,30,6.5,0.5,20,50,2.88354,1
Gulbarga / Kalaburagi,2005,2.76781,800,28,70,50,30,6.5,0.5,20,50,3.25772,1
Gulbarga / Kalaburagi,2006,2.16426,800,28,70,50,30,6.5,0.5,20,50,2.76781,1
Gulbarga / Kalaburagi,2007,2.45843,800,28,70,50,30,6.5,0.5,20,50,2.16426,1
Gulbarga / Kalaburagi,2008,2.33567,800,28,70,50,30,6.5,0.5,20,50,2.45843,1
Gulbarga / Kalaburagi,2009,2.27369,800,28,70,50,30,6.5,0.5,20,50,2.33567,1
Gulbarga / Kalaburagi,2010,2.04676,800,28,70,50,30,6.5,0.5,20,50,2.27369,1
Gulbarga / Kalaburagi,2011,1.90419,800,28,70,50,30,6.5,0.5,20,50,2.04676,1
Gulbarga / Kalaburagi,2012,1.35549,800,28,70,50,30,6.5,0.5,20,50,1.90419,1
Gulbarga / Kalaburagi,2013,1.98099,800,28,70,50,30,6.5,0.5,20,50,1.35549,1
Gulbarga / Kalaburagi,2014,2.56887,800,28,70,50,30,6.5,0.5,20,50,1.98099,1
Gulbarga / Kalaburagi,2015,2.01662,800,28,70,50,30,6.5,0.5,20,50,2.56887,1
Gulbarga / Kalaburagi,2016,3.32987,800,28,70,50,30,6.5,0.5,20,50,2.01662,1
Gulbarga / Kalaburagi,2017,3.20349,800,28,70,50,30,6.5,0.5,20,50,3.32987,1
Dakshina Kannada,1990,1.82677,800,28,70,50,30,6.5,0.5,20,50,3.20349,1
Dakshina Kannada,1991,1.77203,800,28,70,50,30,6.5,0.5,20,50,1.82677,1
Dakshina Kannada,1992,1.8645,800,28,70,50,30,6.5,0.5,20,50,1.77203,1
Dakshina Kannada,1993,1.89136,800,28,70,50,30,6.5,0.5,20,50,1.8645,1
Dakshina Kannada,1994,1.87554,800,28,70,50,30,6.5,0.5,20,50,1.89136,1
Dakshina Kannada,1995,1.88326,800,28,70,50,30,6.5,0.5,20,50,1.87554,1
Dakshina Kannada,1996,1.9596,800,28,70,50,30,6.5,0.5,20,50,1.88326,1
Dakshina Kannada,1997,1.94054,800,28,70,50,30,6.5,0.5,20,50,1.9596,1
Dakshina Kannada,1998,1.9171500000000001,800,28,70,50,30,6.5,0.5,20,50,1.94054,1
Dakshina Kannada,1999,1.91101,800,28,70,50,30,6.5,0.5,20,50,1.9171500000000001,1
Dakshina Kannada,2000,2.02921,800,28,70,50,30,6.5,0.5,20,50,1.91101,1
Dakshina Kannada,2001,2.14927,800,28,70,50,30,6.5,0.5,20,50,2.02921,1
Dakshina Kannada,2002,2.11167,800,28,70,50,30,6.5,0.5,20,50,2.14927,1
Dakshina Kannada,2003,2.62252,800,28,70,50,30,6.5,0.5,20,50,2.11167,1
Dakshina Kannada,2004,2.63221,800,28,70,50,30,6.5,0.5,20,50,2.62252,1
Dakshina Kannada,2005,2.3941399999999997,800,28,70,50,30,6.5,0.5,20,50,2.63221,1
Dakshina Kannada,2006,2.45331,800,28,70,50,30,6.5,0.5,20,50,2.3941399999999997,1
Dakshina Kannada,2007,2.3339600000000003,800,28,70,50,30,6.5,0.5,20,50,2.45331,1
Dakshina Kannada,2008,2.34762,800,28,70,50,30,6.5,0.5,20,50,2.3339600000000003,1
Dakshina Kannada,2009,2.3337800000000004,800,28,70,50,30,6.5,0.5,20,50,2.34762,1
Dakshina Kannada,2010,2.35361,800,28,70,50,30,6.5,0.5,20,50,2.3337800000000004,1
Dakshina Kannada,2011,2.42597,800,28,70,50,30,6.5,0.5,20,50,2.35361,1
Dakshina Kannada,2012,2.5409699999999997,800,28,70,50,30,6.5,0.5,20,50,2.42597,1
Dakshina Kannada,2013,2.6955,800,28,70,50,30,6.5,0.5,20,50,2.5409699999999997,1
Dakshina Kannada,2014,2.65309,800,28,70,50,30,6.5,0.5,20,50,2.6955,1
Dakshina Kannada,2015,2.57742,800,28,70,50,30,6.5,0.5,20,50,2.65309,1
Dakshina Kannada,2016,2.83518,800,28,70,50,30,6.5,0.5,20,50,2.57742,1
Dakshina Kannada,2017,2.90474,800,28,70,50,30,6.5,0.5,20,50,2.83518,1
Uttara Kannada,1990,1.80626,800,28,70,50,30,6.5,0.5,20,50,2.90474,1
Uttara Kannada,1991,1.7127000000000001,800,28,70,50,30,6.5,0.5,20,50,1.80626,1
Uttara Kannada,1992,1.79249,800,28,70,50,30,6.5,0.5,20,50,1.7127000000000001,1
Uttara Kannada,1993,1.82271,800,28,70,50,30,6.5,0.5,20,50,1.79249,1
Uttara Kannada,1994,1.9334200000000001,800,28,70,50,30,6.5,0.5,20,50,1.82271,1
Uttara Kannada,1995,1.83609,800,28,70,50,30,6.5,0.5,20,50,1.9334200000000001,1
Uttara Kannada,1996,1.7009400000000001,800,28,70,50,30,6.5,0.5,20,50,1.83609,1
Uttara Kannada,1997,1.5268499999999998,800,28,70,50,30,6.5,0.5,20,50,1.7009400000000001,1
Uttara Kannada,1998,1.7474100000000001,800,28,70,50,30,6.5,0.5,20,50,1.5268499999999998,1
Uttara Kannada,1999,1.6747400000000001,800,28,70,50,30,6.5,0.5,20,50,1.7474100000000001,1
Uttara Kannada,2000,1.74586,800,28,70,50,30,6.5,0.5,20,50,1.6747400000000001,1
Uttara Kannada,2001,1.11187,800,28,70,50,30,6.5,0.5,20,50,1.74586,1
Uttara Kannada,2002,1.20258,800,28,70,50,30,6.5,0.5,20,50,1.11187,1
Uttara Kannada,2003,1.64808,800,28,70,50,30,6.5,0.5,20,50,1.20258,1
Uttara Kannada,2004,1.83674,800,28,70,50,30,6.5,0.5,20,50,1.64808,1
Uttara Kannada,2005,2.02466,800,28,70,50,30,6.5,0.5,20,50,1.83674,1
Uttara Kannada,2006,2.00813,800,28,70,50,30,6.5,0.5,20,50,2.02466,1
Uttara Kannada,2007,2.01642,800,28,70,50,30,6.5,0.5,20,50,2.00813,1
Uttara Kannada,2008,1.52118,800,28,70,50,30,6.5,0.5,20,50,2.01642,1
Uttara Kannada,2009,1.9341,800,28,70,50,30,6.5,0.5,20,50,1.52118,1
Uttara Kannada,2010,1.9073699999999998,800,28,70,50,30,6.5,0.5,20,50,1.9341,1
Uttara Kannada,2011,2.05149,800,28,70,50,30,6.5,0.5,20,50,1.9073699999999998,1
Uttara Kannada,2012,2.02033,800,28,70,50,30,6.5,0.5,20,50,2.05149,1
Uttara Kannada,2013,2.43419,800,28,70,50,30,6.5,0.5,20,50,2.02033,1
Uttara Kannada,2014,2.2288699999999997,800,28,70,50,30,6.5,0.5,20,50,2.43419,1
Uttara Kannada,2015,1.65786,800,28,70,50,30,6.5,0.5,20,50,2.2288699999999997,1
Uttara Kannada,2016,1.9628599999999998,800,28,70,50,30,6.5,0.5,20,50,1.65786,1
Uttara Kannada,2017,1.9761199999999999,800,28,70,50,30,6.5,0.5,20,50,1.9628599999999998,1
Kodagu / Coorg,1990,2.1723000000000003,800,28,70,50,30,6.5,0.5,20,50,1.9761199999999999,1
Kodagu / Coorg,1991,2.3864,800,28,70,50,30,6.5,0.5,20,50,2.1723000000000003,1
Kodagu / Coorg,1992,2.3497399999999997,800,28,70,50,30,6.5,0.5,20,50,2.3864,1
Kodagu / Coorg,1993,2.1074499999999996,800,28,70,50,30,6.5,0.5,20,50,2.3497399999999997,1
Kodagu / Coorg,1994,2.5102800000000003,800,28,70,50,30,6.5,0.5,20,50,2.1074499999999996,1
Kodagu / Coorg,1995,2.37764,800,28,70,50,30,6.5,0.5,20,50,2.5102800000000003,1
Kodagu / Coorg,1996,2.23457,800,28,70,50,30,6.5,0.5,20,50,2.37764,1
Kodagu / Coorg,1997,2.23258,800,28,70,50,30,6.5,0.5,20,50,2.23457,1
Kodagu / Coorg,1998,2.09344,800,28,70,50,30,6.5,0.5,20,50,2.23258,1
Kodagu / Coorg,1999,2.3048800000000003,800,28,70,50,30,6.5,0.5,20,50,2.09344,1
Kodagu / Coorg,2000,2.2973000000000003,800,28,70,50,30,6.5,0.5,20,50,2.3048800000000003,1
Kodagu / Coorg,2001,2.49669,800,28,70,50,30,6.5,0.5,20,50,2.2973000000000003,1
Kodagu / Coorg,2002,1.97935,800,28,70,50,30,6.5,0.5,20,50,2.49669,1
Kodagu / Coorg,2003,1.99889,800,28,70,50,30,6.5,0.5,20,50,1.97935,1
Kodagu / Coorg,2004,2.39833,800,28,70,50,30,6.5,0.5,20,50,1.99889,1
Kodagu / Coorg,2005,2.3002,800,28,70,50,30,6.5,0.5,20,50,2.39833,1
Kodagu / Coorg,2006,2.46447,800,28,70,50,30,6.5,0.5,20,50,2.3002,1
Kodagu / Coorg,2007,2.5666700000000002,800,28,70,50,30,6.5,0.5,20,50,2.46447,1
Kodagu / Coorg,2008,2.39762,800,28,70,50,30,6.5,0.5,20,50,2.5666700000000002,1
Kodagu / Coorg,2009,2.4437399999999996,800,28,70,50,30,6.5,0.5,20,50,2.39762,1
Kodagu / Coorg,2010,2.63685,800,28,70,50,30,6.5,0.5,20,50,2.4437399999999996,1
Kodagu / Coorg,2011,2.72443,800,28,70,50,30,6.5,0.5,20,50,2.63685,1
Kodagu / Coorg,2012,2.47944,800,28,70,50,30,6.5,0.5,20,50,2.72443,1
Kodagu / Coorg,2013,2.87886,800,28,70,50,30,6.5,0.5,20,50,2.47944,1
Kodagu / Coorg,2014,2.80685,800,28,70,50,30,6.5,0.5,20,50,2.87886,1
Kodagu / Coorg,2015,2.6990100000000004,800,28,70,50,30,6.5,0.5,20,50,2.80685,1
Kodagu / Coorg,2016,2.43141,800,28,70,50,30,6.5,0.5,20,50,2.6990100000000004,1
Kodagu / Coorg,2017,2.36495,800,28,70,50,30,6.5,0.5,20,50,2.43141,1
Chengalpattu MGR / Kanchipuram,1990,3.20594,800,28,70,50,30,6.5,0.5,20,50,2.36495,1
Chengalpattu MGR / Kanchipuram,1991,3.38334,800,28,70,50,30,6.5,0.5,20,50,3.20594,1
Chengalpattu MGR / Kanchipuram,1992,3.07892,800,28,70,50,30,6.5,0.5,20,50,3.38334,1
Chengalpattu MGR / Kanchipuram,1993,3.04483,800,28,70,50,30,6.5,0.5,20,50,3.07892,1
Chengalpattu MGR / Kanchipuram,1994,3.2632399999999997,800,28,70,50,30,6.5,0.5,20,50,3.04483,1
Chengalpattu MGR / Kanchipuram,1995,3.0325,800,28,70,50,30,6.5,0.5,20,50,3.2632399999999997,1
Chengalpattu MGR / Kanchipuram,1996,2.96723,800,28,70,50,30,6.5,0.5,20,50,3.0325,1
Chengalpattu MGR / Kanchipuram,1997,3.5277800000000004,800,28,70,50,30,6.5,0.5,20,50,2.96723,1
Chengalpattu MGR / Kanchipuram,1998,3.67975,800,28,70,50,30,6.5,0.5,20,50,3.5277800000000004,1
Chengalpattu MGR / Kanchipuram,1999,3.58092,800,28,70,50,30,6.5,0.5,20,50,3.67975,1
Chengalpattu MGR / Kanchipuram,2000,3.38527,800,28,70,50,30,6.5,0.5,20,50,3.58092,1
Chengalpattu MGR / Kanchipuram,2001,3.48702,800,28,70,50,30,6.5,0.5,20,50,3.38527,1
Chengalpattu MGR / Kanchipuram,2002,3.01118,800,28,70,50,30,6.5,0.5,20,50,3.48702,1
Chengalpattu MGR / Kanchipuram,2003,2.8547,800,28,70,50,30,6.5,0.5,20,50,3.01118,1
Chengalpattu MGR / Kanchipuram,2004,3.01069,800,28,70,50,30,6.5,0.5,20,50,2.8547,1
Chengalpattu MGR / Kanchipuram,2005,2.67092,800,28,70,50,30,6.5,0.5,20,50,3.01069,1
Chengalpattu MGR / Kanchipuram,2006,3.70163,800,28,70,50,30,6.5,0.5,20,50,2.67092,1
Chengalpattu MGR / Kanchipuram,2007,3.71106,800,28,70,50,30,6.5,0.5,20,50,3.70163,1
Chengalpattu MGR / Kanchipuram,2008,3.72636,800,28,70,50,30,6.5,0.5,20,50,3.71106,1
Chengalpattu MGR / Kanchipuram,2009,3.41777,800,28,70,50,30,6.5,0.5,20,50,3.72636,1
Chengalpattu MGR / Kanchipuram,2010,3.51386,800,28,70,50,30,6.5,0.5,20,50,3.41777,1
Chengalpattu MGR / Kanchipuram,2011,4.1762,800,28,70,50,30,6.5,0.5,20,50,3.51386,1
Chengalpattu MGR / Kanchipuram,2012,4.13362,800,28,70,50,30,6.5,0.5,20,50,4.1762,1
Chengalpattu MGR / Kanchipuram,2013,4.649430000000001,800,28,70,50,30,6.5,0.5,20,50,4.13362,1
Chengalpattu MGR / Kanchipuram,2014,4.52569,800,28,70,50,30,6.5,0.5,20,50,4.649430000000001,1
Chengalpattu MGR / Kanchipuram,2015,3.75866,800,28,70,50,30,6.5,0.5,20,50,4.52569,1
Chengalpattu MGR / Kanchipuram,2016,3.45065,800,28,70,50,30,6.5,0.5,20,50,3.75866,1
Chengalpattu MGR / Kanchipuram,2017,4.1787399999999995,800,28,70,50,30,6.5,0.5,20,50,3.45065,1
South Arcot / Cuddalore,1990,3.39897,800,28,70,50,30,6.5,0.5,20,50,4.1787399999999995,1
South Arcot / Cuddalore,1991,3.54717,800,28,70,50,30,6.5,0.5,20,50,3.39897,1
South Arcot / Cuddalore,1992,3.22714,800,28,70,50,30,6.5,0.5,20,50,3.54717,1
South Arcot / Cuddalore,1993,2.4801599999999997,800,28,70,50,30,6.5,0.5,20,50,3.22714,1
South Arcot / Cuddalore,1994,3.59022,800,28,70,50,30,6.5,0.5,20,50,2.4801599999999997,1
South Arcot / Cuddalore,1995,3.31178,800,28,70,50,30,6.5,0.5,20,50,3.59022,1
South Arcot / Cuddalore,1996,2.56572,800,28,70,50,30,6.5,0.5,20,50,3.31178,1
South Arcot / Cuddalore,1997,3.1360300000000003,800,28,70,50,30,6.5,0.5,20,50,2.56572,1
South Arcot / Cuddalore,1998,3.5385500000000003,800,28,70,50,30,6.5,0.5,20,50,3.1360300000000003,1
South Arcot / Cuddalore,1999,3.6752399999999996,800,28,70,50,30,6.5,0.5,20,50,3.5385500000000003,1
South Arcot / Cuddalore,2000,3.4737,800,28,70,50,30,6.5,0.5,20,50,3.6752399999999996,1
South Arcot / Cuddalore,2001,3.65212,800,28,70,50,30,6.5,0.5,20,50,3.4737,1
South Arcot / Cuddalore,2002,2.85839,800,28,70,50,30,6.5,0.5,20,50,3.65212,1
South Arcot / Cuddalore,2003,3.07852,800,28,70,50,30,6.5,0.5,20,50,2.85839,1
South Arcot / Cuddalore,2004,3.0239000000000003,800,28,70,50,30,6.5,0.5,20,50,3.07852,1
South Arcot / Cuddalore,2005,2.58296,800,28,70,50,30,6.5,0.5,20,50,3.0239000000000003,1
South Arcot / Cuddalore,2006,3.55084,800,28,70,50,30,6.5,0.5,20,50,2.58296,1
South Arcot / Cuddalore,2007,3.28546,800,28,70,50,30,6.5,0.5,20,50,3.55084,1
South Arcot / Cuddalore,2008,2.65275,800,28,70,50,30,6.5,0.5,20,50,3.28546,1
South Arcot / Cuddalore,2009,3.0418499999999997,800,28,70,50,30,6.5,0.5,20,50,2.65275,1
South Arcot / Cuddalore,2010,3.0612199999999996,800,28,70,50,30,6.5,0.5,20,50,3.0418499999999997,1
South Arcot / Cuddalore,2011,2.8698,800,28,70,50,30,6.5,0.5,20,50,3.0612199999999996,1
South Arcot / Cuddalore,2012,3.23366,800,28,70,50,30,6.5,0.5,20,50,2.8698,1
South Arcot / Cuddalore,2013,4.57346,800,28,70,50,30,6.5,0.5,20,50,3.23366,1
South Arcot / Cuddalore,2014,4.81627,800,28,70,50,30,6.5,0.5,20,50,4.57346,1
South Arcot / Cuddalore,2015,3.97294,800,28,70,50,30,6.5,0.5,20,50,4.81627,1
South Arcot / Cuddalore,2016,3.92487,800,28,70,50,30,6.5,0.5,20,50,3.97294,1
South Arcot / Cuddalore,2017,4.2998400000000006,800,28,70,50,30,6.5,0.5,20,50,3.92487,1
North Arcot / Vellore,1990,3.0195700000000003,800,28,70,50,30,6.5,0.5,20,50,4.2998400000000006,1
North Arcot / Vellore,1991,3.10189,800,28,70,50,30,6.5,0.5,20,50,3.0195700000000003,1
North Arcot / Vellore,1992,2.2745900000000003,800,28,70,50,30,6.5,0.5,20,50,3.10189,1
North Arcot / Vellore,1993,2.63095,800,28,70,50,30,6.5,0.5,20,50,2.2745900000000003,1
North Arcot / Vellore,1994,3.05031,800,28,70,50,30,6.5,0.5,20,50,2.63095,1
North Arcot / Vellore,1995,2.66352,800,28,70,50,30,6.5,0.5,20,50,3.05031,1
North Arcot / Vellore,1996,2.76182,800,28,70,50,30,6.5,0.5,20,50,2.66352,1
North Arcot / Vellore,1997,3.00514,800,28,70,50,30,6.5,0.5,20,50,2.76182,1
North Arcot / Vellore,1998,3.49302,800,28,70,50,30,6.5,0.5,20,50,3.00514,1
North Arcot / Vellore,1999,3.53246,800,28,70,50,30,6.5,0.5,20,50,3.49302,1
North Arcot / Vellore,2000,3.4207899999999998,800,28,70,50,30,6.5,0.5,20,50,3.53246,1
North Arcot / Vellore,2001,3.31012,800,28,70,50,30,6.5,0.5,20,50,3.4207899999999998,1
North Arcot / Vellore,2002,2.92631,800,28,70,50,30,6.5,0.5,20,50,3.31012,1
North Arcot / Vellore,2003,3.01702,800,28,70,50,30,6.5,0.5,20,50,2.92631,1
North Arcot / Vellore,2004,2.8767600000000004,800,28,70,50,30,6.5,0.5,20,50,3.01702,1
North Arcot / Vellore,2005,2.7923299999999998,800,28,70,50,30,6.5,0.5,20,50,2.8767600000000004,1
North Arcot / Vellore,2006,3.23369,800,28,70,50,30,6.5,0.5,20,50,2.7923299999999998,1
North Arcot / Vellore,2007,3.41437,800,28,70,50,30,6.5,0.5,20,50,3.23369,1
North Arcot / Vellore,2008,3.28049,800,28,70,50,30,6.5,0.5,20,50,3.41437,1
North Arcot / Vellore,2009,3.1791,800,28,70,50,30,6.5,0.5,20,50,3.28049,1
North Arcot / Vellore,2010,3.02602,800,28,70,50,30,6.5,0.5,20,50,3.1791,1
North Arcot / Vellore,2011,4.45158,800,28,70,50,30,6.5,0.5,20,50,3.02602,1
North Arcot / Vellore,2012,3.75204,800,28,70,50,30,6.5,0.5,20,50,4.45158,1
North Arcot / Vellore,2013,4.523770000000001,800,28,70,50,30,6.5,0.5,20,50,3.75204,1
North Arcot / Vellore,2014,4.88752,800,28,70,50,30,6.5,0.5,20,50,4.523770000000001,1
North Arcot / Vellore,2015,3.94944,800,28,70,50,30,6.5,0.5,20,50,4.88752,1
North Arcot / Vellore,2016,4.02155,800,28,70,50,30,6.5,0.5,20,50,3.94944,1
North Arcot / Vellore,2017,4.42849,800,28,70,50,30,6.5,0.5,20,50,4.02155,1
Salem,1990,3.2701,800,28,70,50,30,6.5,0.5,20,50,4.42849,1
Salem,1991,3.28459,800,28,70,50,30,6.5,0.5,20,50,3.2701,1
Salem,1992,2.98531,800,28,70,50,30,6.5,0.5,20,50,3.28459,1
Salem,1993,3.17557,800,28,70,50,30,6.5,0.5,20,50,2.98531,1
Salem,1994,3.5622800000000003,800,28,70,50,30,6.5,0.5,20,50,3.17557,1
Salem,1995,3.56521,800,28,70,50,30,6.5,0.5,20,50,3.5622800000000003,1
Salem,1996,3.43889,800,28,70,50,30,6.5,0.5,20,50,3.56521,1
Salem,1997,3.64123,800,28,70,50,30,6.5,0.5,20,50,3.43889,1
Salem,1998,4.17111,800,28,70,50,30,6.5,0.5,20,50,3.64123,1
Salem,1999,4.08607,800,28,70,50,30,6.5,0.5,20,50,4.17111,1
Salem,2000,3.93781,800,28,70,50,30,6.5,0.5,20,50,4.08607,1
Salem,2001,4.03068,800,28,70,50,30,6.5,0.5,20,50,3.93781,1
Salem,2002,3.00415,800,28,70,50,30,6.5,0.5,20,50,4.03068,1
Salem,2003,2.88158,800,28,70,50,30,6.5,0.5,20,50,3.00415,1
Salem,2004,3.0825,800,28,70,50,30,6.5,0.5,20,50,2.88158,1
Salem,2005,3.25989,800,28,70,50,30,6.5,0.5,20,50,3.0825,1
Salem,2006,3.4856100000000003,800,28,70,50,30,6.5,0.5,20,50,3.25989,1
Salem,2007,3.47784,800,28,70,50,30,6.5,0.5,20,50,3.4856100000000003,1
Salem,2008,4.030320000000001,800,28,70,50,30,6.5,0.5,20,50,3.47784,1
Salem,2009,4.133439999999999,800,28,70,50,30,6.5,0.5,20,50,4.030320000000001,1
Salem,2010,4.21765,800,28,70,50,30,6.5,0.5,20,50,4.133439999999999,1
Salem,2011,4.58404,800,28,70,50,30,6.5,0.5,20,50,4.21765,1
Salem,2012,4.1273100000000005,800,28,70,50,30,6.5,0.5,20,50,4.58404,1
Salem,2013,4.94599,800,28,70,50,30,6.5,0.5,20,50,4.1273100000000005,1
Salem,2014,5.1296800000000005,800,28,70,50,30,6.5,0.5,20,50,4.94599,1
Salem,2015,4.68142,800,28,70,50,30,6.5,0.5,20,50,5.1296800000000005,1
Salem,2016,4.67696,800,28,70,50,30,6.5,0.5,20,50,4.68142,1
Salem,2017,4.92977,800,28,70,50,30,6.5,0.5,20,50,4.67696,1
Coimbatore,1990,2.7170900000000002,800,28,70,50,30,6.5,0.5,20,50,4.92977,1
Coimbatore,1991,2.9656100000000003,800,28,70,50,30,6.5,0.5,20,50,2.7170900000000002,1
Coimbatore,1992,3.07783,800,28,70,50,30,6.5,0.5,20,50,2.9656100000000003,1
Coimbatore,1993,3.22314,800,28,70,50,30,6.5,0.5,20,50,3.07783,1
Coimbatore,1994,3.2470100000000004,800,28,70,50,30,6.5,0.5,20,50,3.22314,1
Coimbatore,1995,1.76567,800,28,70,50,30,6.5,0.5,20,50,3.2470100000000004,1
Coimbatore,1996,2.8242399999999996,800,28,70,50,30,6.5,0.5,20,50,1.76567,1
Coimbatore,1997,2.80822,800,28,70,50,30,6.5,0.5,20,50,2.8242399999999996,1
Coimbatore,1998,3.20751,800,28,70,50,30,6.5,0.5,20,50,2.80822,1
Coimbatore,1999,3.63159,800,28,70,50,30,6.5,0.5,20,50,3.20751,1
Coimbatore,2000,3.42626,800,28,70,50,30,6.5,0.5,20,50,3.63159,1
Coimbatore,2001,2.7411,800,28,70,50,30,6.5,0.5,20,50,3.42626,1
Coimbatore,2002,2.17454,800,28,70,50,30,6.5,0.5,20,50,2.7411,1
Coimbatore,2003,1.8849200000000002,800,28,70,50,30,6.5,0.5,20,50,2.17454,1
Coimbatore,2004,2.97946,800,28,70,50,30,6.5,0.5,20,50,1.8849200000000002,1
Coimbatore,2005,2.4491300000000003,800,28,70,50,30,6.5,0.5,20,50,2.97946,1
Coimbatore,2006,3.0926799999999997,800,28,70,50,30,6.5,0.5,20,50,2.4491300000000003,1
Coimbatore,2007,1.93389,800,28,70,50,30,6.5,0.5,20,50,3.0926799999999997,1
Coimbatore,2008,1.86515,800,28,70,50,30,6.5,0.5,20,50,1.93389,1
Coimbatore,2009,2.14621,800,28,70,50,30,6.5,0.5,20,50,1.86515,1
Coimbatore,2010,2.39248,800,28,70,50,30,6.5,0.5,20,50,2.14621,1
Coimbatore,2011,3.67292,800,28,70,50,30,6.5,0.5,20,50,2.39248,1
Coimbatore,2012,2.89467,800,28,70,50,30,6.5,0.5,20,50,3.67292,1
Coimbatore,2013,1.93127,800,28,70,50,30,6.5,0.5,20,50,2.89467,1
Coimbatore,2014,4.27888,800,28,70,50,30,6.5,0.5,20,50,1.93127,1
Coimbatore,2015,3.5933200000000003,800,28,70,50,30,6.5,0.5,20,50,4.27888,1
Coimbatore,2016,3.74948,800,28,70,50,30,6.5,0.5,20,50,3.5933200000000003,1
Coimbatore,2017,2.16646,800,28,70,50,30,6.5,0.5,20,50,3.74948,1
Tiruchirapalli / Trichy,1990,3.578,800,28,70,50,30,6.5,0.5,20,50,2.16646,1
Tiruchirapalli / Trichy,1991,3.69978,800,28,70,50,30,6.5,0.5,20,50,3.578,1
Tiruchirapalli / Trichy,1992,3.4248600000000002,800,28,70,50,30,6.5,0.5,20,50,3.69978,1
Tiruchirapalli / Trichy,1993,3.4033,800,28,70,50,30,6.5,0.5,20,50,3.4248600000000002,1
Tiruchirapalli / Trichy,1994,3.64647,800,28,70,50,30,6.5,0.5,20,50,3.4033,1
Tiruchirapalli / Trichy,1995,3.22491,800,28,70,50,30,6.5,0.5,20,50,3.64647,1
Tiruchirapalli / Trichy,1996,3.33467,800,28,70,50,30,6.5,0.5,20,50,3.22491,1
Tiruchirapalli / Trichy,1997,3.4646,800,28,70,50,30,6.5,0.5,20,50,3.33467,1
Tiruchirapalli / Trichy,1998,3.91011,800,28,70,50,30,6.5,0.5,20,50,3.4646,1
Tiruchirapalli / Trichy,1999,4.08107,800,28,70,50,30,6.5,0.5,20,50,3.91011,1
Tiruchirapalli / Trichy,2000,3.88185,800,28,70,50,30,6.5,0.5,20,50,4.08107,1
Tiruchirapalli / Trichy,2001,3.68849,800,28,70,50,30,6.5,0.5,20,50,3.88185,1
Tiruchirapalli / Trichy,2002,2.7151799999999997,800,28,70,50,30,6.5,0.5,20,50,3.68849,1
Tiruchirapalli / Trichy,2003,2.68455,800,28,70,50,30,6.5,0.5,20,50,2.7151799999999997,1
Tiruchirapalli / Trichy,2004,3.13258,800,28,70,50,30,6.5,0.5,20,50,2.68455,1
Tiruchirapalli / Trichy,2005,3.00587,800,28,70,50,30,6.5,0.5,20,50,3.13258,1
Tiruchirapalli / Trichy,2006,3.72738,800,28,70,50,30,6.5,0.5,20,50,3.00587,1
Tiruchirapalli / Trichy,2007,3.4548200000000002,800,28,70,50,30,6.5,0.5,20,50,3.72738,1
Tiruchirapalli / Trichy,2008,3.72725,800,28,70,50,30,6.5,0.5,20,50,3.4548200000000002,1
Tiruchirapalli / Trichy,2009,3.91295,800,28,70,50,30,6.5,0.5,20,50,3.72725,1
Tiruchirapalli / Trichy,2010,3.98163,800,28,70,50,30,6.5,0.5,20,50,3.91295,1
Tiruchirapalli / Trichy,2011,4.41236,800,28,70,50,30,6.5,0.5,20,50,3.98163,1
Tiruchirapalli / Trichy,2012,3.03289,800,28,70,50,30,6.5,0.5,20,50,4.41236,1
Tiruchirapalli / Trichy,2013,5.09465,800,28,70,50,30,6.5,0.5,20,50,3.03289,1
Tiruchirapalli / Trichy,2014,4.8491,800,28,70,50,30,6.5,0.5,20,50,5.09465,1
Tiruchirapalli / Trichy,2015,4.38047,800,28,70,50,30,6.5,0.5,20,50,4.8491,1
Tiruchirapalli / Trichy,2016,4.285729999999999,800,28,70,50,30,6.5,0.5,20,50,4.38047,1
Tiruchirapalli / Trichy,2017,4.78299,800,28,70,50,30,6.5,0.5,20,50,4.285729999999999,1
Thanjavur,1990,3.10882,800,28,70,50,30,6.5,0.5,20,50,4.78299,1
Thanjavur,1991,3.36179,800,28,70,50,30,6.5,0.5,20,50,3.10882,1
Thanjavur,1992,3.33996,800,28,70,50,30,6.5,0.5,20,50,3.36179,1
Thanjavur,1993,2.27616,800,28,70,50,30,6.5,0.5,20,50,3.33996,1
Thanjavur,1994,3.5017300000000002,800,28,70,50,30,6.5,0.5,20,50,2.27616,1
Thanjavur,1995,2.59372,800,28,70,50,30,6.5,0.5,20,50,3.5017300000000002,1
Thanjavur,1996,2.03417,800,28,70,50,30,6.5,0.5,20,50,2.59372,1
Thanjavur,1997,2.14954,800,28,70,50,30,6.5,0.5,20,50,2.03417,1
Thanjavur,1998,3.06355,800,28,70,50,30,6.5,0.5,20,50,2.14954,1
Thanjavur,1999,3.32721,800,28,70,50,30,6.5,0.5,20,50,3.06355,1
Thanjavur,2000,3.64438,800,28,70,50,30,6.5,0.5,20,50,3.32721,1
Thanjavur,2001,2.76457,800,28,70,50,30,6.5,0.5,20,50,3.64438,1
Thanjavur,2002,1.48506,800,28,70,50,30,6.5,0.5,20,50,2.76457,1
Thanjavur,2003,2.06294,800,28,70,50,30,6.5,0.5,20,50,1.48506,1
Thanjavur,2004,1.85178,800,28,70,50,30,6.5,0.5,20,50,2.06294,1
Thanjavur,2005,1.7328599999999998,800,28,70,50,30,6.5,0.5,20,50,1.85178,1
Thanjavur,2006,3.59575,800,28,70,50,30,6.5,0.5,20,50,1.7328599999999998,1
Thanjavur,2007,2.42146,800,28,70,50,30,6.5,0.5,20,50,3.59575,1
Thanjavur,2008,1.58366,800,28,70,50,30,6.5,0.5,20,50,2.42146,1
Thanjavur,2009,2.79429,800,28,70,50,30,6.5,0.5,20,50,1.58366,1
Thanjavur,2010,2.29956,800,28,70,50,30,6.5,0.5,20,50,2.79429,1
Thanjavur,2011,4.027909999999999,800,28,70,50,30,6.5,0.5,20,50,2.29956,1
Thanjavur,2012,1.8544800000000001,800,28,70,50,30,6.5,0.5,20,50,4.027909999999999,1
Thanjavur,2013,4.56448,800,28,70,50,30,6.5,0.5,20,50,1.8544800000000001,1
Thanjavur,2014,4.03975,800,28,70,50,30,6.5,0.5,20,50,4.56448,1
Thanjavur,2015,3.09272,800,28,70,50,30,6.5,0.5,20,50,4.03975,1
Thanjavur,2016,2.5020700000000002,800,28,70,50,30,6.5,0.5,20,50,3.09272,1
Thanjavur,2017,3.5370500000000002,800,28,70,50,30,6.5,0.5,20,50,2.5020700000000002,1
Madurai,1990,3.47349,800,28,70,50,30,6.5,0.5,20,50,3.5370500000000002,1
Madurai,1991,3.56658,800,28,70,50,30,6.5,0.5,20,50,3.47349,1
Madurai,1992,3.8081,800,28,70,50,30,6.5,0.5,20,50,3.56658,1
Madurai,1993,3.62,800,28,70,50,30,6.5,0.5,20,50,3.8081,1
Madurai,1994,4.3246,800,28,70,50,30,6.5,0.5,20,50,3.62,1
Madurai,1995,3.1839299999999997,800,28,70,50,30,6.5,0.5,20,50,4.3246,1
Madurai,1996,3.6415,800,28,70,50,30,6.5,0.5,20,50,3.1839299999999997,1
Madurai,1997,3.92941,800,28,70,50,30,6.5,0.5,20,50,3.6415,1
Madurai,1998,4.7218800000000005,800,28,70,50,30,6.5,0.5,20,50,3.92941,1
Madurai,1999,4.45219,800,28,70,50,30,6.5,0.5,20,50,4.7218800000000005,1
Madurai,2000,4.35016,800,28,70,50,30,6.5,0.5,20,50,4.45219,1
Madurai,2001,4.188470000000001,800,28,70,50,30,6.5,0.5,20,50,4.35016,1
Madurai,2002,3.00684,800,28,70,50,30,6.5,0.5,20,50,4.188470000000001,1
Madurai,2003,3.0772199999999996,800,28,70,50,30,6.5,0.5,20,50,3.00684,1
Madurai,2004,3.4467600000000003,800,28,70,50,30,6.5,0.5,20,50,3.0772199999999996,1
Madurai,2005,3.39654,800,28,70,50,30,6.5,0.5,20,50,3.4467600000000003,1
Madurai,2006,4.098649999999999,800,28,70,50,30,6.5,0.5,20,50,3.39654,1
Madurai,2007,3.68163,800,28,70,50,30,6.5,0.5,20,50,4.098649999999999,1
Madurai,2008,4.122649999999999,800,28,70,50,30,6.5,0.5,20,50,3.68163,1
Madurai,2009,4.339,800,28,70,50,30,6.5,0.5,20,50,4.122649999999999,1
Madurai,2010,4.55967,800,28,70,50,30,6.5,0.5,20,50,4.339,1
Madurai,2011,4.88999,800,28,70,50,30,6.5,0.5,20,50,4.55967,1
Madurai,2012,3.79297,800,28,70,50,30,6.5,0.5,20,50,4.88999,1
Madurai,2013,4.62577,800,28,70,50,30,6.5,0.5,20,50,3.79297,1
Madurai,2014,4.6187700000000005,800,28,70,50,30,6.5,0.5,20,50,4.62577,1
Madurai,2015,4.14708,800,28,70,50,30,6.5,0.5,20,50,4.6187700000000005,1
Madurai,2016,4.05626,800,28,70,50,30,6.5,0.5,20,50,4.14708,1
Madurai,2017,4.65649,800,28,70,50,30,6.5,0.5,20,50,4.05626,1
Ramananthapuram,1990,2.12715,800,28,70,50,30,6.5,0.5,20,50,4.65649,1
Ramananthapuram,1991,1.1048399999999998,800,28,70,50,30,6.5,0.5,20,50,2.12715,1
Ramananthapuram,1992,2.12825,800,28,70,50,30,6.5,0.5,20,50,1.1048399999999998,1
Ramananthapuram,1993,2.66667,800,28,70,50,30,6.5,0.5,20,50,2.12825,1
Ramananthapuram,1994,1.99922,800,28,70,50,30,6.5,0.5,20,50,2.66667,1
Ramananthapuram,1995,0.4031,800,28,70,50,30,6.5,0.5,20,50,1.99922,1
Ramananthapuram,1996,1.60944,800,28,70,50,30,6.5,0.5,20,50,0.4031,1
Ramananthapuram,1997,2.99625,800,28,70,50,30,6.5,0.5,20,50,1.60944,1
Ramananthapuram,1998,3.12096,800,28,70,50,30,6.5,0.5,20,50,2.99625,1
Ramananthapuram,1999,1.53732,800,28,70,50,30,6.5,0.5,20,50,3.12096,1
Ramananthapuram,2000,2.25589,800,28,70,50,30,6.5,0.5,20,50,1.53732,1
Ramananthapuram,2001,1.82462,800,28,70,50,30,6.5,0.5,20,50,2.25589,1
Ramananthapuram,2002,1.6243800000000002,800,28,70,50,30,6.5,0.5,20,50,1.82462,1
Ramananthapuram,2003,0.5277000000000001,800,28,70,50,30,6.5,0.5,20,50,1.6243800000000002,1
Ramananthapuram,2004,2.15866,800,28,70,50,30,6.5,0.5,20,50,0.5277000000000001,1
Ramananthapuram,2005,2.16969,800,28,70,50,30,6.5,0.5,20,50,2.15866,1
Ramananthapuram,2006,2.0071600000000003,800,28,70,50,30,6.5,0.5,20,50,2.16969,1
Ramananthapuram,2007,0.88282,800,28,70,50,30,6.5,0.5,20,50,2.0071600000000003,1
Ramananthapuram,2008,1.81605,800,28,70,50,30,6.5,0.5,20,50,0.88282,1
Ramananthapuram,2009,1.84031,800,28,70,50,30,6.5,0.5,20,50,1.81605,1
Ramananthapuram,2010,2.18357,800,28,70,50,30,6.5,0.5,20,50,1.84031,1
Ramananthapuram,2011,3.57628,800,28,70,50,30,6.5,0.5,20,50,2.18357,1
Ramananthapuram,2012,1.13912,800,28,70,50,30,6.5,0.5,20,50,3.57628,1
Ramananthapuram,2013,0.75246,800,28,70,50,30,6.5,0.5,20,50,1.13912,1
Ramananthapuram,2014,3.61884,800,28,70,50,30,6.5,0.5,20,50,0.75246,1
Ramananthapuram,2015,2.7944899999999997,800,28,70,50,30,6.5,0.5,20,50,3.61884,1
Ramananthapuram,2016,2.0723000000000003,800,28,70,50,30,6.5,0.5,20,50,2.7944899999999997,1
Ramananthapuram,2017,2.01736,800,28,70,50,30,6.5,0.5,20,50,2.0723000000000003,1
Thirunelveli,1990,4.103689999999999,800,28,70,50,30,6.5,0.5,20,50,2.01736,1
Thirunelveli,1991,3.27076,800,28,70,50,30,6.5,0.5,20,50,4.103689999999999,1
Thirunelveli,1992,3.99931,800,28,70,50,30,6.5,0.5,20,50,3.27076,1
Thirunelveli,1993,3.7862600000000004,800,28,70,50,30,6.5,0.5,20,50,3.99931,1
Thirunelveli,1994,4.61405,800,28,70,50,30,6.5,0.5,20,50,3.7862600000000004,1
Thirunelveli,1995,4.1587,800,28,70,50,30,6.5,0.5,20,50,4.61405,1
Thirunelveli,1996,3.94857,800,28,70,50,30,6.5,0.5,20,50,4.1587,1
Thirunelveli,1997,3.78948,800,28,70,50,30,6.5,0.5,20,50,3.94857,1
Thirunelveli,1998,4.4963,800,28,70,50,30,6.5,0.5,20,50,3.78948,1
Thirunelveli,1999,4.52011,800,28,70,50,30,6.5,0.5,20,50,4.4963,1
Thirunelveli,2000,4.427479999999999,800,28,70,50,30,6.5,0.5,20,50,4.52011,1
Thirunelveli,2001,4.05099,800,28,70,50,30,6.5,0.5,20,50,4.427479999999999,1
Thirunelveli,2002,4.08736,800,28,70,50,30,6.5,0.5,20,50,4.05099,1
Thirunelveli,2003,3.8591100000000003,800,28,70,50,30,6.5,0.5,20,50,4.08736,1
Thirunelveli,2004,4.13414,800,28,70,50,30,6.5,0.5,20,50,3.8591100000000003,1
Thirunelveli,2005,3.6761999999999997,800,28,70,50,30,6.5,0.5,20,50,4.13414,1
Thirunelveli,2006,4.23168,800,28,70,50,30,6.5,0.5,20,50,3.6761999999999997,1
Thirunelveli,2007,3.8192,800,28,70,50,30,6.5,0.5,20,50,4.23168,1
Thirunelveli,2008,4.24173,800,28,70,50,30,6.5,0.5,20,50,3.8192,1
Thirunelveli,2009,4.28804,800,28,70,50,30,6.5,0.5,20,50,4.24173,1
Thirunelveli,2010,4.422770000000001,800,28,70,50,30,6.5,0.5,20,50,4.28804,1
Thirunelveli,2011,3.63462,800,28,70,50,30,6.5,0.5,20,50,4.422770000000001,1
Thirunelveli,2012,4.01027,800,28,70,50,30,6.5,0.5,20,50,3.63462,1
Thirunelveli,2013,5.65383,800,28,70,50,30,6.5,0.5,20,50,4.01027,1
Thirunelveli,2014,5.1170100000000005,800,28,70,50,30,6.5,0.5,20,50,5.65383,1
Thirunelveli,2015,4.80917,800,28,70,50,30,6.5,0.5,20,50,5.1170100000000005,1
Thirunelveli,2016,3.71076,800,28,70,50,30,6.5,0.5,20,50,4.80917,1
Thirunelveli,2017,4.61254,800,28,70,50,30,6.5,0.5,20,50,3.71076,1
The Nilgiris,1990,2.4784200000000003,800,28,70,50,30,6.5,0.5,20,50,4.61254,1
The Nilgiris,1991,3.12179,800,28,70,50,30,6.5,0.5,20,50,2.4784200000000003,1
The Nilgiris,1992,2.05348,800,28,70,50,30,6.5,0.5,20,50,3.12179,1
The Nilgiris,1993,1.5,800,28,70,50,30,6.5,0.5,20,50,2.05348,1
The Nilgiris,1994,1.98742,800,28,70,50,30,6.5,0.5,20,50,1.5,1
The Nilgiris,1995,1.3392899999999999,800,28,70,50,30,6.5,0.5,20,50,1.98742,1
The Nilgiris,1996,1.58763,800,28,70,50,30,6.5,0.5,20,50,1.3392899999999999,1
The Nilgiris,1997,3.47674,800,28,70,50,30,6.5,0.5,20,50,1.58763,1
The Nilgiris,1998,4.0517199999999995,800,28,70,50,30,6.5,0.5,20,50,3.47674,1
The Nilgiris,1999,4.09231,800,28,70,50,30,6.5,0.5,20,50,4.0517199999999995,1
The Nilgiris,2000,4.113300000000001,800,28,70,50,30,6.5,0.5,20,50,4.09231,1
The Nilgiris,2001,3.92558,800,28,70,50,30,6.5,0.5,20,50,4.113300000000001,1
The Nilgiris,2002,3.36757,800,28,70,50,30,6.5,0.5,20,50,3.92558,1
The Nilgiris,2003,3.2987800000000003,800,28,70,50,30,6.5,0.5,20,50,3.36757,1
The Nilgiris,2004,3.30556,800,28,70,50,30,6.5,0.5,20,50,3.2987800000000003,1
The Nilgiris,2005,3.3007,800,28,70,50,30,6.5,0.5,20,50,3.30556,1
The Nilgiris,2006,3.2,800,28,70,50,30,6.5,0.5,20,50,3.3007,1
The Nilgiris,2007,3.86486,800,28,70,50,30,6.5,0.5,20,50,3.2,1
The Nilgiris,2008,3.91026,800,28,70,50,30,6.5,0.5,20,50,3.86486,1
The Nilgiris,2009,3.4901999999999997,800,28,70,50,30,6.5,0.5,20,50,3.91026,1
The Nilgiris,2010,3.58974,800,28,70,50,30,6.5,0.5,20,50,3.4901999999999997,1
The Nilgiris,2011,4.125,800,28,70,50,30,6.5,0.5,20,50,3.58974,1
The Nilgiris,2012,3.96552,800,28,70,50,30,6.5,0.5,20,50,4.125,1
The Nilgiris,2013,4.30303,800,28,70,50,30,6.5,0.5,20,50,3.96552,1
The Nilgiris,2014,5.0,800,28,70,50,30,6.5,0.5,20,50,4.30303,1
The Nilgiris,2015,4.4375,800,28,70,50,30,6.5,0.5,20,50,5.0,1
The Nilgiris,2016,4.29218,800,28,70,50,30,6.5,0.5,20,50,4.4375,1
The Nilgiris,2017,3.85356,800,28,70,50,30,6.5,0.5,20,50,4.29218,1
Kanyakumari,1990,3.10017,800,28,70,50,30,6.5,0.5,20,50,3.85356,1
Kanyakumari,1991,3.53019,800,28,70,50,30,6.5,0.5,20,50,3.10017,1
Kanyakumari,1992,3.06574,800,28,70,50,30,6.5,0.5,20,50,3.53019,1
Kanyakumari,1993,3.38095,800,28,70,50,30,6.5,0.5,20,50,3.06574,1
Kanyakumari,1994,4.03647,800,28,70,50,30,6.5,0.5,20,50,3.38095,1
Kanyakumari,1995,4.12909,800,28,70,50,30,6.5,0.5,20,50,4.03647,1
Kanyakumari,1996,4.12745,800,28,70,50,30,6.5,0.5,20,50,4.12909,1
Kanyakumari,1997,3.7977,800,28,70,50,30,6.5,0.5,20,50,4.12745,1
Kanyakumari,1998,4.775,800,28,70,50,30,6.5,0.5,20,50,3.7977,1
Kanyakumari,1999,4.74841,800,28,70,50,30,6.5,0.5,20,50,4.775,1
Kanyakumari,2000,4.72193,800,28,70,50,30,6.5,0.5,20,50,4.74841,1
Kanyakumari,2001,4.30004,800,28,70,50,30,6.5,0.5,20,50,4.72193,1
Kanyakumari,2002,3.78004,800,28,70,50,30,6.5,0.5,20,50,4.30004,1
Kanyakumari,2003,3.05427,800,28,70,50,30,6.5,0.5,20,50,3.78004,1
Kanyakumari,2004,3.92779,800,28,70,50,30,6.5,0.5,20,50,3.05427,1
Kanyakumari,2005,3.80101,800,28,70,50,30,6.5,0.5,20,50,3.92779,1
Kanyakumari,2006,4.39654,800,28,70,50,30,6.5,0.5,20,50,3.80101,1
Kanyakumari,2007,4.43292,800,28,70,50,30,6.5,0.5,20,50,4.39654,1
Kanyakumari,2008,4.5992299999999995,800,28,70,50,30,6.5,0.5,20,50,4.43292,1
Kanyakumari,2009,4.40439,800,28,70,50,30,6.5,0.5,20,50,4.5992299999999995,1
Kanyakumari,2010,4.73161,800,28,70,50,30,6.5,0.5,20,50,4.40439,1
Kanyakumari,2011,5.42178,800,28,70,50,30,6.5,0.5,20,50,4.73161,1
Kanyakumari,2012,4.66398,800,28,70,50,30,6.5,0.5,20,50,5.42178,1
Kanyakumari,2013,4.89721,800,28,70,50,30,6.5,0.5,20,50,4.66398,1
Kanyakumari,2014,5.07891,800,28,70,50,30,6.5,0.5,20,50,4.89721,1
Kanyakumari,2015,4.30478,800,28,70,50,30,6.5,0.5,20,50,5.07891,1
Kanyakumari,2016,4.00378,800,28,70,50,30,6.5,0.5,20,50,4.30478,1
Kanyakumari,2017,3.4310300000000002,800,28,70,50,30,6.5,0.5,20,50,4.00378,1
Bombay,1990,2.0,800,28,70,50,30,6.5,0.5,20,50,3.4310300000000002,1
Bombay,1991,1.66667,800,28,70,50,30,6.5,0.5,20,50,2.0,1
Bombay,1992,0.0,800,28,70,50,30,6.5,0.5,20,50,1.66667,1
Bombay,1993,0.0,800,28,70,50,30,6.5,0.5,20,50,0.0,1
Bombay,1994,0.0,800,28,70,50,30,6.5,0.5,20,50,0.0,1
Bombay,1995,0.0,800,28,70,50,30,6.5,0.5,20,50,0.0,1
Bombay,1996,0.0,800,28,70,50,30,6.5,0.5,20,50,0.0,1
Bombay,1997,0.0,800,28,70,50,30,6.5,0.5,20,50,0.0,1
Bombay,1998,0.0,800,28,70,50,30,6.5,0.5,20,50,0.0,1
Bombay,1999,0.0,800,28,70,50,30,6.5,0.5,20,50,0.0,1
Bombay,2000,0.0,800,28,70,50,30,6.5,0.5,20,50,0.0,1
Bombay,2001,0.0,800,28,70,50,30,6.5,0.5,20,50,0.0,1
Bombay,2002,0.0,800,28,70,50,30,6.5,0.5,20,50,0.0,1
Bombay,2003,0.0,800,28,70,50,30,6.5,0.5,20,50,0.0,1
Bombay,2004,0.0,800,28,70,50,30,6.5,0.5,20,50,0.0,1
Bombay,2005,0.0,800,28,70,50,30,6.5,0.5,20,50,0.0,1
Bombay,2006,0.0,800,28,70,50,30,6.5,0.5,20,50,0.0,1
Bombay,2007,0.0,800,28,70,50,30,6.5,0.5,20,50,0.0,1
Bombay,2008,0.0,800,28,70,50,30,6.5,0.5,20,50,0.0,1
Bombay,2009,0.0,800,28,70,50,30,6.5,0.5,20,50,0.0,1
Bombay,2010,0.0,800,28,70,50,30,6.5,0.5,20,50,0.0,1
Bombay,2011,0.0,800,28,70,50,30,6.5,0.5,20,50,0.0,1
Bombay,2012,0.0,800,28,70,50,30,6.5,0.5,20,50,0.0,1
Bombay,2016,0.0,800,28,70,50,30,6.5,0.5,20,50,0.0,1
Thane,1990,1.92642,800,28,70,50,30,6.5,0.5,20,50,0.0,1
Thane,1991,1.78353,800,28,70,50,30,6.5,0.5,20,50,1.92642,1
Thane,1992,1.9348299999999998,800,28,70,50,30,6.5,0.5,20,50,1.78353,1
Thane,1993,2.04723,800,28,70,50,30,6.5,0.5,20,50,1.9348299999999998,1
Thane,1994,1.8975199999999999,800,28,70,50,30,6.5,0.5,20,50,2.04723,1
Thane,1995,2.17039,800,28,70,50,30,6.5,0.5,20,50,1.8975199999999999,1
Thane,1996,2.5992100000000002,800,28,70,50,30,6.5,0.5,20,50,2.17039,1
Thane,1997,2.35507,800,28,70,50,30,6.5,0.5,20,50,2.5992100000000002,1
Thane,1998,1.91977,800,28,70,50,30,6.5,0.5,20,50,2.35507,1
Thane,1999,2.12976,800,28,70,50,30,6.5,0.5,20,50,1.91977,1
Thane,2000,1.23712,800,28,70,50,30,6.5,0.5,20,50,2.12976,1
Thane,2001,2.44752,800,28,70,50,30,6.5,0.5,20,50,1.23712,1
Thane,2002,1.13818,800,28,70,50,30,6.5,0.5,20,50,2.44752,1
Thane,2003,2.8211500000000003,800,28,70,50,30,6.5,0.5,20,50,1.13818,1
Thane,2004,2.37872,800,28,70,50,30,6.5,0.5,20,50,2.8211500000000003,1
Thane,2005,2.22652,800,28,70,50,30,6.5,0.5,20,50,2.37872,1
Thane,2006,1.83595,800,28,70,50,30,6.5,0.5,20,50,2.22652,1
Thane,2007,2.1995,800,28,70,50,30,6.5,0.5,20,50,1.83595,1
Thane,2008,2.15789,800,28,70,50,30,6.5,0.5,20,50,2.1995,1
Thane,2009,2.09784,800,28,70,50,30,6.5,0.5,20,50,2.15789,1
Thane,2010,2.02878,800,28,70,50,30,6.5,0.5,20,50,2.09784,1
Thane,2011,2.45,800,28,70,50,30,6.5,0.5,20,50,2.02878,1
Thane,2012,2.59986,800,28,70,50,30,6.5,0.5,20,50,2.45,1
Thane,2013,2.3925500000000004,800,28,70,50,30,6.5,0.5,20,50,2.59986,1
Thane,2014,2.47515,800,28,70,50,30,6.5,0.5,20,50,2.3925500000000004,1
Thane,2015,2.28902,800,28,70,50,30,6.5,0.5,20,50,2.47515,1
Thane,2016,2.8281799999999997,800,28,70,50,30,6.5,0.5,20,50,2.28902,1
Thane,2017,1.8563699999999999,800,28,70,50,30,6.5,0.5,20,50,2.8281799999999997,1
Raigad,1990,1.6496099999999998,800,28,70,50,30,6.5,0.5,20,50,1.8563699999999999,1
Raigad,1991,2.23138,800,28,70,50,30,6.5,0.5,20,50,1.6496099999999998,1
Raigad,1992,2.11871,800,28,70,50,30,6.5,0.5,20,50,2.23138,1
Raigad,1993,2.37112,800,28,70,50,30,6.5,0.5,20,50,2.11871,1
Raigad,1994,2.19781,800,28,70,50,30,6.5,0.5,20,50,2.37112,1
Raigad,1995,2.2540999999999998,800,28,70,50,30,6.5,0.5,20,50,2.19781,1
Raigad,1996,2.3328699999999998,800,28,70,50,30,6.5,0.5,20,50,2.2540999999999998,1
Raigad,1997,2.53094,800,28,70,50,30,6.5,0.5,20,50,2.3328699999999998,1
Raigad,1998,2.5679499999999997,800,28,70,50,30,6.5,0.5,20,50,2.53094,1
Raigad,1999,2.42078,800,28,70,50,30,6.5,0.5,20,50,2.5679499999999997,1
Raigad,2000,2.16555,800,28,70,50,30,6.5,0.5,20,50,2.42078,1
Raigad,2001,2.66866,800,28,70,50,30,6.5,0.5,20,50,2.16555,1
Raigad,2002,2.0855900000000003,800,28,70,50,30,6.5,0.5,20,50,2.66866,1
Raigad,2003,2.8272,800,28,70,50,30,6.5,0.5,20,50,2.0855900000000003,1
Raigad,2004,2.2345900000000003,800,28,70,50,30,6.5,0.5,20,50,2.8272,1
Raigad,2005,2.27799,800,28,70,50,30,6.5,0.5,20,50,2.2345900000000003,1
Raigad,2006,2.37897,800,28,70,50,30,6.5,0.5,20,50,2.27799,1
Raigad,2007,2.51405,800,28,70,50,30,6.5,0.5,20,50,2.37897,1
Raigad,2008,2.71958,800,28,70,50,30,6.5,0.5,20,50,2.51405,1
Raigad,2009,2.5263,800,28,70,50,30,6.5,0.5,20,50,2.71958,1
Raigad,2010,2.36989,800,28,70,50,30,6.5,0.5,20,50,2.5263,1
Raigad,2011,2.4145100000000004,800,28,70,50,30,6.5,0.5,20,50,2.36989,1
Raigad,2012,2.6061799999999997,800,28,70,50,30,6.5,0.5,20,50,2.4145100000000004,1
Raigad,2013,2.86083,800,28,70,50,30,6.5,0.5,20,50,2.6061799999999997,1
Raigad,2014,2.79968,800,28,70,50,30,6.5,0.5,20,50,2.86083,1
Raigad,2015,2.9403099999999998,800,28,70,50,30,6.5,0.5,20,50,2.79968,1
Raigad,2016,2.72816,800,28,70,50,30,6.5,0.5,20,50,2.9403099999999998,1
Raigad,2017,2.7206599999999996,800,28,70,50,30,6.5,0.5,20,50,2.72816,1
Ratnagiri,1990,2.10608,800,28,70,50,30,6.5,0.5,20,50,2.7206599999999996,1
Ratnagiri,1991,2.13938,800,28,70,50,30,6.5,0.5,20,50,2.10608,1
Ratnagiri,1992,2.0734299999999997,800,28,70,50,30,6.5,0.5,20,50,2.13938,1
Ratnagiri,1993,2.20223,800,28,70,50,30,6.5,0.5,20,50,2.0734299999999997,1
Ratnagiri,1994,2.27948,800,28,70,50,30,6.5,0.5,20,50,2.20223,1
Ratnagiri,1995,2.36817,800,28,70,50,30,6.5,0.5,20,50,2.27948,1
Ratnagiri,1996,2.5196300000000003,800,28,70,50,30,6.5,0.5,20,50,2.36817,1
Ratnagiri,1997,2.4471100000000003,800,28,70,50,30,6.5,0.5,20,50,2.5196300000000003,1
Ratnagiri,1998,2.7596,800,28,70,50,30,6.5,0.5,20,50,2.4471100000000003,1
Ratnagiri,1999,2.34105,800,28,70,50,30,6.5,0.5,20,50,2.7596,1
Ratnagiri,2000,2.29887,800,28,70,50,30,6.5,0.5,20,50,2.34105,1
Ratnagiri,2001,2.59123,800,28,70,50,30,6.5,0.5,20,50,2.29887,1
Ratnagiri,2002,2.03805,800,28,70,50,30,6.5,0.5,20,50,2.59123,1
Ratnagiri,2003,3.05871,800,28,70,50,30,6.5,0.5,20,50,2.03805,1
Ratnagiri,2004,2.57116,800,28,70,50,30,6.5,0.5,20,50,3.05871,1
Ratnagiri,2005,2.69019,800,28,70,50,30,6.5,0.5,20,50,2.57116,1
Ratnagiri,2006,2.80867,800,28,70,50,30,6.5,0.5,20,50,2.69019,1
Ratnagiri,2007,2.63303,800,28,70,50,30,6.5,0.5,20,50,2.80867,1
Ratnagiri,2008,2.67372,800,28,70,50,30,6.5,0.5,20,50,2.63303,1
Ratnagiri,2009,2.6141799999999997,800,28,70,50,30,6.5,0.5,20,50,2.67372,1
Ratnagiri,2010,2.75712,800,28,70,50,30,6.5,0.5,20,50,2.6141799999999997,1
Ratnagiri,2011,2.81312,800,28,70,50,30,6.5,0.5,20,50,2.75712,1
Ratnagiri,2012,2.84127,800,28,70,50,30,6.5,0.5,20,50,2.81312,1
Ratnagiri,2013,3.0329099999999998,800,28,70,50,30,6.5,0.5,20,50,2.84127,1
Ratnagiri,2014,3.14596,800,28,70,50,30,6.5,0.5,20,50,3.0329099999999998,1
Ratnagiri,2015,2.67873,800,28,70,50,30,6.5,0.5,20,50,3.14596,1
Ratnagiri,2016,3.19578,800,28,70,50,30,6.5,0.5,20,50,2.67873,1
Ratnagiri,2017,3.09302,800,28,70,50,30,6.5,0.5,20,50,3.19578,1
Nasik,1990,1.05823,800,28,70,50,30,6.5,0.5,20,50,3.09302,1
Nasik,1991,0.76867,800,28,70,50,30,6.5,0.5,20,50,1.05823,1
Nasik,1992,1.1746400000000001,800,28,70,50,30,6.5,0.5,20,50,0.76867,1
Nasik,1993,1.25597,800,28,70,50,30,6.5,0.5,20,50,1.1746400000000001,1
Nasik,1994,1.2371400000000001,800,28,70,50,30,6.5,0.5,20,50,1.25597,1
Nasik,1995,0.9560700000000001,800,28,70,50,30,6.5,0.5,20,50,1.2371400000000001,1
Nasik,1996,1.44048,800,28,70,50,30,6.5,0.5,20,50,0.9560700000000001,1
Nasik,1997,1.3371,800,28,70,50,30,6.5,0.5,20,50,1.44048,1
Nasik,1998,1.2543900000000001,800,28,70,50,30,6.5,0.5,20,50,1.3371,1
Nasik,1999,1.19665,800,28,70,50,30,6.5,0.5,20,50,1.2543900000000001,1
Nasik,2000,0.87281,800,28,70,50,30,6.5,0.5,20,50,1.19665,1
Nasik,2001,1.20815,800,28,70,50,30,6.5,0.5,20,50,0.87281,1
Nasik,2002,0.89409,800,28,70,50,30,6.5,0.5,20,50,1.20815,1
Nasik,2003,1.31028,800,28,70,50,30,6.5,0.5,20,50,0.89409,1
Nasik,2004,1.38189,800,28,70,50,30,6.5,0.5,20,50,1.31028,1
Nasik,2005,1.167,800,28,70,50,30,6.5,0.5,20,50,1.38189,1
Nasik,2006,1.01224,800,28,70,50,30,6.5,0.5,20,50,1.167,1
Nasik,2007,1.35178,800,28,70,50,30,6.5,0.5,20,50,1.01224,1
Nasik,2008,1.28516,800,28,70,50,30,6.5,0.5,20,50,1.35178,1
Nasik,2009,0.39168000000000003,800,28,70,50,30,6.5,0.5,20,50,1.28516,1
Nasik,2010,0.4066,800,28,70,50,30,6.5,0.5,20,50,0.39168000000000003,1
Nasik,2011,1.2368800000000002,800,28,70,50,30,6.5,0.5,20,50,0.4066,1
Nasik,2012,1.18984,800,28,70,50,30,6.5,0.5,20,50,1.2368800000000002,1
Nasik,2013,1.2851199999999998,800,28,70,50,30,6.5,0.5,20,50,1.18984,1
Nasik,2014,1.2177,800,28,70,50,30,6.5,0.5,20,50,1.2851199999999998,1
Nasik,2015,1.4525899999999998,800,28,70,50,30,6.5,0.5,20,50,1.2177,1
Nasik,2016,2.0278199999999997,800,28,70,50,30,6.5,0.5,20,50,1.4525899999999998,1
Nasik,2017,2.11862,800,28,70,50,30,6.5,0.5,20,50,2.0278199999999997,1
Dhule,1990,0.92647,800,28,70,50,30,6.5,0.5,20,50,2.11862,1
Dhule,1991,0.56489,800,28,70,50,30,6.5,0.5,20,50,0.92647,1
Dhule,1992,0.69057,800,28,70,50,30,6.5,0.5,20,50,0.56489,1
Dhule,1993,0.87988,800,28,70,50,30,6.5,0.5,20,50,0.69057,1
Dhule,1994,0.83117,800,28,70,50,30,6.5,0.5,20,50,0.87988,1
Dhule,1995,0.5753400000000001,800,28,70,50,30,6.5,0.5,20,50,0.83117,1
Dhule,1996,0.94737,800,28,70,50,30,6.5,0.5,20,50,0.5753400000000001,1
Dhule,1997,0.8364199999999999,800,28,70,50,30,6.5,0.5,20,50,0.94737,1
Dhule,1998,0.92248,800,28,70,50,30,6.5,0.5,20,50,0.8364199999999999,1
Dhule,1999,0.53383,800,28,70,50,30,6.5,0.5,20,50,0.92248,1
Dhule,2000,0.25869,800,28,70,50,30,6.5,0.5,20,50,0.53383,1
Dhule,2001,0.71888,800,28,70,50,30,6.5,0.5,20,50,0.25869,1
Dhule,2002,0.748,800,28,70,50,30,6.5,0.5,20,50,0.71888,1
Dhule,2003,0.89781,800,28,70,50,30,6.5,0.5,20,50,0.748,1
Dhule,2004,0.57414,800,28,70,50,30,6.5,0.5,20,50,0.89781,1
Dhule,2005,1.4475799999999999,800,28,70,50,30,6.5,0.5,20,50,0.57414,1
Dhule,2006,0.75697,800,28,70,50,30,6.5,0.5,20,50,1.4475799999999999,1
Dhule,2007,1.36772,800,28,70,50,30,6.5,0.5,20,50,0.75697,1
Dhule,2008,0.96512,800,28,70,50,30,6.5,0.5,20,50,1.36772,1
Dhule,2009,0.64576,800,28,70,50,30,6.5,0.5,20,50,0.96512,1
Dhule,2010,1.10493,800,28,70,50,30,6.5,0.5,20,50,0.64576,1
Dhule,2011,1.35531,800,28,70,50,30,6.5,0.5,20,50,1.10493,1
Dhule,2012,1.31471,800,28,70,50,30,6.5,0.5,20,50,1.35531,1
Dhule,2013,0.99338,800,28,70,50,30,6.5,0.5,20,50,1.31471,1
Dhule,2014,0.4918,800,28,70,50,30,6.5,0.5,20,50,0.99338,1
Dhule,2015,0.9434,800,28,70,50,30,6.5,0.5,20,50,0.4918,1
Dhule,2016,1.25868,800,28,70,50,30,6.5,0.5,20,50,0.9434,1
Dhule,2017,1.31548,800,28,70,50,30,6.5,0.5,20,50,1.25868,1
Jalgaon,1990,0.68421,800,28,70,50,30,6.5,0.5,20,50,1.31548,1
Jalgaon,1991,0.85075,800,28,70,50,30,6.5,0.5,20,50,0.68421,1
Jalgaon,1992,1.1764700000000001,800,28,70,50,30,6.5,0.5,20,50,0.85075,1
Jalgaon,1993,1.08333,800,28,70,50,30,6.5,0.5,20,50,1.1764700000000001,1
Jalgaon,1994,1.0,800,28,70,50,30,6.5,0.5,20,50,1.08333,1
Jalgaon,1995,0.9375,800,28,70,50,30,6.5,0.5,20,50,1.0,1
Jalgaon,1996,1.1764700000000001,800,28,70,50,30,6.5,0.5,20,50,0.9375,1
Jalgaon,1997,0.9411799999999999,800,28,70,50,30,6.5,0.5,20,50,1.1764700000000001,1
Jalgaon,1998,1.05556,800,28,70,50,30,6.5,0.5,20,50,0.9411799999999999,1
Jalgaon,1999,0.9444400000000001,800,28,70,50,30,6.5,0.5,20,50,1.05556,1
Jalgaon,2000,1.23529,800,28,70,50,30,6.5,0.5,20,50,0.9444400000000001,1
Jalgaon,2001,0.58333,800,28,70,50,30,6.5,0.5,20,50,1.23529,1
Jalgaon,2002,0.88889,800,28,70,50,30,6.5,0.5,20,50,0.58333,1
Jalgaon,2003,1.22222,800,28,70,50,30,6.5,0.5,20,50,0.88889,1
Jalgaon,2004,1.0,800,28,70,50,30,6.5,0.5,20,50,1.22222,1
Jalgaon,2005,1.5,800,28,70,50,30,6.5,0.5,20,50,1.0,1
Jalgaon,2006,1.0,800,28,70,50,30,6.5,0.5,20,50,1.5,1
Jalgaon,2007,1.4,800,28,70,50,30,6.5,0.5,20,50,1.0,1
Jalgaon,2008,0.0,800,28,70,50,30,6.5,0.5,20,50,1.4,1
Jalgaon,2009,0.45,800,28,70,50,30,6.5,0.5,20,50,0.0,1
Jalgaon,2010,0.0,800,28,70,50,30,6.5,0.5,20,50,0.45,1
Jalgaon,2011,1.5,800,28,70,50,30,6.5,0.5,20,50,0.0,1
Jalgaon,2012,0.0,800,28,70,50,30,6.5,0.5,20,50,1.5,1
Jalgaon,2013,0.0,800,28,70,50,30,6.5,0.5,20,50,0.0,1
Jalgaon,2014,0.0,800,28,70,50,30,6.5,0.5,20,50,0.0,1
Jalgaon,2015,0.0,800,28,70,50,30,6.5,0.5,20,50,0.0,1
Jalgaon,2016,0.0,800,28,70,50,30,6.5,0.5,20,50,0.0,1
Jalgaon,2017,0.0,800,28,70,50,30,6.5,0.5,20,50,0.0,1
Ahmednagar,1990,0.94667,800,28,70,50,30,6.5,0.5,20,50,0.0,1
Ahmednagar,1991,0.93878,800,28,70,50,30,6.5,0.5,20,50,0.94667,1
Ahmednagar,1992,1.2839500000000001,800,28,70,50,30,6.5,0.5,20,50,0.93878,1
Ahmednagar,1993,0.84211,800,28,70,50,30,6.5,0.5,20,50,1.2839500000000001,1
Ahmednagar,1994,0.88235,800,28,70,50,30,6.5,0.5,20,50,0.84211,1
Ahmednagar,1995,1.60345,800,28,70,50,30,6.5,0.5,20,50,0.88235,1
Ahmednagar,1996,1.33333,800,28,70,50,30,6.5,0.5,20,50,1.60345,1
Ahmednagar,1997,1.2233,800,28,70,50,30,6.5,0.5,20,50,1.33333,1
Ahmednagar,1998,1.32143,800,28,70,50,30,6.5,0.5,20,50,1.2233,1
Ahmednagar,1999,1.40351,800,28,70,50,30,6.5,0.5,20,50,1.32143,1
Ahmednagar,2000,0.6909099999999999,800,28,70,50,30,6.5,0.5,20,50,1.40351,1
Ahmednagar,2001,0.56164,800,28,70,50,30,6.5,0.5,20,50,0.6909099999999999,1
Ahmednagar,2002,0.22973,800,28,70,50,30,6.5,0.5,20,50,0.56164,1
Ahmednagar,2003,0.77632,800,28,70,50,30,6.5,0.5,20,50,0.22973,1
Ahmednagar,2004,0.725,800,28,70,50,30,6.5,0.5,20,50,0.77632,1
Ahmednagar,2005,0.4375,800,28,70,50,30,6.5,0.5,20,50,0.725,1
Ahmednagar,2006,0.78571,800,28,70,50,30,6.5,0.5,20,50,0.4375,1
Ahmednagar,2007,1.1907,800,28,70,50,30,6.5,0.5,20,50,0.78571,1
Ahmednagar,2008,0.97849,800,28,70,50,30,6.5,0.5,20,50,1.1907,1
Ahmednagar,2009,0.37838,800,28,70,50,30,6.5,0.5,20,50,0.97849,1
Ahmednagar,2010,0.93733,800,28,70,50,30,6.5,0.5,20,50,0.37838,1
Ahmednagar,2011,0.98734,800,28,70,50,30,6.5,0.5,20,50,0.93733,1
Ahmednagar,2012,0.6146699999999999,800,28,70,50,30,6.5,0.5,20,50,0.98734,1
Ahmednagar,2013,2.4050599999999998,800,28,70,50,30,6.5,0.5,20,50,0.6146699999999999,1
Ahmednagar,2014,0.25581,800,28,70,50,30,6.5,0.5,20,50,2.4050599999999998,1
Ahmednagar,2015,1.22857,800,28,70,50,30,6.5,0.5,20,50,0.25581,1
Ahmednagar,2016,1.7466700000000002,800,28,70,50,30,6.5,0.5,20,50,1.22857,1
Ahmednagar,2017,2.30247,800,28,70,50,30,6.5,0.5,20,50,1.7466700000000002,1
Pune,1990,1.38772,800,28,70,50,30,6.5,0.5,20,50,2.30247,1
Pune,1991,1.04785,800,28,70,50,30,6.5,0.5,20,50,1.38772,1
Pune,1992,1.32149,800,28,70,50,30,6.5,0.5,20,50,1.04785,1
Pune,1993,0.85397,800,28,70,50,30,6.5,0.5,20,50,1.32149,1
Pune,1994,1.18211,800,28,70,50,30,6.5,0.5,20,50,0.85397,1
Pune,1995,1.5183,800,28,70,50,30,6.5,0.5,20,50,1.18211,1
Pune,1996,1.3639400000000002,800,28,70,50,30,6.5,0.5,20,50,1.5183,1
Pune,1997,1.1047799999999999,800,28,70,50,30,6.5,0.5,20,50,1.3639400000000002,1
Pune,1998,1.21217,800,28,70,50,30,6.5,0.5,20,50,1.1047799999999999,1
Pune,1999,1.4457,800,28,70,50,30,6.5,0.5,20,50,1.21217,1
Pune,2000,1.175,800,28,70,50,30,6.5,0.5,20,50,1.4457,1
Pune,2001,1.4619300000000002,800,28,70,50,30,6.5,0.5,20,50,1.175,1
Pune,2002,0.69324,800,28,70,50,30,6.5,0.5,20,50,1.4619300000000002,1
Pune,2003,1.40232,800,28,70,50,30,6.5,0.5,20,50,0.69324,1
Pune,2004,1.25888,800,28,70,50,30,6.5,0.5,20,50,1.40232,1
Pune,2005,1.14419,800,28,70,50,30,6.5,0.5,20,50,1.25888,1
Pune,2006,1.07825,800,28,70,50,30,6.5,0.5,20,50,1.14419,1
Pune,2007,1.24522,800,28,70,50,30,6.5,0.5,20,50,1.07825,1
Pune,2008,1.23366,800,28,70,50,30,6.5,0.5,20,50,1.24522,1
Pune,2009,0.81757,800,28,70,50,30,6.5,0.5,20,50,1.23366,1
Pune,2010,1.18095,800,28,70,50,30,6.5,0.5,20,50,0.81757,1
Pune,2011,1.3806500000000002,800,28,70,50,30,6.5,0.5,20,50,1.18095,1
Pune,2012,1.36804,800,28,70,50,30,6.5,0.5,20,50,1.3806500000000002,1
Pune,2013,1.86602,800,28,70,50,30,6.5,0.5,20,50,1.36804,1
Pune,2014,1.65773,800,28,70,50,30,6.5,0.5,20,50,1.86602,1
Pune,2015,1.9652,800,28,70,50,30,6.5,0.5,20,50,1.65773,1
Pune,2016,2.15701,800,28,70,50,30,6.5,0.5,20,50,1.9652,1
Pune,2017,2.38462,800,28,70,50,30,6.5,0.5,20,50,2.15701,1
Satara,1990,1.7218,800,28,70,50,30,6.5,0.5,20,50,2.38462,1
Satara,1991,1.89899,800,28,70,50,30,6.5,0.5,20,50,1.7218,1
Satara,1992,1.54875,800,28,70,50,30,6.5,0.5,20,50,1.89899,1
Satara,1993,1.9605899999999998,800,28,70,50,30,6.5,0.5,20,50,1.54875,1
Satara,1994,1.68293,800,28,70,50,30,6.5,0.5,20,50,1.9605899999999998,1
Satara,1995,1.55342,800,28,70,50,30,6.5,0.5,20,50,1.68293,1
Satara,1996,2.31726,800,28,70,50,30,6.5,0.5,20,50,1.55342,1
Satara,1997,1.56334,800,28,70,50,30,6.5,0.5,20,50,2.31726,1
Satara,1998,2.41446,800,28,70,50,30,6.5,0.5,20,50,1.56334,1
Satara,1999,1.6159100000000002,800,28,70,50,30,6.5,0.5,20,50,2.41446,1
Satara,2000,1.16856,800,28,70,50,30,6.5,0.5,20,50,1.6159100000000002,1
Satara,2001,1.7309400000000001,800,28,70,50,30,6.5,0.5,20,50,1.16856,1
Satara,2002,1.56828,800,28,70,50,30,6.5,0.5,20,50,1.7309400000000001,1
Satara,2003,1.66063,800,28,70,50,30,6.5,0.5,20,50,1.56828,1
Satara,2004,1.65306,800,28,70,50,30,6.5,0.5,20,50,1.66063,1
Satara,2005,1.68349,800,28,70,50,30,6.5,0.5,20,50,1.65306,1
Satara,2006,2.07333,800,28,70,50,30,6.5,0.5,20,50,1.68349,1
Satara,2007,2.06452,800,28,70,50,30,6.5,0.5,20,50,2.07333,1
Satara,2008,2.1992,800,28,70,50,30,6.5,0.5,20,50,2.06452,1
Satara,2009,1.51976,800,28,70,50,30,6.5,0.5,20,50,2.1992,1
Satara,2010,1.6189,800,28,70,50,30,6.5,0.5,20,50,1.51976,1
Satara,2011,1.64356,800,28,70,50,30,6.5,0.5,20,50,1.6189,1
Satara,2012,1.37333,800,28,70,50,30,6.5,0.5,20,50,1.64356,1
Satara,2013,1.5,800,28,70,50,30,6.5,0.5,20,50,1.37333,1
Satara,2014,1.79017,800,28,70,50,30,6.5,0.5,20,50,1.5,1
Satara,2015,1.51233,800,28,70,50,30,6.5,0.5,20,50,1.79017,1
Satara,2016,1.74681,800,28,70,50,30,6.5,0.5,20,50,1.51233,1
Satara,2017,1.81223,800,28,70,50,30,6.5,0.5,20,50,1.74681,1
Sangli,1990,1.5988399999999998,800,28,70,50,30,6.5,0.5,20,50,1.81223,1
Sangli,1991,1.86076,800,28,70,50,30,6.5,0.5,20,50,1.5988399999999998,1
Sangli,1992,2.11932,800,28,70,50,30,6.5,0.5,20,50,1.86076,1
Sangli,1993,2.0866700000000002,800,28,70,50,30,6.5,0.5,20,50,2.11932,1
Sangli,1994,1.1859000000000002,800,28,70,50,30,6.5,0.5,20,50,2.0866700000000002,1
Sangli,1995,2.39726,800,28,70,50,30,6.5,0.5,20,50,1.1859000000000002,1
Sangli,1996,2.29054,800,28,70,50,30,6.5,0.5,20,50,2.39726,1
Sangli,1997,2.05806,800,28,70,50,30,6.5,0.5,20,50,2.29054,1
Sangli,1998,3.15951,800,28,70,50,30,6.5,0.5,20,50,2.05806,1
Sangli,1999,2.63687,800,28,70,50,30,6.5,0.5,20,50,3.15951,1
Sangli,2000,2.17204,800,28,70,50,30,6.5,0.5,20,50,2.63687,1
Sangli,2001,2.66667,800,28,70,50,30,6.5,0.5,20,50,2.17204,1
Sangli,2002,1.5351400000000002,800,28,70,50,30,6.5,0.5,20,50,2.66667,1
Sangli,2003,2.5320500000000004,800,28,70,50,30,6.5,0.5,20,50,1.5351400000000002,1
Sangli,2004,2.4971799999999997,800,28,70,50,30,6.5,0.5,20,50,2.5320500000000004,1
Sangli,2005,2.1823200000000003,800,28,70,50,30,6.5,0.5,20,50,2.4971799999999997,1
Sangli,2006,1.5966900000000002,800,28,70,50,30,6.5,0.5,20,50,2.1823200000000003,1
Sangli,2007,2.33209,800,28,70,50,30,6.5,0.5,20,50,1.5966900000000002,1
Sangli,2008,2.06952,800,28,70,50,30,6.5,0.5,20,50,2.33209,1
Sangli,2009,1.8754000000000002,800,28,70,50,30,6.5,0.5,20,50,2.06952,1
Sangli,2010,2.66683,800,28,70,50,30,6.5,0.5,20,50,1.8754000000000002,1
Sangli,2011,1.8618800000000002,800,28,70,50,30,6.5,0.5,20,50,2.66683,1
Sangli,2012,1.928,800,28,70,50,30,6.5,0.5,20,50,1.8618800000000002,1
Sangli,2013,1.7586199999999999,800,28,70,50,30,6.5,0.5,20,50,1.928,1
Sangli,2014,2.02581,800,28,70,50,30,6.5,0.5,20,50,1.7586199999999999,1
Sangli,2015,1.92035,800,28,70,50,30,6.5,0.5,20,50,2.02581,1
Sangli,2016,2.55357,800,28,70,50,30,6.5,0.5,20,50,1.92035,1
Sangli,2017,2.31176,800,28,70,50,30,6.5,0.5,20,50,2.55357,1
Solapur,1990,0.875,800,28,70,50,30,6.5,0.5,20,50,2.31176,1
Solapur,1991,0.7555599999999999,800,28,70,50,30,6.5,0.5,20,50,0.875,1
Solapur,1992,1.0,800,28,70,50,30,6.5,0.5,20,50,0.7555599999999999,1
Solapur,1993,0.9,800,28,70,50,30,6.5,0.5,20,50,1.0,1
Solapur,1994,0.77778,800,28,70,50,30,6.5,0.5,20,50,0.9,1
Solapur,1995,1.05,800,28,70,50,30,6.5,0.5,20,50,0.77778,1
Solapur,1996,1.3478299999999999,800,28,70,50,30,6.5,0.5,20,50,1.05,1
Solapur,1997,1.09091,800,28,70,50,30,6.5,0.5,20,50,1.3478299999999999,1
Solapur,1998,1.13793,800,28,70,50,30,6.5,0.5,20,50,1.09091,1
Solapur,1999,1.3125,800,28,70,50,30,6.5,0.5,20,50,1.13793,1
Solapur,2000,1.13333,800,28,70,50,30,6.5,0.5,20,50,1.3125,1
Solapur,2001,1.33333,800,28,70,50,30,6.5,0.5,20,50,1.13333,1
Solapur,2002,0.6,800,28,70,50,30,6.5,0.5,20,50,1.33333,1
Solapur,2003,0.5,800,28,70,50,30,6.5,0.5,20,50,0.6,1
Solapur,2004,0.25,800,28,70,50,30,6.5,0.5,20,50,0.5,1
Solapur,2005,0.25,800,28,70,50,30,6.5,0.5,20,50,0.25,1
Solapur,2006,0.25,800,28,70,50,30,6.5,0.5,20,50,0.25,1
Solapur,2007,1.1,800,28,70,50,30,6.5,0.5,20,50,0.25,1
Solapur,2008,1.0,800,28,70,50,30,6.5,0.5,20,50,1.1,1
Solapur,2009,0.1,800,28,70,50,30,6.5,0.5,20,50,1.0,1
Solapur,2010,0.32857,800,28,70,50,30,6.5,0.5,20,50,0.1,1
Solapur,2011,0.28570999999999996,800,28,70,50,30,6.5,0.5,20,50,0.32857,1
Solapur,2012,0.225,800,28,70,50,30,6.5,0.5,20,50,0.28570999999999996,1
Solapur,2013,0.25,800,28,70,50,30,6.5,0.5,20,50,0.225,1
Solapur,2014,0.25,800,28,70,50,30,6.5,0.5,20,50,0.25,1
Solapur,2015,0.0,800,28,70,50,30,6.5,0.5,20,50,0.25,1
Solapur,2016,0.215,800,28,70,50,30,6.5,0.5,20,50,0.0,1
Solapur,2017,0.11667,800,28,70,50,30,6.5,0.5,20,50,0.215,1
Kolhapur,1990,2.5150300000000003,800,28,70,50,30,6.5,0.5,20,50,0.11667,1
Kolhapur,1991,2.48283,800,28,70,50,30,6.5,0.5,20,50,2.5150300000000003,1
Kolhapur,1992,2.61584,800,28,70,50,30,6.5,0.5,20,50,2.48283,1
Kolhapur,1993,2.40256,800,28,70,50,30,6.5,0.5,20,50,2.61584,1
Kolhapur,1994,2.3167600000000004,800,28,70,50,30,6.5,0.5,20,50,2.40256,1
Kolhapur,1995,2.2336300000000002,800,28,70,50,30,6.5,0.5,20,50,2.3167600000000004,1
Kolhapur,1996,2.70765,800,28,70,50,30,6.5,0.5,20,50,2.2336300000000002,1
Kolhapur,1997,2.297,800,28,70,50,30,6.5,0.5,20,50,2.70765,1
Kolhapur,1998,2.72625,800,28,70,50,30,6.5,0.5,20,50,2.297,1
Kolhapur,1999,2.5372,800,28,70,50,30,6.5,0.5,20,50,2.72625,1
Kolhapur,2000,2.19025,800,28,70,50,30,6.5,0.5,20,50,2.5372,1
Kolhapur,2001,2.73283,800,28,70,50,30,6.5,0.5,20,50,2.19025,1
Kolhapur,2002,2.21206,800,28,70,50,30,6.5,0.5,20,50,2.73283,1
Kolhapur,2003,2.32273,800,28,70,50,30,6.5,0.5,20,50,2.21206,1
Kolhapur,2004,2.5319499999999997,800,28,70,50,30,6.5,0.5,20,50,2.32273,1
Kolhapur,2005,2.27548,800,28,70,50,30,6.5,0.5,20,50,2.5319499999999997,1
Kolhapur,2006,2.5942,800,28,70,50,30,6.5,0.5,20,50,2.27548,1
Kolhapur,2007,3.00462,800,28,70,50,30,6.5,0.5,20,50,2.5942,1
Kolhapur,2008,2.51049,800,28,70,50,30,6.5,0.5,20,50,3.00462,1
Kolhapur,2009,2.58844,800,28,70,50,30,6.5,0.5,20,50,2.51049,1
Kolhapur,2010,2.885,800,28,70,50,30,6.5,0.5,20,50,2.58844,1
Kolhapur,2011,2.6776,800,28,70,50,30,6.5,0.5,20,50,2.885,1
Kolhapur,2012,2.61714,800,28,70,50,30,6.5,0.5,20,50,2.6776,1
Kolhapur,2013,3.1186100000000003,800,28,70,50,30,6.5,0.5,20,50,2.61714,1
Kolhapur,2014,3.02862,800,28,70,50,30,6.5,0.5,20,50,3.1186100000000003,1
Kolhapur,2015,2.4608499999999998,800,28,70,50,30,6.5,0.5,20,50,3.02862,1
Kolhapur,2016,3.4833600000000002,800,28,70,50,30,6.5,0.5,20,50,2.4608499999999998,1
Kolhapur,2017,3.0542,800,28,70,50,30,6.5,0.5,20,50,3.4833600000000002,1
Aurangabad,1990,0.71111,800,28,70,50,30,6.5,0.5,20,50,3.0542,1
Aurangabad,1991,0.31915,800,28,70,50,30,6.5,0.5,20,50,0.71111,1
Aurangabad,1992,0.6944400000000001,800,28,70,50,30,6.5,0.5,20,50,0.31915,1
Aurangabad,1993,0.73684,800,28,70,50,30,6.5,0.5,20,50,0.6944400000000001,1
Aurangabad,1994,0.71111,800,28,70,50,30,6.5,0.5,20,50,0.73684,1
Aurangabad,1995,0.41935,800,28,70,50,30,6.5,0.5,20,50,0.71111,1
Aurangabad,1996,0.75,800,28,70,50,30,6.5,0.5,20,50,0.41935,1
Aurangabad,1997,1.2857100000000001,800,28,70,50,30,6.5,0.5,20,50,0.75,1
Aurangabad,1998,0.43478,800,28,70,50,30,6.5,0.5,20,50,1.2857100000000001,1
Aurangabad,1999,0.5,800,28,70,50,30,6.5,0.5,20,50,0.43478,1
Aurangabad,2000,0.61111,800,28,70,50,30,6.5,0.5,20,50,0.5,1
Aurangabad,2001,0.63636,800,28,70,50,30,6.5,0.5,20,50,0.61111,1
Aurangabad,2002,0.25,800,28,70,50,30,6.5,0.5,20,50,0.63636,1
Aurangabad,2003,0.38462,800,28,70,50,30,6.5,0.5,20,50,0.25,1
Aurangabad,2004,0.5,800,28,70,50,30,6.5,0.5,20,50,0.38462,1
Aurangabad,2005,1.0,800,28,70,50,30,6.5,0.5,20,50,0.5,1
Aurangabad,2006,1.0,800,28,70,50,30,6.5,0.5,20,50,1.0,1
Aurangabad,2007,0.0,800,28,70,50,30,6.5,0.5,20,50,1.0,1
Aurangabad,2008,0.0,800,28,70,50,30,6.5,0.5,20,50,0.0,1
Aurangabad,2009,0.0,800,28,70,50,30,6.5,0.5,20,50,0.0,1
Aurangabad,2010,2.0,800,28,70,50,30,6.5,0.5,20,50,0.0,1
Aurangabad,2011,0.0,800,28,70,50,30,6.5,0.5,20,50,2.0,1
Aurangabad,2012,0.0,800,28,70,50,30,6.5,0.5,20,50,0.0,1
Aurangabad,2013,0.0,800,28,70,50,30,6.5,0.5,20,50,0.0,1
Aurangabad,2014,0.0,800,28,70,50,30,6.5,0.5,20,50,0.0,1
Aurangabad,2015,0.0,800,28,70,50,30,6.5,0.5,20,50,0.0,1
Aurangabad,2016,0.47692,800,28,70,50,30,6.5,0.5,20,50,0.0,1
Aurangabad,2017,0.0,800,28,70,50,30,6.5,0.5,20,50,0.47692,1
Parbhani,1990,0.99234,800,28,70,50,30,6.5,0.5,20,50,0.0,1
Parbhani,1991,0.39526,800,28,70,50,30,6.5,0.5,20,50,0.99234,1
Parbhani,1992,0.79111,800,28,70,50,30,6.5,0.5,20,50,0.39526,1
Parbhani,1993,0.81545,800,28,70,50,30,6.5,0.5,20,50,0.79111,1
Parbhani,1994,0.86056,800,28,70,50,30,6.5,0.5,20,50,0.81545,1
Parbhani,1995,0.61176,800,28,70,50,30,6.5,0.5,20,50,0.86056,1
Parbhani,1996,0.66807,800,28,70,50,30,6.5,0.5,20,50,0.61176,1
Parbhani,1997,0.46053,800,28,70,50,30,6.5,0.5,20,50,0.66807,1
Parbhani,1998,0.44977999999999996,800,28,70,50,30,6.5,0.5,20,50,0.46053,1
Parbhani,1999,0.54772,800,28,70,50,30,6.5,0.5,20,50,0.44977999999999996,1
Parbhani,2000,0.50206,800,28,70,50,30,6.5,0.5,20,50,0.54772,1
Parbhani,2001,0.62241,800,28,70,50,30,6.5,0.5,20,50,0.50206,1
Parbhani,2002,0.55336,800,28,70,50,30,6.5,0.5,20,50,0.62241,1
Parbhani,2003,0.43979,800,28,70,50,30,6.5,0.5,20,50,0.55336,1
Parbhani,2004,0.27684,800,28,70,50,30,6.5,0.5,20,50,0.43979,1
Parbhani,2005,0.36522000000000004,800,28,70,50,30,6.5,0.5,20,50,0.27684,1
Parbhani,2006,0.42975,800,28,70,50,30,6.5,0.5,20,50,0.36522000000000004,1
Parbhani,2007,0.41947,800,28,70,50,30,6.5,0.5,20,50,0.42975,1
Parbhani,2008,0.34920999999999996,800,28,70,50,30,6.5,0.5,20,50,0.41947,1
Parbhani,2009,0.35116,800,28,70,50,30,6.5,0.5,20,50,0.34920999999999996,1
Parbhani,2010,0.48431,800,28,70,50,30,6.5,0.5,20,50,0.35116,1
Parbhani,2011,0.34783,800,28,70,50,30,6.5,0.5,20,50,0.48431,1
Parbhani,2012,0.165,800,28,70,50,30,6.5,0.5,20,50,0.34783,1
Parbhani,2013,0.42857,800,28,70,50,30,6.5,0.5,20,50,0.165,1
Parbhani,2014,0.0,800,28,70,50,30,6.5,0.5,20,50,0.42857,1
Parbhani,2015,0.0,800,28,70,50,30,6.5,0.5,20,50,0.0,1
Parbhani,2016,0.2,800,28,70,50,30,6.5,0.5,20,50,0.0,1
Parbhani,2017,0.0,800,28,70,50,30,6.5,0.5,20,50,0.2,1
Beed,1990,0.8,800,28,70,50,30,6.5,0.5,20,50,0.0,1
Beed,1991,0.25301,800,28,70,50,30,6.5,0.5,20,50,0.8,1
Beed,1992,0.70492,800,28,70,50,30,6.5,0.5,20,50,0.25301,1
Beed,1993,0.75,800,28,70,50,30,6.5,0.5,20,50,0.70492,1
Beed,1994,0.77778,800,28,70,50,30,6.5,0.5,20,50,0.75,1
Beed,1995,0.42552999999999996,800,28,70,50,30,6.5,0.5,20,50,0.77778,1
Beed,1996,0.76087,800,28,70,50,30,6.5,0.5,20,50,0.42552999999999996,1
Beed,1997,1.53846,800,28,70,50,30,6.5,0.5,20,50,0.76087,1
Beed,1998,0.4,800,28,70,50,30,6.5,0.5,20,50,1.53846,1
Beed,1999,0.45526,800,28,70,50,30,6.5,0.5,20,50,0.4,1
Beed,2000,0.58824,800,28,70,50,30,6.5,0.5,20,50,0.45526,1
Beed,2001,0.625,800,28,70,50,30,6.5,0.5,20,50,0.58824,1
Beed,2002,0.25,800,28,70,50,30,6.5,0.5,20,50,0.625,1
Beed,2003,0.4,800,28,70,50,30,6.5,0.5,20,50,0.25,1
Beed,2004,0.26087,800,28,70,50,30,6.5,0.5,20,50,0.4,1
Beed,2005,0.40908999999999995,800,28,70,50,30,6.5,0.5,20,50,0.26087,1
Beed,2006,0.75,800,28,70,50,30,6.5,0.5,20,50,0.40908999999999995,1
Beed,2007,0.46667000000000003,800,28,70,50,30,6.5,0.5,20,50,0.75,1
Beed,2008,0.4,800,28,70,50,30,6.5,0.5,20,50,0.46667000000000003,1
Beed,2009,0.28332999999999997,800,28,70,50,30,6.5,0.5,20,50,0.4,1
Beed,2010,0.425,800,28,70,50,30,6.5,0.5,20,50,0.28332999999999997,1
Beed,2011,0.46667000000000003,800,28,70,50,30,6.5,0.5,20,50,0.425,1
Beed,2012,0.45,800,28,70,50,30,6.5,0.5,20,50,0.46667000000000003,1
Beed,2013,0.6,800,28,70,50,30,6.5,0.5,20,50,0.45,1
Beed,2014,0.25,800,28,70,50,30,6.5,0.5,20,50,0.6,1
Beed,2015,0.0,800,28,70,50,30,6.5,0.5,20,50,0.25,1
Beed,2016,0.7,800,28,70,50,30,6.5,0.5,20,50,0.0,1
Beed,2017,0.46154,800,28,70,50,30,6.5,0.5,20,50,0.7,1
Nanded,1990,0.97993,800,28,70,50,30,6.5,0.5,20,50,0.46154,1
Nanded,1991,0.2924,800,28,70,50,30,6.5,0.5,20,50,0.97993,1
Nanded,1992,0.7341799999999999,800,28,70,50,30,6.5,0.5,20,50,0.2924,1
Nanded,1993,1.0,800,28,70,50,30,6.5,0.5,20,50,0.7341799999999999,1
Nanded,1994,0.8603200000000001,800,28,70,50,30,6.5,0.5,20,50,1.0,1
Nanded,1995,0.57643,800,28,70,50,30,6.5,0.5,20,50,0.8603200000000001,1
Nanded,1996,0.75887,800,28,70,50,30,6.5,0.5,20,50,0.57643,1
Nanded,1997,0.58841,800,28,70,50,30,6.5,0.5,20,50,0.75887,1
Nanded,1998,0.62451,800,28,70,50,30,6.5,0.5,20,50,0.58841,1
Nanded,1999,0.5977,800,28,70,50,30,6.5,0.5,20,50,0.62451,1
Nanded,2000,0.75281,800,28,70,50,30,6.5,0.5,20,50,0.5977,1
Nanded,2001,1.02092,800,28,70,50,30,6.5,0.5,20,50,0.75281,1
Nanded,2002,0.63485,800,28,70,50,30,6.5,0.5,20,50,1.02092,1
Nanded,2003,0.57511,800,28,70,50,30,6.5,0.5,20,50,0.63485,1
Nanded,2004,0.5,800,28,70,50,30,6.5,0.5,20,50,0.57511,1
Nanded,2005,0.42949,800,28,70,50,30,6.5,0.5,20,50,0.5,1
Nanded,2006,0.60256,800,28,70,50,30,6.5,0.5,20,50,0.42949,1
Nanded,2007,0.72069,800,28,70,50,30,6.5,0.5,20,50,0.60256,1
Nanded,2008,0.525,800,28,70,50,30,6.5,0.5,20,50,0.72069,1
Nanded,2009,0.26607,800,28,70,50,30,6.5,0.5,20,50,0.525,1
Nanded,2010,0.52115,800,28,70,50,30,6.5,0.5,20,50,0.26607,1
Nanded,2011,0.375,800,28,70,50,30,6.5,0.5,20,50,0.52115,1
Nanded,2012,0.5225,800,28,70,50,30,6.5,0.5,20,50,0.375,1
Nanded,2013,0.5,800,28,70,50,30,6.5,0.5,20,50,0.5225,1
Nanded,2014,0.125,800,28,70,50,30,6.5,0.5,20,50,0.5,1
Nanded,2015,0.25,800,28,70,50,30,6.5,0.5,20,50,0.125,1
Nanded,2016,1.85714,800,28,70,50,30,6.5,0.5,20,50,0.25,1
Nanded,2017,1.4851500000000002,800,28,70,50,30,6.5,0.5,20,50,1.85714,1
Osmanabad,1990,1.0701800000000001,800,28,70,50,30,6.5,0.5,20,50,1.4851500000000002,1
Osmanabad,1991,0.25272,800,28,70,50,30,6.5,0.5,20,50,1.0701800000000001,1
Osmanabad,1992,0.7320399999999999,800,28,70,50,30,6.5,0.5,20,50,0.25272,1
Osmanabad,1993,0.8075800000000001,800,28,70,50,30,6.5,0.5,20,50,0.7320399999999999,1
Osmanabad,1994,0.63295,800,28,70,50,30,6.5,0.5,20,50,0.8075800000000001,1
Osmanabad,1995,0.5317200000000001,800,28,70,50,30,6.5,0.5,20,50,0.63295,1
Osmanabad,1996,0.76486,800,28,70,50,30,6.5,0.5,20,50,0.5317200000000001,1
Osmanabad,1997,0.272,800,28,70,50,30,6.5,0.5,20,50,0.76486,1
Osmanabad,1998,0.38177,800,28,70,50,30,6.5,0.5,20,50,0.272,1
Osmanabad,1999,0.5788,800,28,70,50,30,6.5,0.5,20,50,0.38177,1
Osmanabad,2000,0.56316,800,28,70,50,30,6.5,0.5,20,50,0.5788,1
Osmanabad,2001,0.43288,800,28,70,50,30,6.5,0.5,20,50,0.56316,1
Osmanabad,2002,0.38503,800,28,70,50,30,6.5,0.5,20,50,0.43288,1
Osmanabad,2003,0.24156,800,28,70,50,30,6.5,0.5,20,50,0.38503,1
Osmanabad,2004,0.33594,800,28,70,50,30,6.5,0.5,20,50,0.24156,1
Osmanabad,2005,0.41761000000000004,800,28,70,50,30,6.5,0.5,20,50,0.33594,1
Osmanabad,2006,0.3982,800,28,70,50,30,6.5,0.5,20,50,0.41761000000000004,1
Osmanabad,2007,0.43836,800,28,70,50,30,6.5,0.5,20,50,0.3982,1
Osmanabad,2008,0.35955000000000004,800,28,70,50,30,6.5,0.5,20,50,0.43836,1
Osmanabad,2009,0.5344099999999999,800,28,70,50,30,6.5,0.5,20,50,0.35955000000000004,1
Osmanabad,2010,0.35370999999999997,800,28,70,50,30,6.5,0.5,20,50,0.5344099999999999,1
Osmanabad,2011,0.41954,800,28,70,50,30,6.5,0.5,20,50,0.35370999999999997,1
Osmanabad,2012,0.39242,800,28,70,50,30,6.5,0.5,20,50,0.41954,1
Osmanabad,2013,0.5555599999999999,800,28,70,50,30,6.5,0.5,20,50,0.39242,1
Osmanabad,2014,0.19047999999999998,800,28,70,50,30,6.5,0.5,20,50,0.5555599999999999,1
Osmanabad,2015,0.09,800,28,70,50,30,6.5,0.5,20,50,0.19047999999999998,1
Osmanabad,2016,0.21875,800,28,70,50,30,6.5,0.5,20,50,0.09,1
Osmanabad,2017,0.29125999999999996,800,28,70,50,30,6.5,0.5,20,50,0.21875,1
Buldhana,1990,0.74286,800,28,70,50,30,6.5,0.5,20,50,0.29125999999999996,1
Buldhana,1991,0.5142899999999999,800,28,70,50,30,6.5,0.5,20,50,0.74286,1
Buldhana,1992,0.78788,800,28,70,50,30,6.5,0.5,20,50,0.5142899999999999,1
Buldhana,1993,1.03704,800,28,70,50,30,6.5,0.5,20,50,0.78788,1
Buldhana,1994,0.84615,800,28,70,50,30,6.5,0.5,20,50,1.03704,1
Buldhana,1995,0.54545,800,28,70,50,30,6.5,0.5,20,50,0.84615,1
Buldhana,1996,0.8,800,28,70,50,30,6.5,0.5,20,50,0.54545,1
Buldhana,1997,0.42857,800,28,70,50,30,6.5,0.5,20,50,0.8,1
Buldhana,1998,0.8,800,28,70,50,30,6.5,0.5,20,50,0.42857,1
Buldhana,1999,0.5,800,28,70,50,30,6.5,0.5,20,50,0.8,1
Buldhana,2000,1.0,800,28,70,50,30,6.5,0.5,20,50,0.5,1
Buldhana,2001,1.0,800,28,70,50,30,6.5,0.5,20,50,1.0,1
Buldhana,2002,1.0,800,28,70,50,30,6.5,0.5,20,50,1.0,1
Buldhana,2003,0.0,800,28,70,50,30,6.5,0.5,20,50,1.0,1
Buldhana,2004,0.0,800,28,70,50,30,6.5,0.5,20,50,0.0,1
Buldhana,2005,0.0,800,28,70,50,30,6.5,0.5,20,50,0.0,1
Buldhana,2006,0.0,800,28,70,50,30,6.5,0.5,20,50,0.0,1
Buldhana,2007,0.0,800,28,70,50,30,6.5,0.5,20,50,0.0,1
Buldhana,2008,0.0,800,28,70,50,30,6.5,0.5,20,50,0.0,1
Buldhana,2009,0.0,800,28,70,50,30,6.5,0.5,20,50,0.0,1
Buldhana,2010,0.0,800,28,70,50,30,6.5,0.5,20,50,0.0,1
Buldhana,2011,0.0,800,28,70,50,30,6.5,0.5,20,50,0.0,1
Buldhana,2012,0.0,800,28,70,50,30,6.5,0.5,20,50,0.0,1
Buldhana,2013,0.0,800,28,70,50,30,6.5,0.5,20,50,0.0,1
Buldhana,2014,0.0,800,28,70,50,30,6.5,0.5,20,50,0.0,1
Buldhana,2015,0.0,800,28,70,50,30,6.5,0.5,20,50,0.0,1
Buldhana,2016,0.4,800,28,70,50,30,6.5,0.5,20,50,0.0,1
Buldhana,2017,0.0,800,28,70,50,30,6.5,0.5,20,50,0.4,1
Akola,1990,0.71429,800,28,70,50,30,6.5,0.5,20,50,0.0,1
Akola,1991,0.48485,800,28,70,50,30,6.5,0.5,20,50,0.71429,1
Akola,1992,0.8148099999999999,800,28,70,50,30,6.5,0.5,20,50,0.48485,1
Akola,1993,0.96825,800,28,70,50,30,6.5,0.5,20,50,0.8148099999999999,1
Akola,1994,0.89706,800,28,70,50,30,6.5,0.5,20,50,0.96825,1
Akola,1995,0.55102,800,28,70,50,30,6.5,0.5,20,50,0.89706,1
Akola,1996,0.6060599999999999,800,28,70,50,30,6.5,0.5,20,50,0.55102,1
Akola,1997,0.54545,800,28,70,50,30,6.5,0.5,20,50,0.6060599999999999,1
Akola,1998,0.7,800,28,70,50,30,6.5,0.5,20,50,0.54545,1
Akola,1999,0.63158,800,28,70,50,30,6.5,0.5,20,50,0.7,1
Akola,2000,0.4,800,28,70,50,30,6.5,0.5,20,50,0.63158,1
Akola,2001,1.0,800,28,70,50,30,6.5,0.5,20,50,0.4,1
Akola,2002,0.63636,800,28,70,50,30,6.5,0.5,20,50,1.0,1
Akola,2003,0.33332999999999996,800,28,70,50,30,6.5,0.5,20,50,0.63636,1
Akola,2004,0.4,800,28,70,50,30,6.5,0.5,20,50,0.33332999999999996,1
Akola,2005,0.33332999999999996,800,28,70,50,30,6.5,0.5,20,50,0.4,1
Akola,2006,0.5,800,28,70,50,30,6.5,0.5,20,50,0.33332999999999996,1
Akola,2007,0.8,800,28,70,50,30,6.5,0.5,20,50,0.5,1
Akola,2008,1.0,800,28,70,50,30,6.5,0.5,20,50,0.8,1
Akola,2009,1.6,800,28,70,50,30,6.5,0.5,20,50,1.0,1
Akola,2010,0.0,800,28,70,50,30,6.5,0.5,20,50,1.6,1
Akola,2011,1.0,800,28,70,50,30,6.5,0.5,20,50,0.0,1
Akola,2012,0.0,800,28,70,50,30,6.5,0.5,20,50,1.0,1
Akola,2013,0.0,800,28,70,50,30,6.5,0.5,20,50,0.0,1
Akola,2014,0.0,800,28,70,50,30,6.5,0.5,20,50,0.0,1
Akola,2015,0.0,800,28,70,50,30,6.5,0.5,20,50,0.0,1
Akola,2016,0.0,800,28,70,50,30,6.5,0.5,20,50,0.0,1
Akola,2017,0.0,800,28,70,50,30,6.5,0.5,20,50,0.0,1
Amarawati,1990,0.3986,800,28,70,50,30,6.5,0.5,20,50,0.0,1
Amarawati,1991,0.43885,800,28,70,50,30,6.5,0.5,20,50,0.3986,1
Amarawati,1992,0.5905499999999999,800,28,70,50,30,6.5,0.5,20,50,0.43885,1
Amarawati,1993,0.86486,800,28,70,50,30,6.5,0.5,20,50,0.5905499999999999,1
Amarawati,1994,0.96341,800,28,70,50,30,6.5,0.5,20,50,0.86486,1
Amarawati,1995,0.6161599999999999,800,28,70,50,30,6.5,0.5,20,50,0.96341,1
Amarawati,1996,0.79808,800,28,70,50,30,6.5,0.5,20,50,0.6161599999999999,1
Amarawati,1997,0.61111,800,28,70,50,30,6.5,0.5,20,50,0.79808,1
Amarawati,1998,0.7011499999999999,800,28,70,50,30,6.5,0.5,20,50,0.61111,1
Amarawati,1999,0.63636,800,28,70,50,30,6.5,0.5,20,50,0.7011499999999999,1
Amarawati,2000,0.49438,800,28,70,50,30,6.5,0.5,20,50,0.63636,1
Amarawati,2001,0.94175,800,28,70,50,30,6.5,0.5,20,50,0.49438,1
Amarawati,2002,0.65455,800,28,70,50,30,6.5,0.5,20,50,0.94175,1
Amarawati,2003,0.58824,800,28,70,50,30,6.5,0.5,20,50,0.65455,1
Amarawati,2004,0.4375,800,28,70,50,30,6.5,0.5,20,50,0.58824,1
Amarawati,2005,0.49019999999999997,800,28,70,50,30,6.5,0.5,20,50,0.4375,1
Amarawati,2006,0.54118,800,28,70,50,30,6.5,0.5,20,50,0.49019999999999997,1
Amarawati,2007,0.8222200000000001,800,28,70,50,30,6.5,0.5,20,50,0.54118,1
Amarawati,2008,0.4,800,28,70,50,30,6.5,0.5,20,50,0.8222200000000001,1
Amarawati,2009,1.44884,800,28,70,50,30,6.5,0.5,20,50,0.4,1
Amarawati,2010,0.7263200000000001,800,28,70,50,30,6.5,0.5,20,50,1.44884,1
Amarawati,2011,0.7561,800,28,70,50,30,6.5,0.5,20,50,0.7263200000000001,1
Amarawati,2012,0.40789,800,28,70,50,30,6.5,0.5,20,50,0.7561,1
Amarawati,2013,0.17021,800,28,70,50,30,6.5,0.5,20,50,0.40789,1
Amarawati,2014,0.30189,800,28,70,50,30,6.5,0.5,20,50,0.17021,1
Amarawati,2015,0.21428999999999998,800,28,70,50,30,6.5,0.5,20,50,0.30189,1
Amarawati,2016,0.66667,800,28,70,50,30,6.5,0.5,20,50,0.21428999999999998,1
Amarawati,2017,0.33708,800,28,70,50,30,6.5,0.5,20,50,0.66667,1
Yeotmal,1990,0.79545,800,28,70,50,30,6.5,0.5,20,50,0.33708,1
Yeotmal,1991,0.42683,800,28,70,50,30,6.5,0.5,20,50,0.79545,1
Yeotmal,1992,0.77419,800,28,70,50,30,6.5,0.5,20,50,0.42683,1
Yeotmal,1993,0.68657,800,28,70,50,30,6.5,0.5,20,50,0.77419,1
Yeotmal,1994,0.9434,800,28,70,50,30,6.5,0.5,20,50,0.68657,1
Yeotmal,1995,0.56,800,28,70,50,30,6.5,0.5,20,50,0.9434,1
Yeotmal,1996,0.80702,800,28,70,50,30,6.5,0.5,20,50,0.56,1
Yeotmal,1997,0.56452,800,28,70,50,30,6.5,0.5,20,50,0.80702,1
Yeotmal,1998,0.74074,800,28,70,50,30,6.5,0.5,20,50,0.56452,1
Yeotmal,1999,0.8679199999999999,800,28,70,50,30,6.5,0.5,20,50,0.74074,1
Yeotmal,2000,0.82692,800,28,70,50,30,6.5,0.5,20,50,0.8679199999999999,1
Yeotmal,2001,1.0,800,28,70,50,30,6.5,0.5,20,50,0.82692,1
Yeotmal,2002,0.64865,800,28,70,50,30,6.5,0.5,20,50,1.0,1
Yeotmal,2003,0.6060599999999999,800,28,70,50,30,6.5,0.5,20,50,0.64865,1
Yeotmal,2004,0.33332999999999996,800,28,70,50,30,6.5,0.5,20,50,0.6060599999999999,1
Yeotmal,2005,0.5,800,28,70,50,30,6.5,0.5,20,50,0.33332999999999996,1
Yeotmal,2006,0.5,800,28,70,50,30,6.5,0.5,20,50,0.5,1
Yeotmal,2007,0.66667,800,28,70,50,30,6.5,0.5,20,50,0.5,1
Yeotmal,2008,0.4,800,28,70,50,30,6.5,0.5,20,50,0.66667,1
Yeotmal,2009,1.65,800,28,70,50,30,6.5,0.5,20,50,0.4,1
Yeotmal,2010,0.0,800,28,70,50,30,6.5,0.5,20,50,1.65,1
Yeotmal,2011,1.0,800,28,70,50,30,6.5,0.5,20,50,0.0,1
Yeotmal,2012,0.4,800,28,70,50,30,6.5,0.5,20,50,1.0,1
Yeotmal,2013,0.0,800,28,70,50,30,6.5,0.5,20,50,0.4,1
Yeotmal,2014,0.0,800,28,70,50,30,6.5,0.5,20,50,0.0,1
Yeotmal,2015,0.0,800,28,70,50,30,6.5,0.5,20,50,0.0,1
Yeotmal,2016,0.0,800,28,70,50,30,6.5,0.5,20,50,0.0,1
Yeotmal,2017,0.0,800,28,70,50,30,6.5,0.5,20,50,0.0,1
Wardha,1990,0.64103,800,28,70,50,30,6.5,0.5,20,50,0.0,1
Wardha,1991,0.48571,800,28,70,50,30,6.5,0.5,20,50,0.64103,1
Wardha,1992,0.8181799999999999,800,28,70,50,30,6.5,0.5,20,50,0.48571,1
Wardha,1993,1.04762,800,28,70,50,30,6.5,0.5,20,50,0.8181799999999999,1
Wardha,1994,0.88235,800,28,70,50,30,6.5,0.5,20,50,1.04762,1
Wardha,1995,1.14286,800,28,70,50,30,6.5,0.5,20,50,0.88235,1
Wardha,1996,1.0,800,28,70,50,30,6.5,0.5,20,50,1.14286,1
Wardha,1997,0.5,800,28,70,50,30,6.5,0.5,20,50,1.0,1
Wardha,1998,1.0,800,28,70,50,30,6.5,0.5,20,50,0.5,1
Wardha,1999,0.6,800,28,70,50,30,6.5,0.5,20,50,1.0,1
Wardha,2000,0.5,800,28,70,50,30,6.5,0.5,20,50,0.6,1
Wardha,2001,0.6,800,28,70,50,30,6.5,0.5,20,50,0.5,1
Wardha,2002,0.6,800,28,70,50,30,6.5,0.5,20,50,0.6,1
Wardha,2003,0.66667,800,28,70,50,30,6.5,0.5,20,50,0.6,1
Wardha,2004,1.0,800,28,70,50,30,6.5,0.5,20,50,0.66667,1
Wardha,2005,1.0,800,28,70,50,30,6.5,0.5,20,50,1.0,1
Wardha,2006,1.0,800,28,70,50,30,6.5,0.5,20,50,1.0,1
Wardha,2007,0.9,800,28,70,50,30,6.5,0.5,20,50,1.0,1
Wardha,2008,0.0,800,28,70,50,30,6.5,0.5,20,50,0.9,1
Wardha,2009,0.0,800,28,70,50,30,6.5,0.5,20,50,0.0,1
Wardha,2010,0.0,800,28,70,50,30,6.5,0.5,20,50,0.0,1
Wardha,2011,0.0,800,28,70,50,30,6.5,0.5,20,50,0.0,1
Wardha,2012,0.0,800,28,70,50,30,6.5,0.5,20,50,0.0,1
Wardha,2013,0.0,800,28,70,50,30,6.5,0.5,20,50,0.0,1
Wardha,2014,0.0,800,28,70,50,30,6.5,0.5,20,50,0.0,1
Wardha,2015,0.0,800,28,70,50,30,6.5,0.5,20,50,0.0,1
Wardha,2016,0.0,800,28,70,50,30,6.5,0.5,20,50,0.0,1
Wardha,2017,0.0,800,28,70,50,30,6.5,0.5,20,50,0.0,1
Nagpur,1990,1.00787,800,28,70,50,30,6.5,0.5,20,50,0.0,1
Nagpur,1991,1.02558,800,28,70,50,30,6.5,0.5,20,50,1.00787,1
Nagpur,1992,1.19843,800,28,70,50,30,6.5,0.5,20,50,1.02558,1
Nagpur,1993,1.4048900000000002,800,28,70,50,30,6.5,0.5,20,50,1.19843,1
Nagpur,1994,1.3504,800,28,70,50,30,6.5,0.5,20,50,1.4048900000000002,1
Nagpur,1995,1.32902,800,28,70,50,30,6.5,0.5,20,50,1.3504,1
Nagpur,1996,1.36522,800,28,70,50,30,6.5,0.5,20,50,1.32902,1
Nagpur,1997,0.8149500000000001,800,28,70,50,30,6.5,0.5,20,50,1.36522,1
Nagpur,1998,1.3801400000000001,800,28,70,50,30,6.5,0.5,20,50,0.8149500000000001,1
Nagpur,1999,1.11936,800,28,70,50,30,6.5,0.5,20,50,1.3801400000000001,1
Nagpur,2000,0.9920399999999999,800,28,70,50,30,6.5,0.5,20,50,1.11936,1
Nagpur,2001,1.2904,800,28,70,50,30,6.5,0.5,20,50,0.9920399999999999,1
Nagpur,2002,0.96782,800,28,70,50,30,6.5,0.5,20,50,1.2904,1
Nagpur,2003,1.45434,800,28,70,50,30,6.5,0.5,20,50,0.96782,1
Nagpur,2004,0.96074,800,28,70,50,30,6.5,0.5,20,50,1.45434,1
Nagpur,2005,1.37336,800,28,70,50,30,6.5,0.5,20,50,0.96074,1
Nagpur,2006,1.50855,800,28,70,50,30,6.5,0.5,20,50,1.37336,1
Nagpur,2007,1.52113,800,28,70,50,30,6.5,0.5,20,50,1.50855,1
Nagpur,2008,0.94957,800,28,70,50,30,6.5,0.5,20,50,1.52113,1
Nagpur,2009,1.14626,800,28,70,50,30,6.5,0.5,20,50,0.94957,1
Nagpur,2010,0.98322,800,28,70,50,30,6.5,0.5,20,50,1.14626,1
Nagpur,2011,1.51484,800,28,70,50,30,6.5,0.5,20,50,0.98322,1
Nagpur,2012,1.49702,800,28,70,50,30,6.5,0.5,20,50,1.51484,1
Nagpur,2013,1.3521800000000002,800,28,70,50,30,6.5,0.5,20,50,1.49702,1
Nagpur,2014,1.2119300000000002,800,28,70,50,30,6.5,0.5,20,50,1.3521800000000002,1
Nagpur,2015,1.2097,800,28,70,50,30,6.5,0.5,20,50,1.2119300000000002,1
Nagpur,2016,1.94299,800,28,70,50,30,6.5,0.5,20,50,1.2097,1
Nagpur,2017,1.8874300000000002,800,28,70,50,30,6.5,0.5,20,50,1.94299,1
Bhandara,1990,1.24444,800,28,70,50,30,6.5,0.5,20,50,1.8874300000000002,1
Bhandara,1991,1.06779,800,28,70,50,30,6.5,0.5,20,50,1.24444,1
Bhandara,1992,1.1718499999999998,800,28,70,50,30,6.5,0.5,20,50,1.06779,1
Bhandara,1993,1.3068199999999999,800,28,70,50,30,6.5,0.5,20,50,1.1718499999999998,1
Bhandara,1994,1.1906700000000001,800,28,70,50,30,6.5,0.5,20,50,1.3068199999999999,1
Bhandara,1995,1.462,800,28,70,50,30,6.5,0.5,20,50,1.1906700000000001,1
Bhandara,1996,1.3544200000000002,800,28,70,50,30,6.5,0.5,20,50,1.462,1
Bhandara,1997,1.2539200000000001,800,28,70,50,30,6.5,0.5,20,50,1.3544200000000002,1
Bhandara,1998,1.1908299999999998,800,28,70,50,30,6.5,0.5,20,50,1.2539200000000001,1
Bhandara,1999,1.4149100000000001,800,28,70,50,30,6.5,0.5,20,50,1.1908299999999998,1
Bhandara,2000,0.94136,800,28,70,50,30,6.5,0.5,20,50,1.4149100000000001,1
Bhandara,2001,1.34921,800,28,70,50,30,6.5,0.5,20,50,0.94136,1
Bhandara,2002,1.07779,800,28,70,50,30,6.5,0.5,20,50,1.34921,1
Bhandara,2003,1.5398699999999999,800,28,70,50,30,6.5,0.5,20,50,1.07779,1
Bhandara,2004,0.68092,800,28,70,50,30,6.5,0.5,20,50,1.5398699999999999,1
Bhandara,2005,1.59751,800,28,70,50,30,6.5,0.5,20,50,0.68092,1
Bhandara,2006,1.3073299999999999,800,28,70,50,30,6.5,0.5,20,50,1.59751,1
Bhandara,2007,1.73822,800,28,70,50,30,6.5,0.5,20,50,1.3073299999999999,1
Bhandara,2008,0.7293200000000001,800,28,70,50,30,6.5,0.5,20,50,1.73822,1
Bhandara,2009,1.05563,800,28,70,50,30,6.5,0.5,20,50,0.7293200000000001,1
Bhandara,2010,1.60499,800,28,70,50,30,6.5,0.5,20,50,1.05563,1
Bhandara,2011,1.7327000000000001,800,28,70,50,30,6.5,0.5,20,50,1.60499,1
Bhandara,2012,1.98265,800,28,70,50,30,6.5,0.5,20,50,1.7327000000000001,1
Bhandara,2013,1.63996,800,28,70,50,30,6.5,0.5,20,50,1.98265,1
Bhandara,2014,1.82256,800,28,70,50,30,6.5,0.5,20,50,1.63996,1
Bhandara,2015,1.5491400000000002,800,28,70,50,30,6.5,0.5,20,50,1.82256,1
Bhandara,2016,2.26883,800,28,70,50,30,6.5,0.5,20,50,1.5491400000000002,1
Bhandara,2017,1.4216900000000001,800,28,70,50,30,6.5,0.5,20,50,2.26883,1
Chandrapur,1990,1.14906,800,28,70,50,30,6.5,0.5,20,50,1.4216900000000001,1
Chandrapur,1991,0.81104,800,28,70,50,30,6.5,0.5,20,50,1.14906,1
Chandrapur,1992,1.32976,800,28,70,50,30,6.5,0.5,20,50,0.81104,1
Chandrapur,1993,1.34023,800,28,70,50,30,6.5,0.5,20,50,1.32976,1
Chandrapur,1994,1.38133,800,28,70,50,30,6.5,0.5,20,50,1.34023,1
Chandrapur,1995,1.59252,800,28,70,50,30,6.5,0.5,20,50,1.38133,1
Chandrapur,1996,1.30892,800,28,70,50,30,6.5,0.5,20,50,1.59252,1
Chandrapur,1997,1.24277,800,28,70,50,30,6.5,0.5,20,50,1.30892,1
Chandrapur,1998,1.16996,800,28,70,50,30,6.5,0.5,20,50,1.24277,1
Chandrapur,1999,1.44402,800,28,70,50,30,6.5,0.5,20,50,1.16996,1
Chandrapur,2000,0.80425,800,28,70,50,30,6.5,0.5,20,50,1.44402,1
Chandrapur,2001,1.30674,800,28,70,50,30,6.5,0.5,20,50,0.80425,1
Chandrapur,2002,0.65143,800,28,70,50,30,6.5,0.5,20,50,1.30674,1
Chandrapur,2003,1.33575,800,28,70,50,30,6.5,0.5,20,50,0.65143,1
Chandrapur,2004,0.8117000000000001,800,28,70,50,30,6.5,0.5,20,50,1.33575,1
Chandrapur,2005,1.5393800000000002,800,28,70,50,30,6.5,0.5,20,50,0.8117000000000001,1
Chandrapur,2006,1.4351500000000001,800,28,70,50,30,6.5,0.5,20,50,1.5393800000000002,1
Chandrapur,2007,1.52844,800,28,70,50,30,6.5,0.5,20,50,1.4351500000000001,1
Chandrapur,2008,0.84912,800,28,70,50,30,6.5,0.5,20,50,1.52844,1
Chandrapur,2009,0.70587,800,28,70,50,30,6.5,0.5,20,50,0.84912,1
Chandrapur,2010,1.45365,800,28,70,50,30,6.5,0.5,20,50,0.70587,1
Chandrapur,2011,1.23902,800,28,70,50,30,6.5,0.5,20,50,1.45365,1
Chandrapur,2012,1.55754,800,28,70,50,30,6.5,0.5,20,50,1.23902,1
Chandrapur,2013,1.4095199999999999,800,28,70,50,30,6.5,0.5,20,50,1.55754,1
Chandrapur,2014,1.06003,800,28,70,50,30,6.5,0.5,20,50,1.4095199999999999,1
Chandrapur,2015,0.84781,800,28,70,50,30,6.5,0.5,20,50,1.06003,1
Chandrapur,2016,1.79022,800,28,70,50,30,6.5,0.5,20,50,0.84781,1
Chandrapur,2017,1.01026,800,28,70,50,30,6.5,0.5,20,50,1.79022,1
Ahmedabad,1990,1.7965,800,28,70,50,30,6.5,0.5,20,50,1.01026,1
Ahmedabad,1991,0.7352799999999999,800,28,70,50,30,6.5,0.5,20,50,1.7965,1
Ahmedabad,1992,1.24779,800,28,70,50,30,6.5,0.5,20,50,0.7352799999999999,1
Ahmedabad,1993,1.4457,800,28,70,50,30,6.5,0.5,20,50,1.24779,1
Ahmedabad,1994,2.3058,800,28,70,50,30,6.5,0.5,20,50,1.4457,1
Ahmedabad,1995,1.26636,800,28,70,50,30,6.5,0.5,20,50,2.3058,1
Ahmedabad,1996,0.97557,800,28,70,50,30,6.5,0.5,20,50,1.26636,1
Ahmedabad,1997,1.61429,800,28,70,50,30,6.5,0.5,20,50,0.97557,1
Ahmedabad,1998,1.51701,800,28,70,50,30,6.5,0.5,20,50,1.61429,1
Ahmedabad,1999,1.20175,800,28,70,50,30,6.5,0.5,20,50,1.51701,1
Ahmedabad,2000,0.65747,800,28,70,50,30,6.5,0.5,20,50,1.20175,1
Ahmedabad,2001,1.7944,800,28,70,50,30,6.5,0.5,20,50,0.65747,1
Ahmedabad,2002,0.97663,800,28,70,50,30,6.5,0.5,20,50,1.7944,1
Ahmedabad,2003,2.40152,800,28,70,50,30,6.5,0.5,20,50,0.97663,1
Ahmedabad,2004,2.22806,800,28,70,50,30,6.5,0.5,20,50,2.40152,1
Ahmedabad,2005,2.5028099999999998,800,28,70,50,30,6.5,0.5,20,50,2.22806,1
Ahmedabad,2006,1.9079000000000002,800,28,70,50,30,6.5,0.5,20,50,2.5028099999999998,1
Ahmedabad,2007,2.10539,800,28,70,50,30,6.5,0.5,20,50,1.9079000000000002,1
Ahmedabad,2008,1.8666099999999999,800,28,70,50,30,6.5,0.5,20,50,2.10539,1
Ahmedabad,2009,2.5132600000000003,800,28,70,50,30,6.5,0.5,20,50,1.8666099999999999,1
Ahmedabad,2010,2.70108,800,28,70,50,30,6.5,0.5,20,50,2.5132600000000003,1
Ahmedabad,2011,2.72943,800,28,70,50,30,6.5,0.5,20,50,2.70108,1
Ahmedabad,2012,2.01177,800,28,70,50,30,6.5,0.5,20,50,2.72943,1
Ahmedabad,2013,2.37066,800,28,70,50,30,6.5,0.5,20,50,2.01177,1
Ahmedabad,2014,2.66666,800,28,70,50,30,6.5,0.5,20,50,2.37066,1
Ahmedabad,2015,2.5740700000000003,800,28,70,50,30,6.5,0.5,20,50,2.66666,1
Ahmedabad,2016,2.7046900000000003,800,28,70,50,30,6.5,0.5,20,50,2.5740700000000003,1
Ahmedabad,2017,2.22213,800,28,70,50,30,6.5,0.5,20,50,2.7046900000000003,1
Amreli,1990,2.0,800,28,70,50,30,6.5,0.5,20,50,2.22213,1
Amreli,1991,1.0,800,28,70,50,30,6.5,0.5,20,50,2.0,1
Amreli,1992,1.0,800,28,70,50,30,6.5,0.5,20,50,1.0,1
Amreli,1993,1.0,800,28,70,50,30,6.5,0.5,20,50,1.0,1
Amreli,1994,0.0,800,28,70,50,30,6.5,0.5,20,50,1.0,1
Amreli,1995,1.0,800,28,70,50,30,6.5,0.5,20,50,0.0,1
Amreli,1996,1.0,800,28,70,50,30,6.5,0.5,20,50,1.0,1
Amreli,1997,0.0,800,28,70,50,30,6.5,0.5,20,50,1.0,1
Amreli,1998,0.0,800,28,70,50,30,6.5,0.5,20,50,0.0,1
Amreli,1999,1.0,800,28,70,50,30,6.5,0.5,20,50,0.0,1
Amreli,2000,0.0,800,28,70,50,30,6.5,0.5,20,50,1.0,1
Amreli,2001,0.0,800,28,70,50,30,6.5,0.5,20,50,0.0,1
Amreli,2002,0.0,800,28,70,50,30,6.5,0.5,20,50,0.0,1
Amreli,2003,0.0,800,28,70,50,30,6.5,0.5,20,50,0.0,1
Amreli,2004,0.0,800,28,70,50,30,6.5,0.5,20,50,0.0,1
Amreli,2005,0.0,800,28,70,50,30,6.5,0.5,20,50,0.0,1
Amreli,2006,0.0,800,28,70,50,30,6.5,0.5,20,50,0.0,1
Amreli,2007,0.0,800,28,70,50,30,6.5,0.5,20,50,0.0,1
Amreli,2008,0.0,800,28,70,50,30,6.5,0.5,20,50,0.0,1
Amreli,2009,0.0,800,28,70,50,30,6.5,0.5,20,50,0.0,1
Amreli,2010,0.0,800,28,70,50,30,6.5,0.5,20,50,0.0,1
Amreli,2011,0.0,800,28,70,50,30,6.5,0.5,20,50,0.0,1
Amreli,2012,0.0,800,28,70,50,30,6.5,0.5,20,50,0.0,1
Amreli,2013,0.0,800,28,70,50,30,6.5,0.5,20,50,0.0,1
Amreli,2014,0.0,800,28,70,50,30,6.5,0.5,20,50,0.0,1
Amreli,2015,0.0,800,28,70,50,30,6.5,0.5,20,50,0.0,1
Amreli,2016,0.0,800,28,70,50,30,6.5,0.5,20,50,0.0,1
Amreli,2017,0.0,800,28,70,50,30,6.5,0.5,20,50,0.0,1
Banaskantha,1990,1.5,800,28,70,50,30,6.5,0.5,20,50,0.0,1
Banaskantha,1991,2.0,800,28,70,50,30,6.5,0.5,20,50,1.5,1
Banaskantha,1992,2.0,800,28,70,50,30,6.5,0.5,20,50,2.0,1
Banaskantha,1993,1.75,800,28,70,50,30,6.5,0.5,20,50,2.0,1
Banaskantha,1994,0.0,800,28,70,50,30,6.5,0.5,20,50,1.75,1
Banaskantha,1995,3.0,800,28,70,50,30,6.5,0.5,20,50,0.0,1
Banaskantha,1996,1.0,800,28,70,50,30,6.5,0.5,20,50,3.0,1
Banaskantha,1997,0.0,800,28,70,50,30,6.5,0.5,20,50,1.0,1
Banaskantha,1998,0.0,800,28,70,50,30,6.5,0.5,20,50,0.0,1
Banaskantha,1999,0.0,800,28,70,50,30,6.5,0.5,20,50,0.0,1
Banaskantha,2000,0.0,800,28,70,50,30,6.5,0.5,20,50,0.0,1
Banaskantha,2001,0.0,800,28,70,50,30,6.5,0.5,20,50,0.0,1
Banaskantha,2002,0.0,800,28,70,50,30,6.5,0.5,20,50,0.0,1
Banaskantha,2003,0.0,800,28,70,50,30,6.5,0.5,20,50,0.0,1
Banaskantha,2004,0.0,800,28,70,50,30,6.5,0.5,20,50,0.0,1
Banaskantha,2005,0.0,800,28,70,50,30,6.5,0.5,20,50,0.0,1
Banaskantha,2006,0.0,800,28,70,50,30,6.5,0.5,20,50,0.0,1
Banaskantha,2007,0.0,800,28,70,50,30,6.5,0.5,20,50,0.0,1
Banaskantha,2008,0.0,800,28,70,50,30,6.5,0.5,20,50,0.0,1
Banaskantha,2009,0.0,800,28,70,50,30,6.5,0.5,20,50,0.0,1
Banaskantha,2010,0.0,800,28,70,50,30,6.5,0.5,20,50,0.0,1
Banaskantha,2011,0.0,800,28,70,50,30,6.5,0.5,20,50,0.0,1
Banaskantha,2012,0.0,800,28,70,50,30,6.5,0.5,20,50,0.0,1
Banaskantha,2013,0.0,800,28,70,50,30,6.5,0.5,20,50,0.0,1
Banaskantha,2014,0.0,800,28,70,50,30,6.5,0.5,20,50,0.0,1
Banaskantha,2015,1.125,800,28,70,50,30,6.5,0.5,20,50,0.0,1
Banaskantha,2016,0.0,800,28,70,50,30,6.5,0.5,20,50,1.125,1
Banaskantha,2017,0.0,800,28,70,50,30,6.5,0.5,20,50,0.0,1
Bharuch,1990,0.79803,800,28,70,50,30,6.5,0.5,20,50,0.0,1
Bharuch,1991,0.47525,800,28,70,50,30,6.5,0.5,20,50,0.79803,1
Bharuch,1992,0.90698,800,28,70,50,30,6.5,0.5,20,50,0.47525,1
Bharuch,1993,0.75,800,28,70,50,30,6.5,0.5,20,50,0.90698,1
Bharuch,1994,0.75,800,28,70,50,30,6.5,0.5,20,50,0.75,1
Bharuch,1995,0.64876,800,28,70,50,30,6.5,0.5,20,50,0.75,1
Bharuch,1996,0.97436,800,28,70,50,30,6.5,0.5,20,50,0.64876,1
Bharuch,1997,0.90583,800,28,70,50,30,6.5,0.5,20,50,0.97436,1
Bharuch,1998,1.53778,800,28,70,50,30,6.5,0.5,20,50,0.90583,1
Bharuch,1999,0.8412000000000001,800,28,70,50,30,6.5,0.5,20,50,1.53778,1
Bharuch,2000,0.5437799999999999,800,28,70,50,30,6.5,0.5,20,50,0.8412000000000001,1
Bharuch,2001,0.93077,800,28,70,50,30,6.5,0.5,20,50,0.5437799999999999,1
Bharuch,2002,1.0515,800,28,70,50,30,6.5,0.5,20,50,0.93077,1
Bharuch,2003,1.20221,800,28,70,50,30,6.5,0.5,20,50,1.0515,1
Bharuch,2004,1.1214600000000001,800,28,70,50,30,6.5,0.5,20,50,1.20221,1
Bharuch,2005,1.1464400000000001,800,28,70,50,30,6.5,0.5,20,50,1.1214600000000001,1
Bharuch,2006,1.08787,800,28,70,50,30,6.5,0.5,20,50,1.1464400000000001,1
Bharuch,2007,1.22519,800,28,70,50,30,6.5,0.5,20,50,1.08787,1
Bharuch,2008,1.3268,800,28,70,50,30,6.5,0.5,20,50,1.22519,1
Bharuch,2009,1.04,800,28,70,50,30,6.5,0.5,20,50,1.3268,1
Bharuch,2010,1.39683,800,28,70,50,30,6.5,0.5,20,50,1.04,1
Bharuch,2011,1.29355,800,28,70,50,30,6.5,0.5,20,50,1.39683,1
Bharuch,2012,1.42308,800,28,70,50,30,6.5,0.5,20,50,1.29355,1
Bharuch,2013,1.25386,800,28,70,50,30,6.5,0.5,20,50,1.42308,1
Bharuch,2014,1.40019,800,28,70,50,30,6.5,0.5,20,50,1.25386,1
Bharuch,2015,1.10203,800,28,70,50,30,6.5,0.5,20,50,1.40019,1
Bharuch,2016,1.00835,800,28,70,50,30,6.5,0.5,20,50,1.10203,1
Bharuch,2017,1.3154400000000002,800,28,70,50,30,6.5,0.5,20,50,1.00835,1
Vadodara / Baroda,1990,0.9780399999999999,800,28,70,50,30,6.5,0.5,20,50,1.3154400000000002,1
Vadodara / Baroda,1991,0.6259,800,28,70,50,30,6.5,0.5,20,50,0.9780399999999999,1
Vadodara / Baroda,1992,0.98727,800,28,70,50,30,6.5,0.5,20,50,0.6259,1
Vadodara / Baroda,1993,0.83596,800,28,70,50,30,6.5,0.5,20,50,0.98727,1
Vadodara / Baroda,1994,0.8360700000000001,800,28,70,50,30,6.5,0.5,20,50,0.83596,1
Vadodara / Baroda,1995,0.57047,800,28,70,50,30,6.5,0.5,20,50,0.8360700000000001,1
Vadodara / Baroda,1996,1.07465,800,28,70,50,30,6.5,0.5,20,50,0.57047,1
Vadodara / Baroda,1997,1.04348,800,28,70,50,30,6.5,0.5,20,50,1.07465,1
Vadodara / Baroda,1998,1.54972,800,28,70,50,30,6.5,0.5,20,50,1.04348,1
Vadodara / Baroda,1999,0.6711,800,28,70,50,30,6.5,0.5,20,50,1.54972,1
Vadodara / Baroda,2000,0.19853,800,28,70,50,30,6.5,0.5,20,50,0.6711,1
Vadodara / Baroda,2001,0.93796,800,28,70,50,30,6.5,0.5,20,50,0.19853,1
Vadodara / Baroda,2002,1.03203,800,28,70,50,30,6.5,0.5,20,50,0.93796,1
Vadodara / Baroda,2003,1.25847,800,28,70,50,30,6.5,0.5,20,50,1.03203,1
Vadodara / Baroda,2004,1.04223,800,28,70,50,30,6.5,0.5,20,50,1.25847,1
Vadodara / Baroda,2005,1.15443,800,28,70,50,30,6.5,0.5,20,50,1.04223,1
Vadodara / Baroda,2006,1.1596,800,28,70,50,30,6.5,0.5,20,50,1.15443,1
Vadodara / Baroda,2007,1.3615599999999999,800,28,70,50,30,6.5,0.5,20,50,1.1596,1
Vadodara / Baroda,2008,1.11093,800,28,70,50,30,6.5,0.5,20,50,1.3615599999999999,1
Vadodara / Baroda,2009,0.9085700000000001,800,28,70,50,30,6.5,0.5,20,50,1.11093,1
Vadodara / Baroda,2010,1.23593,800,28,70,50,30,6.5,0.5,20,50,0.9085700000000001,1
Vadodara / Baroda,2011,1.2455,800,28,70,50,30,6.5,0.5,20,50,1.23593,1
Vadodara / Baroda,2012,1.4170399999999999,800,28,70,50,30,6.5,0.5,20,50,1.2455,1
Vadodara / Baroda,2013,1.33176,800,28,70,50,30,6.5,0.5,20,50,1.4170399999999999,1
Vadodara / Baroda,2014,1.60317,800,28,70,50,30,6.5,0.5,20,50,1.33176,1
Vadodara / Baroda,2015,1.61288,800,28,70,50,30,6.5,0.5,20,50,1.60317,1
Vadodara / Baroda,2016,1.78973,800,28,70,50,30,6.5,0.5,20,50,1.61288,1
Vadodara / Baroda,2017,1.5984800000000001,800,28,70,50,30,6.5,0.5,20,50,1.78973,1
Bhavnagar,1990,2.0,800,28,70,50,30,6.5,0.5,20,50,1.5984800000000001,1
Bhavnagar,1991,2.0,800,28,70,50,30,6.5,0.5,20,50,2.0,1
Bhavnagar,1992,1.66667,800,28,70,50,30,6.5,0.5,20,50,2.0,1
Bhavnagar,1993,2.0,800,28,70,50,30,6.5,0.5,20,50,1.66667,1
Bhavnagar,1994,1.5,800,28,70,50,30,6.5,0.5,20,50,2.0,1
Bhavnagar,1995,2.0,800,28,70,50,30,6.5,0.5,20,50,1.5,1
Bhavnagar,1996,2.0,800,28,70,50,30,6.5,0.5,20,50,2.0,1
Bhavnagar,1997,2.0,800,28,70,50,30,6.5,0.5,20,50,2.0,1
Bhavnagar,1998,0.0,800,28,70,50,30,6.5,0.5,20,50,2.0,1
Bhavnagar,1999,3.0,800,28,70,50,30,6.5,0.5,20,50,0.0,1
Bhavnagar,2000,1.0,800,28,70,50,30,6.5,0.5,20,50,3.0,1
Bhavnagar,2001,2.0,800,28,70,50,30,6.5,0.5,20,50,1.0,1
Bhavnagar,2002,1.66667,800,28,70,50,30,6.5,0.5,20,50,2.0,1
Bhavnagar,2003,0.0,800,28,70,50,30,6.5,0.5,20,50,1.66667,1
Bhavnagar,2004,0.0,800,28,70,50,30,6.5,0.5,20,50,0.0,1
Bhavnagar,2005,0.0,800,28,70,50,30,6.5,0.5,20,50,0.0,1
Bhavnagar,2006,0.0,800,28,70,50,30,6.5,0.5,20,50,0.0,1
Bhavnagar,2007,0.0,800,28,70,50,30,6.5,0.5,20,50,0.0,1
Bhavnagar,2008,0.0,800,28,70,50,30,6.5,0.5,20,50,0.0,1
Bhavnagar,2009,0.0,800,28,70,50,30,6.5,0.5,20,50,0.0,1
Bhavnagar,2010,0.0,800,28,70,50,30,6.5,0.5,20,50,0.0,1
Bhavnagar,2011,0.0,800,28,70,50,30,6.5,0.5,20,50,0.0,1
Bhavnagar,2012,0.0,800,28,70,50,30,6.5,0.5,20,50,0.0,1
Bhavnagar,2013,0.0,800,28,70,50,30,6.5,0.5,20,50,0.0,1
Bhavnagar,2014,0.0,800,28,70,50,30,6.5,0.5,20,50,0.0,1
Bhavnagar,2015,0.0,800,28,70,50,30,6.5,0.5,20,50,0.0,1
Bhavnagar,2016,0.0,800,28,70,50,30,6.5,0.5,20,50,0.0,1
Bhavnagar,2017,0.0,800,28,70,50,30,6.5,0.5,20,50,0.0,1
Valsad,1990,2.0888899999999997,800,28,70,50,30,6.5,0.5,20,50,0.0,1
Valsad,1991,2.32771,800,28,70,50,30,6.5,0.5,20,50,2.0888899999999997,1
Valsad,1992,2.40254,800,28,70,50,30,6.5,0.5,20,50,2.32771,1
Valsad,1993,2.16883,800,28,70,50,30,6.5,0.5,20,50,2.40254,1
Valsad,1994,1.98131,800,28,70,50,30,6.5,0.5,20,50,2.16883,1
Valsad,1995,2.15116,800,28,70,50,30,6.5,0.5,20,50,1.98131,1
Valsad,1996,2.03996,800,28,70,50,30,6.5,0.5,20,50,2.15116,1
Valsad,1997,1.95968,800,28,70,50,30,6.5,0.5,20,50,2.03996,1
Valsad,1998,2.5906700000000003,800,28,70,50,30,6.5,0.5,20,50,1.95968,1
Valsad,1999,2.09842,800,28,70,50,30,6.5,0.5,20,50,2.5906700000000003,1
Valsad,2000,1.8092300000000001,800,28,70,50,30,6.5,0.5,20,50,2.09842,1
Valsad,2001,2.2369499999999998,800,28,70,50,30,6.5,0.5,20,50,1.8092300000000001,1
Valsad,2002,1.9341400000000002,800,28,70,50,30,6.5,0.5,20,50,2.2369499999999998,1
Valsad,2003,2.28405,800,28,70,50,30,6.5,0.5,20,50,1.9341400000000002,1
Valsad,2004,2.03196,800,28,70,50,30,6.5,0.5,20,50,2.28405,1
Valsad,2005,2.2854,800,28,70,50,30,6.5,0.5,20,50,2.03196,1
Valsad,2006,2.14059,800,28,70,50,30,6.5,0.5,20,50,2.2854,1
Valsad,2007,2.39469,800,28,70,50,30,6.5,0.5,20,50,2.14059,1
Valsad,2008,2.28546,800,28,70,50,30,6.5,0.5,20,50,2.39469,1
Valsad,2009,2.2258299999999998,800,28,70,50,30,6.5,0.5,20,50,2.28546,1
Valsad,2010,2.4653,800,28,70,50,30,6.5,0.5,20,50,2.2258299999999998,1
Valsad,2011,2.4625700000000004,800,28,70,50,30,6.5,0.5,20,50,2.4653,1
Valsad,2012,2.425,800,28,70,50,30,6.5,0.5,20,50,2.4625700000000004,1
Valsad,2013,2.3193200000000003,800,28,70,50,30,6.5,0.5,20,50,2.425,1
Valsad,2014,2.43137,800,28,70,50,30,6.5,0.5,20,50,2.3193200000000003,1
Valsad,2015,2.47126,800,28,70,50,30,6.5,0.5,20,50,2.43137,1
Valsad,2016,2.68263,800,28,70,50,30,6.5,0.5,20,50,2.47126,1
Valsad,2017,2.52681,800,28,70,50,30,6.5,0.5,20,50,2.68263,1
Dangs,1990,0.9759,800,28,70,50,30,6.5,0.5,20,50,2.52681,1
Dangs,1991,0.65116,800,28,70,50,30,6.5,0.5,20,50,0.9759,1
Dangs,1992,0.87654,800,28,70,50,30,6.5,0.5,20,50,0.65116,1
Dangs,1993,0.9666699999999999,800,28,70,50,30,6.5,0.5,20,50,0.87654,1
Dangs,1994,1.33333,800,28,70,50,30,6.5,0.5,20,50,0.9666699999999999,1
Dangs,1995,1.08247,800,28,70,50,30,6.5,0.5,20,50,1.33333,1
Dangs,1996,0.72549,800,28,70,50,30,6.5,0.5,20,50,1.08247,1
Dangs,1997,0.7833300000000001,800,28,70,50,30,6.5,0.5,20,50,0.72549,1
Dangs,1998,1.63866,800,28,70,50,30,6.5,0.5,20,50,0.7833300000000001,1
Dangs,1999,0.9913,800,28,70,50,30,6.5,0.5,20,50,1.63866,1
Dangs,2000,1.00787,800,28,70,50,30,6.5,0.5,20,50,0.9913,1
Dangs,2001,1.25833,800,28,70,50,30,6.5,0.5,20,50,1.00787,1
Dangs,2002,0.7541,800,28,70,50,30,6.5,0.5,20,50,1.25833,1
Dangs,2003,1.22143,800,28,70,50,30,6.5,0.5,20,50,0.7541,1
Dangs,2004,2.42063,800,28,70,50,30,6.5,0.5,20,50,1.22143,1
Dangs,2005,1.3483900000000002,800,28,70,50,30,6.5,0.5,20,50,2.42063,1
Dangs,2006,1.2070999999999998,800,28,70,50,30,6.5,0.5,20,50,1.3483900000000002,1
Dangs,2007,1.35714,800,28,70,50,30,6.5,0.5,20,50,1.2070999999999998,1
Dangs,2008,1.2681600000000002,800,28,70,50,30,6.5,0.5,20,50,1.35714,1
Dangs,2009,1.10127,800,28,70,50,30,6.5,0.5,20,50,1.2681600000000002,1
Dangs,2010,1.3,800,28,70,50,30,6.5,0.5,20,50,1.10127,1
Dangs,2011,1.70556,800,28,70,50,30,6.5,0.5,20,50,1.3,1
Dangs,2012,1.57971,800,28,70,50,30,6.5,0.5,20,50,1.70556,1
Dangs,2013,2.56871,800,28,70,50,30,6.5,0.5,20,50,1.57971,1
Dangs,2014,1.4937799999999999,800,28,70,50,30,6.5,0.5,20,50,2.56871,1
Dangs,2015,1.97347,800,28,70,50,30,6.5,0.5,20,50,1.4937799999999999,1
Dangs,2016,2.41572,800,28,70,50,30,6.5,0.5,20,50,1.97347,1
Dangs,2017,2.39834,800,28,70,50,30,6.5,0.5,20,50,2.41572,1
Jamnagar,1990,0.0,800,28,70,50,30,6.5,0.5,20,50,2.39834,1
Jamnagar,1991,0.0,800,28,70,50,30,6.5,0.5,20,50,0.0,1
Jamnagar,1992,0.0,800,28,70,50,30,6.5,0.5,20,50,0.0,1
Jamnagar,1993,0.0,800,28,70,50,30,6.5,0.5,20,50,0.0,1
Jamnagar,1994,0.0,800,28,70,50,30,6.5,0.5,20,50,0.0,1
Jamnagar,1995,0.0,800,28,70,50,30,6.5,0.5,20,50,0.0,1
Jamnagar,1996,0.0,800,28,70,50,30,6.5,0.5,20,50,0.0,1
Jamnagar,1997,0.0,800,28,70,50,30,6.5,0.5,20,50,0.0,1
Jamnagar,1998,0.0,800,28,70,50,30,6.5,0.5,20,50,0.0,1
Jamnagar,1999,0.0,800,28,70,50,30,6.5,0.5,20,50,0.0,1
Jamnagar,2000,0.0,800,28,70,50,30,6.5,0.5,20,50,0.0,1
Jamnagar,2001,0.0,800,28,70,50,30,6.5,0.5,20,50,0.0,1
Jamnagar,2002,0.0,800,28,70,50,30,6.5,0.5,20,50,0.0,1
Jamnagar,2003,0.0,800,28,70,50,30,6.5,0.5,20,50,0.0,1
Jamnagar,2004,0.0,800,28,70,50,30,6.5,0.5,20,50,0.0,1
Jamnagar,2005,0.0,800,28,70,50,30,6.5,0.5,20,50,0.0,1
Jamnagar,2006,0.0,800,28,70,50,30,6.5,0.5,20,50,0.0,1
Jamnagar,2007,0.0,800,28,70,50,30,6.5,0.5,20,50,0.0,1
Jamnagar,2008,0.0,800,28,70,50,30,6.5,0.5,20,50,0.0,1
Jamnagar,2009,0.0,800,28,70,50,30,6.5,0.5,20,50,0.0,1
Jamnagar,2010,0.0,800,28,70,50,30,6.5,0.5,20,50,0.0,1
Jamnagar,2011,0.0,800,28,70,50,30,6.5,0.5,20,50,0.0,1
Jamnagar,2012,0.0,800,28,70,50,30,6.5,0.5,20,50,0.0,1
Jamnagar,2013,0.0,800,28,70,50,30,6.5,0.5,20,50,0.0,1
Jamnagar,2014,0.0,800,28,70,50,30,6.5,0.5,20,50,0.0,1
Jamnagar,2015,0.0,800,28,70,50,30,6.5,0.5,20,50,0.0,1
Jamnagar,2016,0.0,800,28,70,50,30,6.5,0.5,20,50,0.0,1
Jamnagar,2017,0.0,800,28,70,50,30,6.5,0.5,20,50,0.0,1
Junagadh,1990,2.0,800,28,70,50,30,6.5,0.5,20,50,0.0,1
Junagadh,1991,1.6,800,28,70,50,30,6.5,0.5,20,50,2.0,1
Junagadh,1992,1.875,800,28,70,50,30,6.5,0.5,20,50,1.6,1
Junagadh,1993,1.6,800,28,70,50,30,6.5,0.5,20,50,1.875,1
Junagadh,1994,0.0,800,28,70,50,30,6.5,0.5,20,50,1.6,1
Junagadh,1995,2.0625,800,28,70,50,30,6.5,0.5,20,50,0.0,1
Junagadh,1996,1.66667,800,28,70,50,30,6.5,0.5,20,50,2.0625,1
Junagadh,1997,2.33333,800,28,70,50,30,6.5,0.5,20,50,1.66667,1
Junagadh,1998,2.0,800,28,70,50,30,6.5,0.5,20,50,2.33333,1
Junagadh,1999,1.0,800,28,70,50,30,6.5,0.5,20,50,2.0,1
Junagadh,2000,1.0,800,28,70,50,30,6.5,0.5,20,50,1.0,1
Junagadh,2001,0.0,800,28,70,50,30,6.5,0.5,20,50,1.0,1
Junagadh,2002,0.0,800,28,70,50,30,6.5,0.5,20,50,0.0,1
Junagadh,2003,0.0,800,28,70,50,30,6.5,0.5,20,50,0.0,1
Junagadh,2004,0.0,800,28,70,50,30,6.5,0.5,20,50,0.0,1
Junagadh,2005,0.0,800,28,70,50,30,6.5,0.5,20,50,0.0,1
Junagadh,2006,0.0,800,28,70,50,30,6.5,0.5,20,50,0.0,1
Junagadh,2007,0.0,800,28,70,50,30,6.5,0.5,20,50,0.0,1
Junagadh,2008,0.0,800,28,70,50,30,6.5,0.5,20,50,0.0,1
Junagadh,2009,0.0,800,28,70,50,30,6.5,0.5,20,50,0.0,1
Junagadh,2010,0.0,800,28,70,50,30,6.5,0.5,20,50,0.0,1
Junagadh,2011,2.5,800,28,70,50,30,6.5,0.5,20,50,0.0,1
Junagadh,2012,0.0,800,28,70,50,30,6.5,0.5,20,50,2.5,1
Junagadh,2013,0.0,800,28,70,50,30,6.5,0.5,20,50,0.0,1
Junagadh,2014,0.0,800,28,70,50,30,6.5,0.5,20,50,0.0,1
Junagadh,2015,0.0,800,28,70,50,30,6.5,0.5,20,50,0.0,1
Junagadh,2016,0.0,800,28,70,50,30,6.5,0.5,20,50,0.0,1
Junagadh,2017,0.0,800,28,70,50,30,6.5,0.5,20,50,0.0,1
Kheda,1990,1.97036,800,28,70,50,30,6.5,0.5,20,50,0.0,1
Kheda,1991,1.50098,800,28,70,50,30,6.5,0.5,20,50,1.97036,1
Kheda,1992,1.65556,800,28,70,50,30,6.5,0.5,20,50,1.50098,1
Kheda,1993,1.75015,800,28,70,50,30,6.5,0.5,20,50,1.65556,1
Kheda,1994,1.4881,800,28,70,50,30,6.5,0.5,20,50,1.75015,1
Kheda,1995,1.90904,800,28,70,50,30,6.5,0.5,20,50,1.4881,1
Kheda,1996,1.663,800,28,70,50,30,6.5,0.5,20,50,1.90904,1
Kheda,1997,1.81305,800,28,70,50,30,6.5,0.5,20,50,1.663,1
Kheda,1998,2.02752,800,28,70,50,30,6.5,0.5,20,50,1.81305,1
Kheda,1999,1.9413099999999999,800,28,70,50,30,6.5,0.5,20,50,2.02752,1
Kheda,2000,0.59011,800,28,70,50,30,6.5,0.5,20,50,1.9413099999999999,1
Kheda,2001,1.625,800,28,70,50,30,6.5,0.5,20,50,0.59011,1
Kheda,2002,1.3269000000000002,800,28,70,50,30,6.5,0.5,20,50,1.625,1
Kheda,2003,2.00117,800,28,70,50,30,6.5,0.5,20,50,1.3269000000000002,1
Kheda,2004,2.23102,800,28,70,50,30,6.5,0.5,20,50,2.00117,1
Kheda,2005,2.3488200000000004,800,28,70,50,30,6.5,0.5,20,50,2.23102,1
Kheda,2006,1.86353,800,28,70,50,30,6.5,0.5,20,50,2.3488200000000004,1
Kheda,2007,2.39193,800,28,70,50,30,6.5,0.5,20,50,1.86353,1
Kheda,2008,2.0541799999999997,800,28,70,50,30,6.5,0.5,20,50,2.39193,1
Kheda,2009,2.4418699999999998,800,28,70,50,30,6.5,0.5,20,50,2.0541799999999997,1
Kheda,2010,2.28081,800,28,70,50,30,6.5,0.5,20,50,2.4418699999999998,1
Kheda,2011,2.24193,800,28,70,50,30,6.5,0.5,20,50,2.28081,1
Kheda,2012,2.4743600000000003,800,28,70,50,30,6.5,0.5,20,50,2.24193,1
Kheda,2013,2.4774000000000003,800,28,70,50,30,6.5,0.5,20,50,2.4743600000000003,1
Kheda,2014,2.6451700000000002,800,28,70,50,30,6.5,0.5,20,50,2.4774000000000003,1
Kheda,2015,2.6219099999999997,800,28,70,50,30,6.5,0.5,20,50,2.6451700000000002,1
Kheda,2016,2.64759,800,28,70,50,30,6.5,0.5,20,50,2.6219099999999997,1
Kheda,2017,2.59481,800,28,70,50,30,6.5,0.5,20,50,2.64759,1
Kutch,1990,0.0,800,28,70,50,30,6.5,0.5,20,50,2.59481,1
Kutch,1991,0.0,800,28,70,50,30,6.5,0.5,20,50,0.0,1
Kutch,1992,0.0,800,28,70,50,30,6.5,0.5,20,50,0.0,1
Kutch,1993,0.0,800,28,70,50,30,6.5,0.5,20,50,0.0,1
Kutch,1994,0.0,800,28,70,50,30,6.5,0.5,20,50,0.0,1
Kutch,1995,0.0,800,28,70,50,30,6.5,0.5,20,50,0.0,1
Kutch,1996,0.0,800,28,70,50,30,6.5,0.5,20,50,0.0,1
Kutch,1997,0.0,800,28,70,50,30,6.5,0.5,20,50,0.0,1
Kutch,1998,0.0,800,28,70,50,30,6.5,0.5,20,50,0.0,1
Kutch,1999,0.0,800,28,70,50,30,6.5,0.5,20,50,0.0,1
Kutch,2000,0.0,800,28,70,50,30,6.5,0.5,20,50,0.0,1
Kutch,2001,0.0,800,28,70,50,30,6.5,0.5,20,50,0.0,1
Kutch,2002,0.0,800,28,70,50,30,6.5,0.5,20,50,0.0,1
Kutch,2003,0.0,800,28,70,50,30,6.5,0.5,20,50,0.0,1
Kutch,2004,0.0,800,28,70,50,30,6.5,0.5,20,50,0.0,1
Kutch,2005,0.0,800,28,70,50,30,6.5,0.5,20,50,0.0,1
Kutch,2006,0.0,800,28,70,50,30,6.5,0.5,20,50,0.0,1
Kutch,2007,0.0,800,28,70,50,30,6.5,0.5,20,50,0.0,1
Kutch,2008,0.0,800,28,70,50,30,6.5,0.5,20,50,0.0,1
Kutch,2009,0.0,800,28,70,50,30,6.5,0.5,20,50,0.0,1
Kutch,2010,0.0,800,28,70,50,30,6.5,0.5,20,50,0.0,1
Kutch,2011,0.0,800,28,70,50,30,6.5,0.5,20,50,0.0,1
Kutch,2012,0.0,800,28,70,50,30,6.5,0.5,20,50,0.0,1
Kutch,2013,0.0,800,28,70,50,30,6.5,0.5,20,50,0.0,1
Kutch,2014,0.0,800,28,70,50,30,6.5,0.5,20,50,0.0,1
Kutch,2015,0.0,800,28,70,50,30,6.5,0.5,20,50,0.0,1
Kutch,2016,0.0,800,28,70,50,30,6.5,0.5,20,50,0.0,1
Kutch,2017,0.0,800,28,70,50,30,6.5,0.5,20,50,0.0,1
Mehsana,1990,2.14731,800,28,70,50,30,6.5,0.5,20,50,0.0,1
Mehsana,1991,0.99091,800,28,70,50,30,6.5,0.5,20,50,2.14731,1
Mehsana,1992,1.44959,800,28,70,50,30,6.5,0.5,20,50,0.99091,1
Mehsana,1993,1.437,800,28,70,50,30,6.5,0.5,20,50,1.44959,1
Mehsana,1994,2.26762,800,28,70,50,30,6.5,0.5,20,50,1.437,1
Mehsana,1995,1.8523900000000002,800,28,70,50,30,6.5,0.5,20,50,2.26762,1
Mehsana,1996,1.23622,800,28,70,50,30,6.5,0.5,20,50,1.8523900000000002,1
Mehsana,1997,2.06329,800,28,70,50,30,6.5,0.5,20,50,1.23622,1
Mehsana,1998,2.2069099999999997,800,28,70,50,30,6.5,0.5,20,50,2.06329,1
Mehsana,1999,1.81683,800,28,70,50,30,6.5,0.5,20,50,2.2069099999999997,1
Mehsana,2000,1.38677,800,28,70,50,30,6.5,0.5,20,50,1.81683,1
Mehsana,2001,2.07057,800,28,70,50,30,6.5,0.5,20,50,1.38677,1
Mehsana,2002,1.64494,800,28,70,50,30,6.5,0.5,20,50,2.07057,1
Mehsana,2003,1.9196600000000001,800,28,70,50,30,6.5,0.5,20,50,1.64494,1
Mehsana,2004,2.3033699999999997,800,28,70,50,30,6.5,0.5,20,50,1.9196600000000001,1
Mehsana,2005,2.4573,800,28,70,50,30,6.5,0.5,20,50,2.3033699999999997,1
Mehsana,2006,2.20024,800,28,70,50,30,6.5,0.5,20,50,2.4573,1
Mehsana,2007,2.4355100000000003,800,28,70,50,30,6.5,0.5,20,50,2.20024,1
Mehsana,2008,2.0747199999999997,800,28,70,50,30,6.5,0.5,20,50,2.4355100000000003,1
Mehsana,2009,2.35179,800,28,70,50,30,6.5,0.5,20,50,2.0747199999999997,1
Mehsana,2010,2.20386,800,28,70,50,30,6.5,0.5,20,50,2.35179,1
Mehsana,2011,1.99167,800,28,70,50,30,6.5,0.5,20,50,2.20386,1
Mehsana,2012,2.3001799999999997,800,28,70,50,30,6.5,0.5,20,50,1.99167,1
Mehsana,2013,2.16491,800,28,70,50,30,6.5,0.5,20,50,2.3001799999999997,1
Mehsana,2014,2.5255799999999997,800,28,70,50,30,6.5,0.5,20,50,2.16491,1
Mehsana,2015,2.27173,800,28,70,50,30,6.5,0.5,20,50,2.5255799999999997,1
Mehsana,2016,1.8790799999999999,800,28,70,50,30,6.5,0.5,20,50,2.27173,1
Mehsana,2017,2.03004,800,28,70,50,30,6.5,0.5,20,50,1.8790799999999999,1
Panchmahal,1990,0.76225,800,28,70,50,30,6.5,0.5,20,50,2.03004,1
Panchmahal,1991,0.24226,800,28,70,50,30,6.5,0.5,20,50,0.76225,1
Panchmahal,1992,0.59361,800,28,70,50,30,6.5,0.5,20,50,0.24226,1
Panchmahal,1993,0.41224,800,28,70,50,30,6.5,0.5,20,50,0.59361,1
Panchmahal,1994,0.9481499999999999,800,28,70,50,30,6.5,0.5,20,50,0.41224,1
Panchmahal,1995,0.61813,800,28,70,50,30,6.5,0.5,20,50,0.9481499999999999,1
Panchmahal,1996,0.82589,800,28,70,50,30,6.5,0.5,20,50,0.61813,1
Panchmahal,1997,1.19228,800,28,70,50,30,6.5,0.5,20,50,0.82589,1
Panchmahal,1998,1.17314,800,28,70,50,30,6.5,0.5,20,50,1.19228,1
Panchmahal,1999,0.23609,800,28,70,50,30,6.5,0.5,20,50,1.17314,1
Panchmahal,2000,0.0655,800,28,70,50,30,6.5,0.5,20,50,0.23609,1
Panchmahal,2001,0.20833000000000002,800,28,70,50,30,6.5,0.5,20,50,0.0655,1
Panchmahal,2002,0.31172000000000005,800,28,70,50,30,6.5,0.5,20,50,0.20833000000000002,1
Panchmahal,2003,1.18503,800,28,70,50,30,6.5,0.5,20,50,0.31172000000000005,1
Panchmahal,2004,0.77155,800,28,70,50,30,6.5,0.5,20,50,1.18503,1
Panchmahal,2005,0.87138,800,28,70,50,30,6.5,0.5,20,50,0.77155,1
Panchmahal,2006,0.7696900000000001,800,28,70,50,30,6.5,0.5,20,50,0.87138,1
Panchmahal,2007,1.04163,800,28,70,50,30,6.5,0.5,20,50,0.7696900000000001,1
Panchmahal,2008,0.71521,800,28,70,50,30,6.5,0.5,20,50,1.04163,1
Panchmahal,2009,0.41931999999999997,800,28,70,50,30,6.5,0.5,20,50,0.71521,1
Panchmahal,2010,0.8716,800,28,70,50,30,6.5,0.5,20,50,0.41931999999999997,1
Panchmahal,2011,1.14918,800,28,70,50,30,6.5,0.5,20,50,0.8716,1
Panchmahal,2012,1.56596,800,28,70,50,30,6.5,0.5,20,50,1.14918,1
Panchmahal,2013,1.3232599999999999,800,28,70,50,30,6.5,0.5,20,50,1.56596,1
Panchmahal,2014,0.96205,800,28,70,50,30,6.5,0.5,20,50,1.3232599999999999,1
Panchmahal,2015,0.88567,800,28,70,50,30,6.5,0.5,20,50,0.96205,1
Panchmahal,2016,1.20735,800,28,70,50,30,6.5,0.5,20,50,0.88567,1
Panchmahal,2017,1.1263599999999998,800,28,70,50,30,6.5,0.5,20,50,1.20735,1
Rajkot,1990,0.0,800,28,70,50,30,6.5,0.5,20,50,1.1263599999999998,1
Rajkot,1991,0.0,800,28,70,50,30,6.5,0.5,20,50,0.0,1
Rajkot,1992,0.0,800,28,70,50,30,6.5,0.5,20,50,0.0,1
Rajkot,1993,0.0,800,28,70,50,30,6.5,0.5,20,50,0.0,1
Rajkot,1994,0.0,800,28,70,50,30,6.5,0.5,20,50,0.0,1
Rajkot,1995,0.0,800,28,70,50,30,6.5,0.5,20,50,0.0,1
Rajkot,1996,0.0,800,28,70,50,30,6.5,0.5,20,50,0.0,1
Rajkot,1997,0.0,800,28,70,50,30,6.5,0.5,20,50,0.0,1
Rajkot,1998,0.0,800,28,70,50,30,6.5,0.5,20,50,0.0,1
Rajkot,1999,0.0,800,28,70,50,30,6.5,0.5,20,50,0.0,1
Rajkot,2000,0.0,800,28,70,50,30,6.5,0.5,20,50,0.0,1
Rajkot,2001,0.0,800,28,70,50,30,6.5,0.5,20,50,0.0,1
Rajkot,2002,0.0,800,28,70,50,30,6.5,0.5,20,50,0.0,1
Rajkot,2003,0.0,800,28,70,50,30,6.5,0.5,20,50,0.0,1
Rajkot,2004,0.0,800,28,70,50,30,6.5,0.5,20,50,0.0,1
Rajkot,2005,0.0,800,28,70,50,30,6.5,0.5,20,50,0.0,1
Rajkot,2006,0.0,800,28,70,50,30,6.5,0.5,20,50,0.0,1
Rajkot,2007,0.0,800,28,70,50,30,6.5,0.5,20,50,0.0,1
Rajkot,2008,0.0,800,28,70,50,30,6.5,0.5,20,50,0.0,1
Rajkot,2009,0.0,800,28,70,50,30,6.5,0.5,20,50,0.0,1
Rajkot,2010,0.0,800,28,70,50,30,6.5,0.5,20,50,0.0,1
Rajkot,2011,0.0,800,28,70,50,30,6.5,0.5,20,50,0.0,1
Rajkot,2012,0.0,800,28,70,50,30,6.5,0.5,20,50,0.0,1
Rajkot,2013,0.0,800,28,70,50,30,6.5,0.5,20,50,0.0,1
Rajkot,2014,0.0,800,28,70,50,30,6.5,0.5,20,50,0.0,1
Rajkot,2015,0.0,800,28,70,50,30,6.5,0.5,20,50,0.0,1
Rajkot,2016,0.0,800,28,70,50,30,6.5,0.5,20,50,0.0,1
Rajkot,2017,0.0,800,28,70,50,30,6.5,0.5,20,50,0.0,1
Sabarkantha,1990,1.53801,800,28,70,50,30,6.5,0.5,20,50,0.0,1
Sabarkantha,1991,0.68528,800,28,70,50,30,6.5,0.5,20,50,1.53801,1
Sabarkantha,1992,0.9797,800,28,70,50,30,6.5,0.5,20,50,0.68528,1
Sabarkantha,1993,1.08257,800,28,70,50,30,6.5,0.5,20,50,0.9797,1
Sabarkantha,1994,1.76923,800,28,70,50,30,6.5,0.5,20,50,1.08257,1
Sabarkantha,1995,1.3731900000000001,800,28,70,50,30,6.5,0.5,20,50,1.76923,1
Sabarkantha,1996,1.57091,800,28,70,50,30,6.5,0.5,20,50,1.3731900000000001,1
Sabarkantha,1997,1.9493699999999998,800,28,70,50,30,6.5,0.5,20,50,1.57091,1
Sabarkantha,1998,1.75974,800,28,70,50,30,6.5,0.5,20,50,1.9493699999999998,1
Sabarkantha,1999,1.59589,800,28,70,50,30,6.5,0.5,20,50,1.75974,1
Sabarkantha,2000,0.90498,800,28,70,50,30,6.5,0.5,20,50,1.59589,1
Sabarkantha,2001,1.49767,800,28,70,50,30,6.5,0.5,20,50,0.90498,1
Sabarkantha,2002,1.28859,800,28,70,50,30,6.5,0.5,20,50,1.49767,1
Sabarkantha,2003,1.67692,800,28,70,50,30,6.5,0.5,20,50,1.28859,1
Sabarkantha,2004,1.73196,800,28,70,50,30,6.5,0.5,20,50,1.67692,1
Sabarkantha,2005,2.41379,800,28,70,50,30,6.5,0.5,20,50,1.73196,1
Sabarkantha,2006,1.79012,800,28,70,50,30,6.5,0.5,20,50,2.41379,1
Sabarkantha,2007,2.17476,800,28,70,50,30,6.5,0.5,20,50,1.79012,1
Sabarkantha,2008,1.82178,800,28,70,50,30,6.5,0.5,20,50,2.17476,1
Sabarkantha,2009,2.44776,800,28,70,50,30,6.5,0.5,20,50,1.82178,1
Sabarkantha,2010,2.14286,800,28,70,50,30,6.5,0.5,20,50,2.44776,1
Sabarkantha,2011,2.37313,800,28,70,50,30,6.5,0.5,20,50,2.14286,1
Sabarkantha,2012,2.21622,800,28,70,50,30,6.5,0.5,20,50,2.37313,1
Sabarkantha,2013,2.11905,800,28,70,50,30,6.5,0.5,20,50,2.21622,1
Sabarkantha,2014,1.72326,800,28,70,50,30,6.5,0.5,20,50,2.11905,1
Sabarkantha,2015,2.67865,800,28,70,50,30,6.5,0.5,20,50,1.72326,1
Sabarkantha,2016,2.75613,800,28,70,50,30,6.5,0.5,20,50,2.67865,1
Sabarkantha,2017,3.4489699999999996,800,28,70,50,30,6.5,0.5,20,50,2.75613,1
Surat,1990,1.94191,800,28,70,50,30,6.5,0.5,20,50,3.4489699999999996,1
Surat,1991,1.9674500000000001,800,28,70,50,30,6.5,0.5,20,50,1.94191,1
Surat,1992,2.0643200000000004,800,28,70,50,30,6.5,0.5,20,50,1.9674500000000001,1
Surat,1993,1.85147,800,28,70,50,30,6.5,0.5,20,50,2.0643200000000004,1
Surat,1994,1.83333,800,28,70,50,30,6.5,0.5,20,50,1.85147,1
Surat,1995,2.26204,800,28,70,50,30,6.5,0.5,20,50,1.83333,1
Surat,1996,2.37647,800,28,70,50,30,6.5,0.5,20,50,2.26204,1
Surat,1997,1.88127,800,28,70,50,30,6.5,0.5,20,50,2.37647,1
Surat,1998,2.38223,800,28,70,50,30,6.5,0.5,20,50,1.88127,1
Surat,1999,2.01431,800,28,70,50,30,6.5,0.5,20,50,2.38223,1
Surat,2000,1.71058,800,28,70,50,30,6.5,0.5,20,50,2.01431,1
Surat,2001,2.0142,800,28,70,50,30,6.5,0.5,20,50,1.71058,1
Surat,2002,2.3256300000000003,800,28,70,50,30,6.5,0.5,20,50,2.0142,1
Surat,2003,1.935,800,28,70,50,30,6.5,0.5,20,50,2.3256300000000003,1
Surat,2004,1.82381,800,28,70,50,30,6.5,0.5,20,50,1.935,1
Surat,2005,1.9708299999999999,800,28,70,50,30,6.5,0.5,20,50,1.82381,1
Surat,2006,2.04118,800,28,70,50,30,6.5,0.5,20,50,1.9708299999999999,1
Surat,2007,1.99774,800,28,70,50,30,6.5,0.5,20,50,2.04118,1
Surat,2008,2.08571,800,28,70,50,30,6.5,0.5,20,50,1.99774,1
Surat,2009,2.21232,800,28,70,50,30,6.5,0.5,20,50,2.08571,1
Surat,2010,2.21344,800,28,70,50,30,6.5,0.5,20,50,2.21232,1
Surat,2011,2.46205,800,28,70,50,30,6.5,0.5,20,50,2.21344,1
Surat,2012,2.44806,800,28,70,50,30,6.5,0.5,20,50,2.46205,1
Surat,2013,2.43211,800,28,70,50,30,6.5,0.5,20,50,2.44806,1
Surat,2014,2.3979899999999996,800,28,70,50,30,6.5,0.5,20,50,2.43211,1
Surat,2015,2.1818899999999997,800,28,70,50,30,6.5,0.5,20,50,2.3979899999999996,1
Surat,2016,2.59874,800,28,70,50,30,6.5,0.5,20,50,2.1818899999999997,1
Surat,2017,2.5893200000000003,800,28,70,50,30,6.5,0.5,20,50,2.59874,1
Surendranagar,1990,2.0,800,28,70,50,30,6.5,0.5,20,50,2.5893200000000003,1
Surendranagar,1991,1.6,800,28,70,50,30,6.5,0.5,20,50,2.0,1
Surendranagar,1992,2.0,800,28,70,50,30,6.5,0.5,20,50,1.6,1
Surendranagar,1993,2.0,800,28,70,50,30,6.5,0.5,20,50,2.0,1
Surendranagar,1994,2.0,800,28,70,50,30,6.5,0.5,20,50,2.0,1
Surendranagar,1995,1.875,800,28,70,50,30,6.5,0.5,20,50,2.0,1
Surendranagar,1996,1.75,800,28,70,50,30,6.5,0.5,20,50,1.875,1
Surendranagar,1997,1.85714,800,28,70,50,30,6.5,0.5,20,50,1.75,1
Surendranagar,1998,2.0,800,28,70,50,30,6.5,0.5,20,50,1.85714,1
Surendranagar,1999,1.875,800,28,70,50,30,6.5,0.5,20,50,2.0,1
Surendranagar,2000,1.0,800,28,70,50,30,6.5,0.5,20,50,1.875,1
Surendranagar,2001,1.2857100000000001,800,28,70,50,30,6.5,0.5,20,50,1.0,1
Surendranagar,2002,1.4,800,28,70,50,30,6.5,0.5,20,50,1.2857100000000001,1
Surendranagar,2003,1.5,800,28,70,50,30,6.5,0.5,20,50,1.4,1
Surendranagar,2004,0.0,800,28,70,50,30,6.5,0.5,20,50,1.5,1
Surendranagar,2005,2.2,800,28,70,50,30,6.5,0.5,20,50,0.0,1
Surendranagar,2006,1.8,800,28,70,50,30,6.5,0.5,20,50,2.2,1
Surendranagar,2007,1.875,800,28,70,50,30,6.5,0.5,20,50,1.8,1
Surendranagar,2008,1.1111099999999998,800,28,70,50,30,6.5,0.5,20,50,1.875,1
Surendranagar,2009,1.0,800,28,70,50,30,6.5,0.5,20,50,1.1111099999999998,1
Surendranagar,2010,0.0,800,28,70,50,30,6.5,0.5,20,50,1.0,1
Surendranagar,2011,2.4,800,28,70,50,30,6.5,0.5,20,50,0.0,1
Surendranagar,2012,2.0,800,28,70,50,30,6.5,0.5,20,50,2.4,1
Surendranagar,2013,1.56522,800,28,70,50,30,6.5,0.5,20,50,2.0,1
Surendranagar,2014,0.0,800,28,70,50,30,6.5,0.5,20,50,1.56522,1
Surendranagar,2015,2.51515,800,28,70,50,30,6.5,0.5,20,50,0.0,1
Surendranagar,2016,2.59677,800,28,70,50,30,6.5,0.5,20,50,2.51515,1
Surendranagar,2017,1.85377,800,28,70,50,30,6.5,0.5,20,50,2.59677,1
Ajmer,1990,1.25,800,28,70,50,30,6.5,0.5,20,50,1.85377,1
Ajmer,1991,0.8,800,28,70,50,30,6.5,0.5,20,50,1.25,1
Ajmer,1992,1.23077,800,28,70,50,30,6.5,0.5,20,50,0.8,1
Ajmer,1993,1.0,800,28,70,50,30,6.5,0.5,20,50,1.23077,1
Ajmer,1994,2.0,800,28,70,50,30,6.5,0.5,20,50,1.0,1
Ajmer,1995,0.83333,800,28,70,50,30,6.5,0.5,20,50,2.0,1
Ajmer,1996,1.2,800,28,70,50,30,6.5,0.5,20,50,0.83333,1
Ajmer,1997,1.16667,800,28,70,50,30,6.5,0.5,20,50,1.2,1
Ajmer,1998,1.0,800,28,70,50,30,6.5,0.5,20,50,1.16667,1
Ajmer,1999,1.2857100000000001,800,28,70,50,30,6.5,0.5,20,50,1.0,1
Ajmer,2000,1.0,800,28,70,50,30,6.5,0.5,20,50,1.2857100000000001,1
Ajmer,2001,1.2,800,28,70,50,30,6.5,0.5,20,50,1.0,1
Ajmer,2002,0.0,800,28,70,50,30,6.5,0.5,20,50,1.2,1
Ajmer,2003,1.33333,800,28,70,50,30,6.5,0.5,20,50,0.0,1
Ajmer,2004,1.5,800,28,70,50,30,6.5,0.5,20,50,1.33333,1
Ajmer,2005,2.0,800,28,70,50,30,6.5,0.5,20,50,1.5,1
Ajmer,2006,1.0,800,28,70,50,30,6.5,0.5,20,50,2.0,1
Ajmer,2007,1.0,800,28,70,50,30,6.5,0.5,20,50,1.0,1
Ajmer,2008,0.0,800,28,70,50,30,6.5,0.5,20,50,1.0,1
Ajmer,2009,1.0,800,28,70,50,30,6.5,0.5,20,50,0.0,1
Ajmer,2010,2.0,800,28,70,50,30,6.5,0.5,20,50,1.0,1
Ajmer,2011,2.0,800,28,70,50,30,6.5,0.5,20,50,2.0,1
Ajmer,2012,1.0,800,28,70,50,30,6.5,0.5,20,50,2.0,1
Ajmer,2013,1.0,800,28,70,50,30,6.5,0.5,20,50,1.0,1
Ajmer,2014,2.0,800,28,70,50,30,6.5,0.5,20,50,1.0,1
Ajmer,2015,0.0,800,28,70,50,30,6.5,0.5,20,50,2.0,1
Ajmer,2016,2.28571,800,28,70,50,30,6.5,0.5,20,50,0.0,1
Ajmer,2017,2.33333,800,28,70,50,30,6.5,0.5,20,50,2.28571,1
Alwar,1990,1.25,800,28,70,50,30,6.5,0.5,20,50,2.33333,1
Alwar,1991,1.0,800,28,70,50,30,6.5,0.5,20,50,1.25,1
Alwar,1992,1.16667,800,28,70,50,30,6.5,0.5,20,50,1.0,1
Alwar,1993,1.0,800,28,70,50,30,6.5,0.5,20,50,1.16667,1
Alwar,1994,1.9473699999999998,800,28,70,50,30,6.5,0.5,20,50,1.0,1
Alwar,1995,0.83333,800,28,70,50,30,6.5,0.5,20,50,1.9473699999999998,1
Alwar,1996,1.16667,800,28,70,50,30,6.5,0.5,20,50,0.83333,1
Alwar,1997,1.1538499999999998,800,28,70,50,30,6.5,0.5,20,50,1.16667,1
Alwar,1998,1.23684,800,28,70,50,30,6.5,0.5,20,50,1.1538499999999998,1
Alwar,1999,1.2459,800,28,70,50,30,6.5,0.5,20,50,1.23684,1
Alwar,2000,0.925,800,28,70,50,30,6.5,0.5,20,50,1.2459,1
Alwar,2001,1.25926,800,28,70,50,30,6.5,0.5,20,50,0.925,1
Alwar,2002,0.8,800,28,70,50,30,6.5,0.5,20,50,1.25926,1
Alwar,2003,1.625,800,28,70,50,30,6.5,0.5,20,50,0.8,1
Alwar,2004,1.5,800,28,70,50,30,6.5,0.5,20,50,1.625,1
Alwar,2005,1.46154,800,28,70,50,30,6.5,0.5,20,50,1.5,1
Alwar,2006,1.53846,800,28,70,50,30,6.5,0.5,20,50,1.46154,1
Alwar,2007,2.0,800,28,70,50,30,6.5,0.5,20,50,1.53846,1
Alwar,2008,1.77778,800,28,70,50,30,6.5,0.5,20,50,2.0,1
Alwar,2009,1.48571,800,28,70,50,30,6.5,0.5,20,50,1.77778,1
Alwar,2010,2.02632,800,28,70,50,30,6.5,0.5,20,50,1.48571,1
Alwar,2011,1.86842,800,28,70,50,30,6.5,0.5,20,50,2.02632,1
Alwar,2012,1.75949,800,28,70,50,30,6.5,0.5,20,50,1.86842,1
Alwar,2013,2.15,800,28,70,50,30,6.5,0.5,20,50,1.75949,1
Alwar,2014,2.2,800,28,70,50,30,6.5,0.5,20,50,2.15,1
Alwar,2015,2.0,800,28,70,50,30,6.5,0.5,20,50,2.2,1
Alwar,2016,2.2894699999999997,800,28,70,50,30,6.5,0.5,20,50,2.0,1
Alwar,2017,2.36709,800,28,70,50,30,6.5,0.5,20,50,2.2894699999999997,1
Banswara,1990,0.64461,800,28,70,50,30,6.5,0.5,20,50,2.36709,1
Banswara,1991,0.61227,800,28,70,50,30,6.5,0.5,20,50,0.64461,1
Banswara,1992,0.96935,800,28,70,50,30,6.5,0.5,20,50,0.61227,1
Banswara,1993,0.80887,800,28,70,50,30,6.5,0.5,20,50,0.96935,1
Banswara,1994,0.6396799999999999,800,28,70,50,30,6.5,0.5,20,50,0.80887,1
Banswara,1995,0.35706,800,28,70,50,30,6.5,0.5,20,50,0.6396799999999999,1
Banswara,1996,0.82259,800,28,70,50,30,6.5,0.5,20,50,0.35706,1
Banswara,1997,0.9455,800,28,70,50,30,6.5,0.5,20,50,0.82259,1
Banswara,1998,1.0486600000000001,800,28,70,50,30,6.5,0.5,20,50,0.9455,1
Banswara,1999,0.6612899999999999,800,28,70,50,30,6.5,0.5,20,50,1.0486600000000001,1
Banswara,2000,0.05888,800,28,70,50,30,6.5,0.5,20,50,0.6612899999999999,1
Banswara,2001,0.34352999999999995,800,28,70,50,30,6.5,0.5,20,50,0.05888,1
Banswara,2002,0.29838,800,28,70,50,30,6.5,0.5,20,50,0.34352999999999995,1
Banswara,2003,0.8296,800,28,70,50,30,6.5,0.5,20,50,0.29838,1
Banswara,2004,0.65937,800,28,70,50,30,6.5,0.5,20,50,0.8296,1
Banswara,2005,0.65612,800,28,70,50,30,6.5,0.5,20,50,0.65937,1
Banswara,2006,0.56421,800,28,70,50,30,6.5,0.5,20,50,0.65612,1
Banswara,2007,1.3023699999999998,800,28,70,50,30,6.5,0.5,20,50,0.56421,1
Banswara,2008,0.41499,800,28,70,50,30,6.5,0.5,20,50,1.3023699999999998,1
Banswara,2009,0.4254,800,28,70,50,30,6.5,0.5,20,50,0.41499,1
Banswara,2010,0.67337,800,28,70,50,30,6.5,0.5,20,50,0.4254,1
Banswara,2011,1.2976500000000002,800,28,70,50,30,6.5,0.5,20,50,0.67337,1
Banswara,2012,1.07185,800,28,70,50,30,6.5,0.5,20,50,1.2976500000000002,1
Banswara,2013,0.98268,800,28,70,50,30,6.5,0.5,20,50,1.07185,1
Banswara,2014,0.65708,800,28,70,50,30,6.5,0.5,20,50,0.98268,1
Banswara,2015,0.5207200000000001,800,28,70,50,30,6.5,0.5,20,50,0.65708,1
Banswara,2016,1.0554700000000001,800,28,70,50,30,6.5,0.5,20,50,0.5207200000000001,1
Banswara,2017,1.0225,800,28,70,50,30,6.5,0.5,20,50,1.0554700000000001,1
Barmer,1990,0.0,800,28,70,50,30,6.5,0.5,20,50,1.0225,1
Barmer,1991,0.0,800,28,70,50,30,6.5,0.5,20,50,0.0,1
Barmer,1992,0.0,800,28,70,50,30,6.5,0.5,20,50,0.0,1
Barmer,1993,0.0,800,28,70,50,30,6.5,0.5,20,50,0.0,1
Barmer,1994,0.0,800,28,70,50,30,6.5,0.5,20,50,0.0,1
Barmer,1995,0.0,800,28,70,50,30,6.5,0.5,20,50,0.0,1
Barmer,1996,0.0,800,28,70,50,30,6.5,0.5,20,50,0.0,1
Barmer,1997,0.0,800,28,70,50,30,6.5,0.5,20,50,0.0,1
Barmer,1998,0.0,800,28,70,50,30,6.5,0.5,20,50,0.0,1
Barmer,1999,0.0,800,28,70,50,30,6.5,0.5,20,50,0.0,1
Barmer,2000,0.0,800,28,70,50,30,6.5,0.5,20,50,0.0,1
Barmer,2001,0.0,800,28,70,50,30,6.5,0.5,20,50,0.0,1
Barmer,2002,0.0,800,28,70,50,30,6.5,0.5,20,50,0.0,1
Barmer,2003,0.0,800,28,70,50,30,6.5,0.5,20,50,0.0,1
Barmer,2004,0.0,800,28,70,50,30,6.5,0.5,20,50,0.0,1
Barmer,2005,0.0,800,28,70,50,30,6.5,0.5,20,50,0.0,1
Barmer,2006,0.0,800,28,70,50,30,6.5,0.5,20,50,0.0,1
Barmer,2007,0.0,800,28,70,50,30,6.5,0.5,20,50,0.0,1
Barmer,2008,0.0,800,28,70,50,30,6.5,0.5,20,50,0.0,1
Barmer,2009,0.0,800,28,70,50,30,6.5,0.5,20,50,0.0,1
Barmer,2010,0.0,800,28,70,50,30,6.5,0.5,20,50,0.0,1
Barmer,2011,0.0,800,28,70,50,30,6.5,0.5,20,50,0.0,1
Barmer,2012,0.0,800,28,70,50,30,6.5,0.5,20,50,0.0,1
Barmer,2013,0.0,800,28,70,50,30,6.5,0.5,20,50,0.0,1
Barmer,2014,0.0,800,28,70,50,30,6.5,0.5,20,50,0.0,1
Barmer,2015,0.0,800,28,70,50,30,6.5,0.5,20,50,0.0,1
Barmer,2016,0.0,800,28,70,50,30,6.5,0.5,20,50,0.0,1
Barmer,2017,0.0,800,28,70,50,30,6.5,0.5,20,50,0.0,1
Bharatpur,1990,1.5081300000000002,800,28,70,50,30,6.5,0.5,20,50,0.0,1
Bharatpur,1991,1.57143,800,28,70,50,30,6.5,0.5,20,50,1.5081300000000002,1
Bharatpur,1992,1.95833,800,28,70,50,30,6.5,0.5,20,50,1.57143,1
Bharatpur,1993,1.10606,800,28,70,50,30,6.5,0.5,20,50,1.95833,1
Bharatpur,1994,1.5315999999999999,800,28,70,50,30,6.5,0.5,20,50,1.10606,1
Bharatpur,1995,0.47454,800,28,70,50,30,6.5,0.5,20,50,1.5315999999999999,1
Bharatpur,1996,1.13293,800,28,70,50,30,6.5,0.5,20,50,0.47454,1
Bharatpur,1997,1.05593,800,28,70,50,30,6.5,0.5,20,50,1.13293,1
Bharatpur,1998,1.18608,800,28,70,50,30,6.5,0.5,20,50,1.05593,1
Bharatpur,1999,1.54942,800,28,70,50,30,6.5,0.5,20,50,1.18608,1
Bharatpur,2000,1.15691,800,28,70,50,30,6.5,0.5,20,50,1.54942,1
Bharatpur,2001,1.30065,800,28,70,50,30,6.5,0.5,20,50,1.15691,1
Bharatpur,2002,0.7387400000000001,800,28,70,50,30,6.5,0.5,20,50,1.30065,1
Bharatpur,2003,1.31915,800,28,70,50,30,6.5,0.5,20,50,0.7387400000000001,1
Bharatpur,2004,1.085,800,28,70,50,30,6.5,0.5,20,50,1.31915,1
Bharatpur,2005,2.038,800,28,70,50,30,6.5,0.5,20,50,1.085,1
Bharatpur,2006,1.0493,800,28,70,50,30,6.5,0.5,20,50,2.038,1
Bharatpur,2007,1.80172,800,28,70,50,30,6.5,0.5,20,50,1.0493,1
Bharatpur,2008,1.33684,800,28,70,50,30,6.5,0.5,20,50,1.80172,1
Bharatpur,2009,1.70492,800,28,70,50,30,6.5,0.5,20,50,1.33684,1
Bharatpur,2010,2.01802,800,28,70,50,30,6.5,0.5,20,50,1.70492,1
Bharatpur,2011,2.38014,800,28,70,50,30,6.5,0.5,20,50,2.01802,1
Bharatpur,2012,1.95973,800,28,70,50,30,6.5,0.5,20,50,2.38014,1
Bharatpur,2013,2.00424,800,28,70,50,30,6.5,0.5,20,50,1.95973,1
Bharatpur,2014,2.19318,800,28,70,50,30,6.5,0.5,20,50,2.00424,1
Bharatpur,2015,2.29119,800,28,70,50,30,6.5,0.5,20,50,2.19318,1
Bharatpur,2016,2.28362,800,28,70,50,30,6.5,0.5,20,50,2.29119,1
Bharatpur,2017,2.2091,800,28,70,50,30,6.5,0.5,20,50,2.28362,1
Bhilwara,1990,1.0,800,28,70,50,30,6.5,0.5,20,50,2.2091,1
Bhilwara,1991,0.0,800,28,70,50,30,6.5,0.5,20,50,1.0,1
Bhilwara,1992,1.0,800,28,70,50,30,6.5,0.5,20,50,0.0,1
Bhilwara,1993,1.0,800,28,70,50,30,6.5,0.5,20,50,1.0,1
Bhilwara,1994,2.16667,800,28,70,50,30,6.5,0.5,20,50,1.0,1
Bhilwara,1995,0.88889,800,28,70,50,30,6.5,0.5,20,50,2.16667,1
Bhilwara,1996,1.16667,800,28,70,50,30,6.5,0.5,20,50,0.88889,1
Bhilwara,1997,1.1875,800,28,70,50,30,6.5,0.5,20,50,1.16667,1
Bhilwara,1998,1.20588,800,28,70,50,30,6.5,0.5,20,50,1.1875,1
Bhilwara,1999,1.2561,800,28,70,50,30,6.5,0.5,20,50,1.20588,1
Bhilwara,2000,0.93548,800,28,70,50,30,6.5,0.5,20,50,1.2561,1
Bhilwara,2001,1.23077,800,28,70,50,30,6.5,0.5,20,50,0.93548,1
Bhilwara,2002,0.83333,800,28,70,50,30,6.5,0.5,20,50,1.23077,1
Bhilwara,2003,1.63158,800,28,70,50,30,6.5,0.5,20,50,0.83333,1
Bhilwara,2004,1.5,800,28,70,50,30,6.5,0.5,20,50,1.63158,1
Bhilwara,2005,1.44828,800,28,70,50,30,6.5,0.5,20,50,1.5,1
Bhilwara,2006,1.57143,800,28,70,50,30,6.5,0.5,20,50,1.44828,1
Bhilwara,2007,2.0,800,28,70,50,30,6.5,0.5,20,50,1.57143,1
Bhilwara,2008,1.7857100000000001,800,28,70,50,30,6.5,0.5,20,50,2.0,1
Bhilwara,2009,1.51163,800,28,70,50,30,6.5,0.5,20,50,1.7857100000000001,1
Bhilwara,2010,2.02564,800,28,70,50,30,6.5,0.5,20,50,1.51163,1
Bhilwara,2011,1.86486,800,28,70,50,30,6.5,0.5,20,50,2.02564,1
Bhilwara,2012,1.73077,800,28,70,50,30,6.5,0.5,20,50,1.86486,1
Bhilwara,2013,2.1724099999999997,800,28,70,50,30,6.5,0.5,20,50,1.73077,1
Bhilwara,2014,2.19608,800,28,70,50,30,6.5,0.5,20,50,2.1724099999999997,1
Bhilwara,2015,2.0,800,28,70,50,30,6.5,0.5,20,50,2.19608,1
Bhilwara,2016,2.28932,800,28,70,50,30,6.5,0.5,20,50,2.0,1
Bhilwara,2017,2.36632,800,28,70,50,30,6.5,0.5,20,50,2.28932,1
Bikaner,1990,1.0,800,28,70,50,30,6.5,0.5,20,50,2.36632,1
Bikaner,1991,0.0,800,28,70,50,30,6.5,0.5,20,50,1.0,1
Bikaner,1992,0.0,800,28,70,50,30,6.5,0.5,20,50,0.0,1
Bikaner,1993,1.0,800,28,70,50,30,6.5,0.5,20,50,0.0,1
Bikaner,1994,2.0,800,28,70,50,30,6.5,0.5,20,50,1.0,1
Bikaner,1995,0.0,800,28,70,50,30,6.5,0.5,20,50,2.0,1
Bikaner,1996,0.0,800,28,70,50,30,6.5,0.5,20,50,0.0,1
Bikaner,1997,0.0,800,28,70,50,30,6.5,0.5,20,50,0.0,1
Bikaner,1998,0.0,800,28,70,50,30,6.5,0.5,20,50,0.0,1
Bikaner,1999,1.33333,800,28,70,50,30,6.5,0.5,20,50,0.0,1
Bikaner,2000,1.0,800,28,70,50,30,6.5,0.5,20,50,1.33333,1
Bikaner,2001,0.0,800,28,70,50,30,6.5,0.5,20,50,1.0,1
Bikaner,2002,0.0,800,28,70,50,30,6.5,0.5,20,50,0.0,1
Bikaner,2003,2.0,800,28,70,50,30,6.5,0.5,20,50,0.0,1
Bikaner,2004,1.5,800,28,70,50,30,6.5,0.5,20,50,2.0,1
Bikaner,2005,1.5,800,28,70,50,30,6.5,0.5,20,50,1.5,1
Bikaner,2006,1.0,800,28,70,50,30,6.5,0.5,20,50,1.5,1
Bikaner,2007,0.0,800,28,70,50,30,6.5,0.5,20,50,1.0,1
Bikaner,2008,1.77778,800,28,70,50,30,6.5,0.5,20,50,0.0,1
Bikaner,2009,1.66667,800,28,70,50,30,6.5,0.5,20,50,1.77778,1
Bikaner,2010,2.0,800,28,70,50,30,6.5,0.5,20,50,1.66667,1
Bikaner,2011,2.0,800,28,70,50,30,6.5,0.5,20,50,2.0,1
Bikaner,2012,1.66667,800,28,70,50,30,6.5,0.5,20,50,2.0,1
Bikaner,2013,2.0,800,28,70,50,30,6.5,0.5,20,50,1.66667,1
Bikaner,2014,2.0,800,28,70,50,30,6.5,0.5,20,50,2.0,1
Bikaner,2015,1.5,800,28,70,50,30,6.5,0.5,20,50,2.0,1
Bikaner,2016,2.25,800,28,70,50,30,6.5,0.5,20,50,1.5,1
Bikaner,2017,0.0,800,28,70,50,30,6.5,0.5,20,50,2.25,1
Bundi,1990,1.69128,800,28,70,50,30,6.5,0.5,20,50,0.0,1
Bundi,1991,1.5608499999999998,800,28,70,50,30,6.5,0.5,20,50,1.69128,1
Bundi,1992,1.58483,800,28,70,50,30,6.5,0.5,20,50,1.5608499999999998,1
Bundi,1993,1.51393,800,28,70,50,30,6.5,0.5,20,50,1.58483,1
Bundi,1994,1.30622,800,28,70,50,30,6.5,0.5,20,50,1.51393,1
Bundi,1995,1.4129,800,28,70,50,30,6.5,0.5,20,50,1.30622,1
Bundi,1996,1.55433,800,28,70,50,30,6.5,0.5,20,50,1.4129,1
Bundi,1997,1.3709200000000001,800,28,70,50,30,6.5,0.5,20,50,1.55433,1
Bundi,1998,1.32375,800,28,70,50,30,6.5,0.5,20,50,1.3709200000000001,1
Bundi,1999,1.31853,800,28,70,50,30,6.5,0.5,20,50,1.32375,1
Bundi,2000,0.78592,800,28,70,50,30,6.5,0.5,20,50,1.31853,1
Bundi,2001,1.06075,800,28,70,50,30,6.5,0.5,20,50,0.78592,1
Bundi,2002,0.42873,800,28,70,50,30,6.5,0.5,20,50,1.06075,1
Bundi,2003,1.9838699999999998,800,28,70,50,30,6.5,0.5,20,50,0.42873,1
Bundi,2004,1.85124,800,28,70,50,30,6.5,0.5,20,50,1.9838699999999998,1
Bundi,2005,1.42093,800,28,70,50,30,6.5,0.5,20,50,1.85124,1
Bundi,2006,1.72081,800,28,70,50,30,6.5,0.5,20,50,1.42093,1
Bundi,2007,2.33058,800,28,70,50,30,6.5,0.5,20,50,1.72081,1
Bundi,2008,1.8498599999999998,800,28,70,50,30,6.5,0.5,20,50,2.33058,1
Bundi,2009,0.8675,800,28,70,50,30,6.5,0.5,20,50,1.8498599999999998,1
Bundi,2010,1.87642,800,28,70,50,30,6.5,0.5,20,50,0.8675,1
Bundi,2011,1.6318599999999999,800,28,70,50,30,6.5,0.5,20,50,1.87642,1
Bundi,2012,1.9772100000000001,800,28,70,50,30,6.5,0.5,20,50,1.6318599999999999,1
Bundi,2013,2.44147,800,28,70,50,30,6.5,0.5,20,50,1.9772100000000001,1
Bundi,2014,2.22084,800,28,70,50,30,6.5,0.5,20,50,2.44147,1
Bundi,2015,2.2283000000000004,800,28,70,50,30,6.5,0.5,20,50,2.22084,1
Bundi,2016,2.67273,800,28,70,50,30,6.5,0.5,20,50,2.2283000000000004,1
Bundi,2017,2.83155,800,28,70,50,30,6.5,0.5,20,50,2.67273,1
Chittorgarh,1990,0.97778,800,28,70,50,30,6.5,0.5,20,50,2.83155,1
Chittorgarh,1991,0.36735,800,28,70,50,30,6.5,0.5,20,50,0.97778,1
Chittorgarh,1992,0.7214299999999999,800,28,70,50,30,6.5,0.5,20,50,0.36735,1
Chittorgarh,1993,0.5204099999999999,800,28,70,50,30,6.5,0.5,20,50,0.7214299999999999,1
Chittorgarh,1994,2.00746,800,28,70,50,30,6.5,0.5,20,50,0.5204099999999999,1
Chittorgarh,1995,0.8425900000000001,800,28,70,50,30,6.5,0.5,20,50,2.00746,1
Chittorgarh,1996,1.18519,800,28,70,50,30,6.5,0.5,20,50,0.8425900000000001,1
Chittorgarh,1997,1.16505,800,28,70,50,30,6.5,0.5,20,50,1.18519,1
Chittorgarh,1998,1.216,800,28,70,50,30,6.5,0.5,20,50,1.16505,1
Chittorgarh,1999,1.2616800000000001,800,28,70,50,30,6.5,0.5,20,50,1.216,1
Chittorgarh,2000,0.93023,800,28,70,50,30,6.5,0.5,20,50,1.2616800000000001,1
Chittorgarh,2001,1.24658,800,28,70,50,30,6.5,0.5,20,50,0.93023,1
Chittorgarh,2002,0.80822,800,28,70,50,30,6.5,0.5,20,50,1.24658,1
Chittorgarh,2003,1.64103,800,28,70,50,30,6.5,0.5,20,50,0.80822,1
Chittorgarh,2004,1.47887,800,28,70,50,30,6.5,0.5,20,50,1.64103,1
Chittorgarh,2005,1.4697,800,28,70,50,30,6.5,0.5,20,50,1.47887,1
Chittorgarh,2006,1.57377,800,28,70,50,30,6.5,0.5,20,50,1.4697,1
Chittorgarh,2007,2.0348800000000002,800,28,70,50,30,6.5,0.5,20,50,1.57377,1
Chittorgarh,2008,1.8106099999999998,800,28,70,50,30,6.5,0.5,20,50,2.0348800000000002,1
Chittorgarh,2009,1.51056,800,28,70,50,30,6.5,0.5,20,50,1.8106099999999998,1
Chittorgarh,2010,2.01819,800,28,70,50,30,6.5,0.5,20,50,1.51056,1
Chittorgarh,2011,1.88279,800,28,70,50,30,6.5,0.5,20,50,2.01819,1
Chittorgarh,2012,1.76185,800,28,70,50,30,6.5,0.5,20,50,1.88279,1
Chittorgarh,2013,2.13393,800,28,70,50,30,6.5,0.5,20,50,1.76185,1
Chittorgarh,2014,2.17802,800,28,70,50,30,6.5,0.5,20,50,2.13393,1
Chittorgarh,2015,2.01579,800,28,70,50,30,6.5,0.5,20,50,2.17802,1
Chittorgarh,2016,1.59023,800,28,70,50,30,6.5,0.5,20,50,2.01579,1
Chittorgarh,2017,2.3141700000000003,800,28,70,50,30,6.5,0.5,20,50,1.59023,1
Churu,1990,0.0,800,28,70,50,30,6.5,0.5,20,50,2.3141700000000003,1
Churu,1991,0.0,800,28,70,50,30,6.5,0.5,20,50,0.0,1
Churu,1992,0.0,800,28,70,50,30,6.5,0.5,20,50,0.0,1
Churu,1993,0.0,800,28,70,50,30,6.5,0.5,20,50,0.0,1
Churu,1994,0.0,800,28,70,50,30,6.5,0.5,20,50,0.0,1
Churu,1995,0.0,800,28,70,50,30,6.5,0.5,20,50,0.0,1
Churu,1996,0.0,800,28,70,50,30,6.5,0.5,20,50,0.0,1
Churu,1997,0.0,800,28,70,50,30,6.5,0.5,20,50,0.0,1
Churu,1998,0.0,800,28,70,50,30,6.5,0.5,20,50,0.0,1
Churu,1999,0.0,800,28,70,50,30,6.5,0.5,20,50,0.0,1
Churu,2000,0.0,800,28,70,50,30,6.5,0.5,20,50,0.0,1
Churu,2001,0.0,800,28,70,50,30,6.5,0.5,20,50,0.0,1
Churu,2002,0.0,800,28,70,50,30,6.5,0.5,20,50,0.0,1
Churu,2003,0.0,800,28,70,50,30,6.5,0.5,20,50,0.0,1
Churu,2004,0.0,800,28,70,50,30,6.5,0.5,20,50,0.0,1
Churu,2005,0.0,800,28,70,50,30,6.5,0.5,20,50,0.0,1
Churu,2006,0.0,800,28,70,50,30,6.5,0.5,20,50,0.0,1
Churu,2007,0.0,800,28,70,50,30,6.5,0.5,20,50,0.0,1
Churu,2008,0.0,800,28,70,50,30,6.5,0.5,20,50,0.0,1
Churu,2009,0.0,800,28,70,50,30,6.5,0.5,20,50,0.0,1
Churu,2010,0.0,800,28,70,50,30,6.5,0.5,20,50,0.0,1
Churu,2011,0.0,800,28,70,50,30,6.5,0.5,20,50,0.0,1
Churu,2012,0.0,800,28,70,50,30,6.5,0.5,20,50,0.0,1
Churu,2013,0.0,800,28,70,50,30,6.5,0.5,20,50,0.0,1
Churu,2014,0.0,800,28,70,50,30,6.5,0.5,20,50,0.0,1
Churu,2015,0.0,800,28,70,50,30,6.5,0.5,20,50,0.0,1
Churu,2016,0.0,800,28,70,50,30,6.5,0.5,20,50,0.0,1
Churu,2017,0.0,800,28,70,50,30,6.5,0.5,20,50,0.0,1
Dungarpur,1990,1.12347,800,28,70,50,30,6.5,0.5,20,50,0.0,1
Dungarpur,1991,0.35016,800,28,70,50,30,6.5,0.5,20,50,1.12347,1
Dungarpur,1992,0.6171,800,28,70,50,30,6.5,0.5,20,50,0.35016,1
Dungarpur,1993,0.5789500000000001,800,28,70,50,30,6.5,0.5,20,50,0.6171,1
Dungarpur,1994,0.98958,800,28,70,50,30,6.5,0.5,20,50,0.5789500000000001,1
Dungarpur,1995,0.39884,800,28,70,50,30,6.5,0.5,20,50,0.98958,1
Dungarpur,1996,0.92737,800,28,70,50,30,6.5,0.5,20,50,0.39884,1
Dungarpur,1997,1.0944800000000001,800,28,70,50,30,6.5,0.5,20,50,0.92737,1
Dungarpur,1998,0.45698,800,28,70,50,30,6.5,0.5,20,50,1.0944800000000001,1
Dungarpur,1999,0.27233999999999997,800,28,70,50,30,6.5,0.5,20,50,0.45698,1
Dungarpur,2000,0.09908,800,28,70,50,30,6.5,0.5,20,50,0.27233999999999997,1
Dungarpur,2001,0.41399,800,28,70,50,30,6.5,0.5,20,50,0.09908,1
Dungarpur,2002,0.16588,800,28,70,50,30,6.5,0.5,20,50,0.41399,1
Dungarpur,2003,1.04898,800,28,70,50,30,6.5,0.5,20,50,0.16588,1
Dungarpur,2004,0.80596,800,28,70,50,30,6.5,0.5,20,50,1.04898,1
Dungarpur,2005,0.33044,800,28,70,50,30,6.5,0.5,20,50,0.80596,1
Dungarpur,2006,0.669,800,28,70,50,30,6.5,0.5,20,50,0.33044,1
Dungarpur,2007,1.30887,800,28,70,50,30,6.5,0.5,20,50,0.669,1
Dungarpur,2008,0.22169999999999998,800,28,70,50,30,6.5,0.5,20,50,1.30887,1
Dungarpur,2009,0.36246,800,28,70,50,30,6.5,0.5,20,50,0.22169999999999998,1
Dungarpur,2010,0.65987,800,28,70,50,30,6.5,0.5,20,50,0.36246,1
Dungarpur,2011,0.77758,800,28,70,50,30,6.5,0.5,20,50,0.65987,1
Dungarpur,2012,0.94501,800,28,70,50,30,6.5,0.5,20,50,0.77758,1
Dungarpur,2013,1.09611,800,28,70,50,30,6.5,0.5,20,50,0.94501,1
Dungarpur,2014,0.6968799999999999,800,28,70,50,30,6.5,0.5,20,50,1.09611,1
Dungarpur,2015,0.67359,800,28,70,50,30,6.5,0.5,20,50,0.6968799999999999,1
Dungarpur,2016,1.26854,800,28,70,50,30,6.5,0.5,20,50,0.67359,1
Dungarpur,2017,1.14947,800,28,70,50,30,6.5,0.5,20,50,1.26854,1
Ganganagar,1990,2.41313,800,28,70,50,30,6.5,0.5,20,50,1.14947,1
Ganganagar,1991,2.63185,800,28,70,50,30,6.5,0.5,20,50,2.41313,1
Ganganagar,1992,2.6779699999999997,800,28,70,50,30,6.5,0.5,20,50,2.63185,1
Ganganagar,1993,0.38292000000000004,800,28,70,50,30,6.5,0.5,20,50,2.6779699999999997,1
Ganganagar,1994,2.04454,800,28,70,50,30,6.5,0.5,20,50,0.38292000000000004,1
Ganganagar,1995,2.2426999999999997,800,28,70,50,30,6.5,0.5,20,50,2.04454,1
Ganganagar,1996,2.32352,800,28,70,50,30,6.5,0.5,20,50,2.2426999999999997,1
Ganganagar,1997,1.52054,800,28,70,50,30,6.5,0.5,20,50,2.32352,1
Ganganagar,1998,1.85153,800,28,70,50,30,6.5,0.5,20,50,1.52054,1
Ganganagar,1999,2.3647600000000004,800,28,70,50,30,6.5,0.5,20,50,1.85153,1
Ganganagar,2000,2.48754,800,28,70,50,30,6.5,0.5,20,50,2.3647600000000004,1
Ganganagar,2001,2.9591999999999996,800,28,70,50,30,6.5,0.5,20,50,2.48754,1
Ganganagar,2002,1.77468,800,28,70,50,30,6.5,0.5,20,50,2.9591999999999996,1
Ganganagar,2003,3.11192,800,28,70,50,30,6.5,0.5,20,50,1.77468,1
Ganganagar,2004,3.5257899999999998,800,28,70,50,30,6.5,0.5,20,50,3.11192,1
Ganganagar,2005,3.53196,800,28,70,50,30,6.5,0.5,20,50,3.5257899999999998,1
Ganganagar,2006,4.4168,800,28,70,50,30,6.5,0.5,20,50,3.53196,1
Ganganagar,2007,4.109430000000001,800,28,70,50,30,6.5,0.5,20,50,4.4168,1
Ganganagar,2008,3.41292,800,28,70,50,30,6.5,0.5,20,50,4.109430000000001,1
Ganganagar,2009,3.22858,800,28,70,50,30,6.5,0.5,20,50,3.41292,1
Ganganagar,2010,3.5761399999999997,800,28,70,50,30,6.5,0.5,20,50,3.22858,1
Ganganagar,2011,3.1657100000000002,800,28,70,50,30,6.5,0.5,20,50,3.5761399999999997,1
Ganganagar,2012,2.7466399999999997,800,28,70,50,30,6.5,0.5,20,50,3.1657100000000002,1
Ganganagar,2013,3.80081,800,28,70,50,30,6.5,0.5,20,50,2.7466399999999997,1
Ganganagar,2014,3.52917,800,28,70,50,30,6.5,0.5,20,50,3.80081,1
Ganganagar,2015,2.89891,800,28,70,50,30,6.5,0.5,20,50,3.52917,1
Ganganagar,2016,2.90867,800,28,70,50,30,6.5,0.5,20,50,2.89891,1
Ganganagar,2017,3.0174000000000003,800,28,70,50,30,6.5,0.5,20,50,2.90867,1
Jaipur,1990,1.0,800,28,70,50,30,6.5,0.5,20,50,3.0174000000000003,1
Jaipur,1991,0.0,800,28,70,50,30,6.5,0.5,20,50,1.0,1
Jaipur,1992,2.0,800,28,70,50,30,6.5,0.5,20,50,0.0,1
Jaipur,1993,1.0,800,28,70,50,30,6.5,0.5,20,50,2.0,1
Jaipur,1994,3.0,800,28,70,50,30,6.5,0.5,20,50,1.0,1
Jaipur,1995,1.0,800,28,70,50,30,6.5,0.5,20,50,3.0,1
Jaipur,1996,1.16667,800,28,70,50,30,6.5,0.5,20,50,1.0,1
Jaipur,1997,1.0,800,28,70,50,30,6.5,0.5,20,50,1.16667,1
Jaipur,1998,2.0,800,28,70,50,30,6.5,0.5,20,50,1.0,1
Jaipur,1999,1.2857100000000001,800,28,70,50,30,6.5,0.5,20,50,2.0,1
Jaipur,2000,1.0,800,28,70,50,30,6.5,0.5,20,50,1.2857100000000001,1
Jaipur,2001,1.0,800,28,70,50,30,6.5,0.5,20,50,1.0,1
Jaipur,2002,0.0,800,28,70,50,30,6.5,0.5,20,50,1.0,1
Jaipur,2003,0.0,800,28,70,50,30,6.5,0.5,20,50,0.0,1
Jaipur,2004,0.0,800,28,70,50,30,6.5,0.5,20,50,0.0,1
Jaipur,2005,0.0,800,28,70,50,30,6.5,0.5,20,50,0.0,1
Jaipur,2006,0.0,800,28,70,50,30,6.5,0.5,20,50,0.0,1
Jaipur,2007,0.0,800,28,70,50,30,6.5,0.5,20,50,0.0,1
Jaipur,2008,0.0,800,28,70,50,30,6.5,0.5,20,50,0.0,1
Jaipur,2009,0.0,800,28,70,50,30,6.5,0.5,20,50,0.0,1
Jaipur,2010,0.0,800,28,70,50,30,6.5,0.5,20,50,0.0,1
Jaipur,2011,0.0,800,28,70,50,30,6.5,0.5,20,50,0.0,1
Jaipur,2012,0.0,800,28,70,50,30,6.5,0.5,20,50,0.0,1
Jaipur,2013,0.0,800,28,70,50,30,6.5,0.5,20,50,0.0,1
Jaipur,2014,0.0,800,28,70,50,30,6.5,0.5,20,50,0.0,1
Jaipur,2015,0.0,800,28,70,50,30,6.5,0.5,20,50,0.0,1
Jaipur,2016,0.0,800,28,70,50,30,6.5,0.5,20,50,0.0,1
Jaipur,2017,0.0,800,28,70,50,30,6.5,0.5,20,50,0.0,1
Jaisalmer,1990,0.0,800,28,70,50,30,6.5,0.5,20,50,0.0,1
Jaisalmer,1991,0.0,800,28,70,50,30,6.5,0.5,20,50,0.0,1
Jaisalmer,1992,0.0,800,28,70,50,30,6.5,0.5,20,50,0.0,1
Jaisalmer,1993,0.0,800,28,70,50,30,6.5,0.5,20,50,0.0,1
Jaisalmer,1994,0.0,800,28,70,50,30,6.5,0.5,20,50,0.0,1
Jaisalmer,1995,0.0,800,28,70,50,30,6.5,0.5,20,50,0.0,1
Jaisalmer,1996,0.0,800,28,70,50,30,6.5,0.5,20,50,0.0,1
Jaisalmer,1997,0.0,800,28,70,50,30,6.5,0.5,20,50,0.0,1
Jaisalmer,1998,0.0,800,28,70,50,30,6.5,0.5,20,50,0.0,1
Jaisalmer,1999,0.0,800,28,70,50,30,6.5,0.5,20,50,0.0,1
Jaisalmer,2000,0.0,800,28,70,50,30,6.5,0.5,20,50,0.0,1
Jaisalmer,2001,0.0,800,28,70,50,30,6.5,0.5,20,50,0.0,1
Jaisalmer,2002,0.0,800,28,70,50,30,6.5,0.5,20,50,0.0,1
Jaisalmer,2003,0.0,800,28,70,50,30,6.5,0.5,20,50,0.0,1
Jaisalmer,2004,0.0,800,28,70,50,30,6.5,0.5,20,50,0.0,1
Jaisalmer,2005,0.0,800,28,70,50,30,6.5,0.5,20,50,0.0,1
Jaisalmer,2006,0.0,800,28,70,50,30,6.5,0.5,20,50,0.0,1
Jaisalmer,2007,0.0,800,28,70,50,30,6.5,0.5,20,50,0.0,1
Jaisalmer,2008,0.0,800,28,70,50,30,6.5,0.5,20,50,0.0,1
Jaisalmer,2009,0.0,800,28,70,50,30,6.5,0.5,20,50,0.0,1
Jaisalmer,2010,0.0,800,28,70,50,30,6.5,0.5,20,50,0.0,1
Jaisalmer,2011,0.0,800,28,70,50,30,6.5,0.5,20,50,0.0,1
Jaisalmer,2012,0.0,800,28,70,50,30,6.5,0.5,20,50,0.0,1
Jaisalmer,2013,0.0,800,28,70,50,30,6.5,0.5,20,50,0.0,1
Jaisalmer,2014,0.0,800,28,70,50,30,6.5,0.5,20,50,0.0,1
Jaisalmer,2015,0.0,800,28,70,50,30,6.5,0.5,20,50,0.0,1
Jaisalmer,2016,0.0,800,28,70,50,30,6.5,0.5,20,50,0.0,1
Jaisalmer,2017,0.0,800,28,70,50,30,6.5,0.5,20,50,0.0,1
Jalore,1990,0.0,800,28,70,50,30,6.5,0.5,20,50,0.0,1
Jalore,1991,0.0,800,28,70,50,30,6.5,0.5,20,50,0.0,1
Jalore,1992,0.0,800,28,70,50,30,6.5,0.5,20,50,0.0,1
Jalore,1993,0.0,800,28,70,50,30,6.5,0.5,20,50,0.0,1
Jalore,1994,0.0,800,28,70,50,30,6.5,0.5,20,50,0.0,1
Jalore,1995,0.0,800,28,70,50,30,6.5,0.5,20,50,0.0,1
Jalore,1996,0.0,800,28,70,50,30,6.5,0.5,20,50,0.0,1
Jalore,1997,0.0,800,28,70,50,30,6.5,0.5,20,50,0.0,1
Jalore,1998,0.0,800,28,70,50,30,6.5,0.5,20,50,0.0,1
Jalore,1999,0.0,800,28,70,50,30,6.5,0.5,20,50,0.0,1
Jalore,2000,0.0,800,28,70,50,30,6.5,0.5,20,50,0.0,1
Jalore,2001,0.0,800,28,70,50,30,6.5,0.5,20,50,0.0,1
Jalore,2002,0.0,800,28,70,50,30,6.5,0.5,20,50,0.0,1
Jalore,2003,0.0,800,28,70,50,30,6.5,0.5,20,50,0.0,1
Jalore,2004,0.0,800,28,70,50,30,6.5,0.5,20,50,0.0,1
Jalore,2005,0.0,800,28,70,50,30,6.5,0.5,20,50,0.0,1
Jalore,2006,0.0,800,28,70,50,30,6.5,0.5,20,50,0.0,1
Jalore,2007,0.0,800,28,70,50,30,6.5,0.5,20,50,0.0,1
Jalore,2008,0.0,800,28,70,50,30,6.5,0.5,20,50,0.0,1
Jalore,2009,0.0,800,28,70,50,30,6.5,0.5,20,50,0.0,1
Jalore,2010,0.0,800,28,70,50,30,6.5,0.5,20,50,0.0,1
Jalore,2011,0.0,800,28,70,50,30,6.5,0.5,20,50,0.0,1
Jalore,2012,0.0,800,28,70,50,30,6.5,0.5,20,50,0.0,1
Jalore,2013,0.0,800,28,70,50,30,6.5,0.5,20,50,0.0,1
Jalore,2014,0.0,800,28,70,50,30,6.5,0.5,20,50,0.0,1
Jalore,2015,0.0,800,28,70,50,30,6.5,0.5,20,50,0.0,1
Jalore,2016,0.0,800,28,70,50,30,6.5,0.5,20,50,0.0,1
Jalore,2017,0.0,800,28,70,50,30,6.5,0.5,20,50,0.0,1
Jhalawar,1990,1.1935499999999999,800,28,70,50,30,6.5,0.5,20,50,0.0,1
Jhalawar,1991,0.83333,800,28,70,50,30,6.5,0.5,20,50,1.1935499999999999,1
Jhalawar,1992,1.25,800,28,70,50,30,6.5,0.5,20,50,0.83333,1
Jhalawar,1993,1.04167,800,28,70,50,30,6.5,0.5,20,50,1.25,1
Jhalawar,1994,2.0,800,28,70,50,30,6.5,0.5,20,50,1.04167,1
Jhalawar,1995,0.82609,800,28,70,50,30,6.5,0.5,20,50,2.0,1
Jhalawar,1996,1.18519,800,28,70,50,30,6.5,0.5,20,50,0.82609,1
Jhalawar,1997,1.16129,800,28,70,50,30,6.5,0.5,20,50,1.18519,1
Jhalawar,1998,1.2142899999999999,800,28,70,50,30,6.5,0.5,20,50,1.16129,1
Jhalawar,1999,1.25,800,28,70,50,30,6.5,0.5,20,50,1.2142899999999999,1
Jhalawar,2000,0.95652,800,28,70,50,30,6.5,0.5,20,50,1.25,1
Jhalawar,2001,1.27273,800,28,70,50,30,6.5,0.5,20,50,0.95652,1
Jhalawar,2002,0.8055599999999999,800,28,70,50,30,6.5,0.5,20,50,1.27273,1
Jhalawar,2003,0.0,800,28,70,50,30,6.5,0.5,20,50,0.8055599999999999,1
Jhalawar,2004,1.4666700000000001,800,28,70,50,30,6.5,0.5,20,50,0.0,1
Jhalawar,2005,1.47222,800,28,70,50,30,6.5,0.5,20,50,1.4666700000000001,1
Jhalawar,2006,1.58333,800,28,70,50,30,6.5,0.5,20,50,1.47222,1
Jhalawar,2007,2.02542,800,28,70,50,30,6.5,0.5,20,50,1.58333,1
Jhalawar,2008,1.80357,800,28,70,50,30,6.5,0.5,20,50,2.02542,1
Jhalawar,2009,1.5125,800,28,70,50,30,6.5,0.5,20,50,1.80357,1
Jhalawar,2010,2.55895,800,28,70,50,30,6.5,0.5,20,50,1.5125,1
Jhalawar,2011,4.10112,800,28,70,50,30,6.5,0.5,20,50,2.55895,1
Jhalawar,2012,1.76543,800,28,70,50,30,6.5,0.5,20,50,4.10112,1
Jhalawar,2013,2.14563,800,28,70,50,30,6.5,0.5,20,50,1.76543,1
Jhalawar,2014,2.18576,800,28,70,50,30,6.5,0.5,20,50,2.14563,1
Jhalawar,2015,2.02147,800,28,70,50,30,6.5,0.5,20,50,2.18576,1
Jhalawar,2016,1.8187200000000001,800,28,70,50,30,6.5,0.5,20,50,2.02147,1
Jhalawar,2017,2.88481,800,28,70,50,30,6.5,0.5,20,50,1.8187200000000001,1
Jhunjhunu,1990,0.0,800,28,70,50,30,6.5,0.5,20,50,2.88481,1
Jhunjhunu,1991,0.0,800,28,70,50,30,6.5,0.5,20,50,0.0,1
Jhunjhunu,1992,0.0,800,28,70,50,30,6.5,0.5,20,50,0.0,1
Jhunjhunu,1993,0.0,800,28,70,50,30,6.5,0.5,20,50,0.0,1
Jhunjhunu,1994,0.0,800,28,70,50,30,6.5,0.5,20,50,0.0,1
Jhunjhunu,1995,0.0,800,28,70,50,30,6.5,0.5,20,50,0.0,1
Jhunjhunu,1996,0.0,800,28,70,50,30,6.5,0.5,20,50,0.0,1
Jhunjhunu,1997,0.0,800,28,70,50,30,6.5,0.5,20,50,0.0,1
Jhunjhunu,1998,0.0,800,28,70,50,30,6.5,0.5,20,50,0.0,1
Jhunjhunu,1999,0.0,800,28,70,50,30,6.5,0.5,20,50,0.0,1
Jhunjhunu,2000,0.0,800,28,70,50,30,6.5,0.5,20,50,0.0,1
Jhunjhunu,2001,0.0,800,28,70,50,30,6.5,0.5,20,50,0.0,1
Jhunjhunu,2002,0.0,800,28,70,50,30,6.5,0.5,20,50,0.0,1
Jhunjhunu,2003,1.6521700000000001,800,28,70,50,30,6.5,0.5,20,50,0.0,1
Jhunjhunu,2004,0.0,800,28,70,50,30,6.5,0.5,20,50,1.6521700000000001,1
Jhunjhunu,2005,0.0,800,28,70,50,30,6.5,0.5,20,50,0.0,1
Jhunjhunu,2006,0.0,800,28,70,50,30,6.5,0.5,20,50,0.0,1
Jhunjhunu,2007,0.0,800,28,70,50,30,6.5,0.5,20,50,0.0,1
Jhunjhunu,2008,0.0,800,28,70,50,30,6.5,0.5,20,50,0.0,1
Jhunjhunu,2009,0.0,800,28,70,50,30,6.5,0.5,20,50,0.0,1
Jhunjhunu,2010,0.0,800,28,70,50,30,6.5,0.5,20,50,0.0,1
Jhunjhunu,2011,0.0,800,28,70,50,30,6.5,0.5,20,50,0.0,1
Jhunjhunu,2012,0.0,800,28,70,50,30,6.5,0.5,20,50,0.0,1
Jhunjhunu,2013,0.0,800,28,70,50,30,6.5,0.5,20,50,0.0,1
Jhunjhunu,2014,0.0,800,28,70,50,30,6.5,0.5,20,50,0.0,1
Jhunjhunu,2015,0.0,800,28,70,50,30,6.5,0.5,20,50,0.0,1
Jhunjhunu,2016,0.0,800,28,70,50,30,6.5,0.5,20,50,0.0,1
Jhunjhunu,2017,0.0,800,28,70,50,30,6.5,0.5,20,50,0.0,1
Jodhpur,1990,0.0,800,28,70,50,30,6.5,0.5,20,50,0.0,1
Jodhpur,1991,0.0,800,28,70,50,30,6.5,0.5,20,50,0.0,1
Jodhpur,1992,0.0,800,28,70,50,30,6.5,0.5,20,50,0.0,1
Jodhpur,1993,0.0,800,28,70,50,30,6.5,0.5,20,50,0.0,1
Jodhpur,1994,0.0,800,28,70,50,30,6.5,0.5,20,50,0.0,1
Jodhpur,1995,0.0,800,28,70,50,30,6.5,0.5,20,50,0.0,1
Jodhpur,1996,0.0,800,28,70,50,30,6.5,0.5,20,50,0.0,1
Jodhpur,1997,0.0,800,28,70,50,30,6.5,0.5,20,50,0.0,1
Jodhpur,1998,0.0,800,28,70,50,30,6.5,0.5,20,50,0.0,1
Jodhpur,1999,1.0,800,28,70,50,30,6.5,0.5,20,50,0.0,1
Jodhpur,2000,0.0,800,28,70,50,30,6.5,0.5,20,50,1.0,1
Jodhpur,2001,0.0,800,28,70,50,30,6.5,0.5,20,50,0.0,1
Jodhpur,2002,0.0,800,28,70,50,30,6.5,0.5,20,50,0.0,1
Jodhpur,2003,0.0,800,28,70,50,30,6.5,0.5,20,50,0.0,1
Jodhpur,2004,0.0,800,28,70,50,30,6.5,0.5,20,50,0.0,1
Jodhpur,2005,0.0,800,28,70,50,30,6.5,0.5,20,50,0.0,1
Jodhpur,2006,0.0,800,28,70,50,30,6.5,0.5,20,50,0.0,1
Jodhpur,2007,0.0,800,28,70,50,30,6.5,0.5,20,50,0.0,1
Jodhpur,2008,0.0,800,28,70,50,30,6.5,0.5,20,50,0.0,1
Jodhpur,2009,0.0,800,28,70,50,30,6.5,0.5,20,50,0.0,1
Jodhpur,2010,0.0,800,28,70,50,30,6.5,0.5,20,50,0.0,1
Jodhpur,2011,0.0,800,28,70,50,30,6.5,0.5,20,50,0.0,1
Jodhpur,2012,0.0,800,28,70,50,30,6.5,0.5,20,50,0.0,1
Jodhpur,2013,0.0,800,28,70,50,30,6.5,0.5,20,50,0.0,1
Jodhpur,2014,0.0,800,28,70,50,30,6.5,0.5,20,50,0.0,1
Jodhpur,2015,0.0,800,28,70,50,30,6.5,0.5,20,50,0.0,1
Jodhpur,2016,0.0,800,28,70,50,30,6.5,0.5,20,50,0.0,1
Jodhpur,2017,0.0,800,28,70,50,30,6.5,0.5,20,50,0.0,1
Kota,1990,1.0104199999999999,800,28,70,50,30,6.5,0.5,20,50,0.0,1
Kota,1991,1.3038699999999999,800,28,70,50,30,6.5,0.5,20,50,1.0104199999999999,1
Kota,1992,1.75496,800,28,70,50,30,6.5,0.5,20,50,1.3038699999999999,1
Kota,1993,1.74434,800,28,70,50,30,6.5,0.5,20,50,1.75496,1
Kota,1994,1.52561,800,28,70,50,30,6.5,0.5,20,50,1.74434,1
Kota,1995,1.00928,800,28,70,50,30,6.5,0.5,20,50,1.52561,1
Kota,1996,1.30316,800,28,70,50,30,6.5,0.5,20,50,1.00928,1
Kota,1997,1.3894000000000002,800,28,70,50,30,6.5,0.5,20,50,1.30316,1
Kota,1998,1.34369,800,28,70,50,30,6.5,0.5,20,50,1.3894000000000002,1
Kota,1999,1.3105799999999999,800,28,70,50,30,6.5,0.5,20,50,1.34369,1
Kota,2000,1.02237,800,28,70,50,30,6.5,0.5,20,50,1.3105799999999999,1
Kota,2001,1.70837,800,28,70,50,30,6.5,0.5,20,50,1.02237,1
Kota,2002,1.0917000000000001,800,28,70,50,30,6.5,0.5,20,50,1.70837,1
Kota,2003,1.75969,800,28,70,50,30,6.5,0.5,20,50,1.0917000000000001,1
Kota,2004,2.22965,800,28,70,50,30,6.5,0.5,20,50,1.75969,1
Kota,2005,2.39423,800,28,70,50,30,6.5,0.5,20,50,2.22965,1
Kota,2006,2.55329,800,28,70,50,30,6.5,0.5,20,50,2.39423,1
Kota,2007,2.64606,800,28,70,50,30,6.5,0.5,20,50,2.55329,1
Kota,2008,3.088,800,28,70,50,30,6.5,0.5,20,50,2.64606,1
Kota,2009,2.19181,800,28,70,50,30,6.5,0.5,20,50,3.088,1
Kota,2010,2.7955,800,28,70,50,30,6.5,0.5,20,50,2.19181,1
Kota,2011,2.29725,800,28,70,50,30,6.5,0.5,20,50,2.7955,1
Kota,2012,2.69106,800,28,70,50,30,6.5,0.5,20,50,2.29725,1
Kota,2013,2.3777600000000003,800,28,70,50,30,6.5,0.5,20,50,2.69106,1
Kota,2014,2.7878600000000002,800,28,70,50,30,6.5,0.5,20,50,2.3777600000000003,1
Kota,2015,2.5921399999999997,800,28,70,50,30,6.5,0.5,20,50,2.7878600000000002,1
Kota,2016,2.7164,800,28,70,50,30,6.5,0.5,20,50,2.5921399999999997,1
Kota,2017,2.78165,800,28,70,50,30,6.5,0.5,20,50,2.7164,1
Nagaur,1990,0.0,800,28,70,50,30,6.5,0.5,20,50,2.78165,1
Nagaur,1991,0.0,800,28,70,50,30,6.5,0.5,20,50,0.0,1
Nagaur,1992,0.0,800,28,70,50,30,6.5,0.5,20,50,0.0,1
Nagaur,1993,0.0,800,28,70,50,30,6.5,0.5,20,50,0.0,1
Nagaur,1994,0.0,800,28,70,50,30,6.5,0.5,20,50,0.0,1
Nagaur,1995,0.0,800,28,70,50,30,6.5,0.5,20,50,0.0,1
Nagaur,1996,0.0,800,28,70,50,30,6.5,0.5,20,50,0.0,1
Nagaur,1997,0.0,800,28,70,50,30,6.5,0.5,20,50,0.0,1
Nagaur,1998,0.0,800,28,70,50,30,6.5,0.5,20,50,0.0,1
Nagaur,1999,0.0,800,28,70,50,30,6.5,0.5,20,50,0.0,1
Nagaur,2000,0.0,800,28,70,50,30,6.5,0.5,20,50,0.0,1
Nagaur,2001,0.0,800,28,70,50,30,6.5,0.5,20,50,0.0,1
Nagaur,2002,0.0,800,28,70,50,30,6.5,0.5,20,50,0.0,1
Nagaur,2003,0.0,800,28,70,50,30,6.5,0.5,20,50,0.0,1
Nagaur,2004,0.0,800,28,70,50,30,6.5,0.5,20,50,0.0,1
Nagaur,2005,0.0,800,28,70,50,30,6.5,0.5,20,50,0.0,1
Nagaur,2006,0.0,800,28,70,50,30,6.5,0.5,20,50,0.0,1
Nagaur,2007,0.0,800,28,70,50,30,6.5,0.5,20,50,0.0,1
Nagaur,2008,0.0,800,28,70,50,30,6.5,0.5,20,50,0.0,1
Nagaur,2009,0.0,800,28,70,50,30,6.5,0.5,20,50,0.0,1
Nagaur,2010,0.0,800,28,70,50,30,6.5,0.5,20,50,0.0,1
Nagaur,2011,0.0,800,28,70,50,30,6.5,0.5,20,50,0.0,1
Nagaur,2012,0.0,800,28,70,50,30,6.5,0.5,20,50,0.0,1
Nagaur,2013,0.0,800,28,70,50,30,6.5,0.5,20,50,0.0,1
Nagaur,2014,0.0,800,28,70,50,30,6.5,0.5,20,50,0.0,1
Nagaur,2015,0.0,800,28,70,50,30,6.5,0.5,20,50,0.0,1
Nagaur,2016,0.0,800,28,70,50,30,6.5,0.5,20,50,0.0,1
Nagaur,2017,0.0,800,28,70,50,30,6.5,0.5,20,50,0.0,1
Pali,1990,1.0,800,28,70,50,30,6.5,0.5,20,50,0.0,1
Pali,1991,1.0,800,28,70,50,30,6.5,0.5,20,50,1.0,1
Pali,1992,1.0,800,28,70,50,30,6.5,0.5,20,50,1.0,1
Pali,1993,1.0,800,28,70,50,30,6.5,0.5,20,50,1.0,1
Pali,1994,1.5,800,28,70,50,30,6.5,0.5,20,50,1.0,1
Pali,1995,1.0,800,28,70,50,30,6.5,0.5,20,50,1.5,1
Pali,1996,1.0,800,28,70,50,30,6.5,0.5,20,50,1.0,1
Pali,1997,2.0,800,28,70,50,30,6.5,0.5,20,50,1.0,1
Pali,1998,1.0,800,28,70,50,30,6.5,0.5,20,50,2.0,1
Pali,1999,1.0,800,28,70,50,30,6.5,0.5,20,50,1.0,1
Pali,2000,0.0,800,28,70,50,30,6.5,0.5,20,50,1.0,1
Pali,2001,0.0,800,28,70,50,30,6.5,0.5,20,50,0.0,1
Pali,2002,0.0,800,28,70,50,30,6.5,0.5,20,50,0.0,1
Pali,2003,0.0,800,28,70,50,30,6.5,0.5,20,50,0.0,1
Pali,2004,0.0,800,28,70,50,30,6.5,0.5,20,50,0.0,1
Pali,2005,0.0,800,28,70,50,30,6.5,0.5,20,50,0.0,1
Pali,2006,0.0,800,28,70,50,30,6.5,0.5,20,50,0.0,1
Pali,2007,0.0,800,28,70,50,30,6.5,0.5,20,50,0.0,1
Pali,2008,0.0,800,28,70,50,30,6.5,0.5,20,50,0.0,1
Pali,2009,0.0,800,28,70,50,30,6.5,0.5,20,50,0.0,1
Pali,2010,0.0,800,28,70,50,30,6.5,0.5,20,50,0.0,1
Pali,2011,0.0,800,28,70,50,30,6.5,0.5,20,50,0.0,1
Pali,2012,0.0,800,28,70,50,30,6.5,0.5,20,50,0.0,1
Pali,2013,0.0,800,28,70,50,30,6.5,0.5,20,50,0.0,1
Pali,2014,0.0,800,28,70,50,30,6.5,0.5,20,50,0.0,1
Pali,2015,0.0,800,28,70,50,30,6.5,0.5,20,50,0.0,1
Pali,2016,0.0,800,28,70,50,30,6.5,0.5,20,50,0.0,1
Pali,2017,0.0,800,28,70,50,30,6.5,0.5,20,50,0.0,1
Swami Madhopur,1990,1.75194,800,28,70,50,30,6.5,0.5,20,50,0.0,1
Swami Madhopur,1991,0.2974,800,28,70,50,30,6.5,0.5,20,50,1.75194,1
Swami Madhopur,1992,0.9146299999999999,800,28,70,50,30,6.5,0.5,20,50,0.2974,1
Swami Madhopur,1993,0.9570299999999999,800,28,70,50,30,6.5,0.5,20,50,0.9146299999999999,1
Swami Madhopur,1994,1.31498,800,28,70,50,30,6.5,0.5,20,50,0.9570299999999999,1
Swami Madhopur,1995,0.8320599999999999,800,28,70,50,30,6.5,0.5,20,50,1.31498,1
Swami Madhopur,1996,0.82911,800,28,70,50,30,6.5,0.5,20,50,0.8320599999999999,1
Swami Madhopur,1997,0.41551,800,28,70,50,30,6.5,0.5,20,50,0.82911,1
Swami Madhopur,1998,0.96977,800,28,70,50,30,6.5,0.5,20,50,0.41551,1
Swami Madhopur,1999,1.1738,800,28,70,50,30,6.5,0.5,20,50,0.96977,1
Swami Madhopur,2000,0.18932,800,28,70,50,30,6.5,0.5,20,50,1.1738,1
Swami Madhopur,2001,0.36071,800,28,70,50,30,6.5,0.5,20,50,0.18932,1
Swami Madhopur,2002,0.18181999999999998,800,28,70,50,30,6.5,0.5,20,50,0.36071,1
Swami Madhopur,2003,1.2027,800,28,70,50,30,6.5,0.5,20,50,0.18181999999999998,1
Swami Madhopur,2004,1.57277,800,28,70,50,30,6.5,0.5,20,50,1.2027,1
Swami Madhopur,2005,1.24303,800,28,70,50,30,6.5,0.5,20,50,1.57277,1
Swami Madhopur,2006,2.3369,800,28,70,50,30,6.5,0.5,20,50,1.24303,1
Swami Madhopur,2007,0.9896900000000001,800,28,70,50,30,6.5,0.5,20,50,2.3369,1
Swami Madhopur,2008,1.9163299999999999,800,28,70,50,30,6.5,0.5,20,50,0.9896900000000001,1
Swami Madhopur,2009,1.07826,800,28,70,50,30,6.5,0.5,20,50,1.9163299999999999,1
Swami Madhopur,2010,1.4314500000000001,800,28,70,50,30,6.5,0.5,20,50,1.07826,1
Swami Madhopur,2011,1.41148,800,28,70,50,30,6.5,0.5,20,50,1.4314500000000001,1
Swami Madhopur,2012,1.49774,800,28,70,50,30,6.5,0.5,20,50,1.41148,1
Swami Madhopur,2013,1.51899,800,28,70,50,30,6.5,0.5,20,50,1.49774,1
Swami Madhopur,2014,1.55401,800,28,70,50,30,6.5,0.5,20,50,1.51899,1
Swami Madhopur,2015,1.711,800,28,70,50,30,6.5,0.5,20,50,1.55401,1
Swami Madhopur,2016,1.8591,800,28,70,50,30,6.5,0.5,20,50,1.711,1
Swami Madhopur,2017,1.7731400000000002,800,28,70,50,30,6.5,0.5,20,50,1.8591,1
Sikar,1990,0.0,800,28,70,50,30,6.5,0.5,20,50,1.7731400000000002,1
Sikar,1991,0.0,800,28,70,50,30,6.5,0.5,20,50,0.0,1
Sikar,1992,0.0,800,28,70,50,30,6.5,0.5,20,50,0.0,1
Sikar,1993,0.0,800,28,70,50,30,6.5,0.5,20,50,0.0,1
Sikar,1994,0.0,800,28,70,50,30,6.5,0.5,20,50,0.0,1
Sikar,1995,0.0,800,28,70,50,30,6.5,0.5,20,50,0.0,1
Sikar,1996,0.0,800,28,70,50,30,6.5,0.5,20,50,0.0,1
Sikar,1997,0.0,800,28,70,50,30,6.5,0.5,20,50,0.0,1
Sikar,1998,0.0,800,28,70,50,30,6.5,0.5,20,50,0.0,1
Sikar,1999,0.0,800,28,70,50,30,6.5,0.5,20,50,0.0,1
Sikar,2000,0.0,800,28,70,50,30,6.5,0.5,20,50,0.0,1
Sikar,2001,0.0,800,28,70,50,30,6.5,0.5,20,50,0.0,1
Sikar,2002,0.0,800,28,70,50,30,6.5,0.5,20,50,0.0,1
Sikar,2003,0.0,800,28,70,50,30,6.5,0.5,20,50,0.0,1
Sikar,2004,0.0,800,28,70,50,30,6.5,0.5,20,50,0.0,1
Sikar,2005,0.0,800,28,70,50,30,6.5,0.5,20,50,0.0,1
Sikar,2006,0.0,800,28,70,50,30,6.5,0.5,20,50,0.0,1
Sikar,2007,0.0,800,28,70,50,30,6.5,0.5,20,50,0.0,1
Sikar,2008,0.0,800,28,70,50,30,6.5,0.5,20,50,0.0,1
Sikar,2009,0.0,800,28,70,50,30,6.5,0.5,20,50,0.0,1
Sikar,2010,0.0,800,28,70,50,30,6.5,0.5,20,50,0.0,1
Sikar,2011,0.0,800,28,70,50,30,6.5,0.5,20,50,0.0,1
Sikar,2012,0.0,800,28,70,50,30,6.5,0.5,20,50,0.0,1
Sikar,2013,0.0,800,28,70,50,30,6.5,0.5,20,50,0.0,1
Sikar,2014,0.0,800,28,70,50,30,6.5,0.5,20,50,0.0,1
Sikar,2015,0.0,800,28,70,50,30,6.5,0.5,20,50,0.0,1
Sikar,2016,0.0,800,28,70,50,30,6.5,0.5,20,50,0.0,1
Sikar,2017,0.0,800,28,70,50,30,6.5,0.5,20,50,0.0,1
Sirohi,1990,1.0,800,28,70,50,30,6.5,0.5,20,50,0.0,1
Sirohi,1991,1.0,800,28,70,50,30,6.5,0.5,20,50,1.0,1
Sirohi,1992,1.0,800,28,70,50,30,6.5,0.5,20,50,1.0,1
Sirohi,1993,1.0,800,28,70,50,30,6.5,0.5,20,50,1.0,1
Sirohi,1994,2.0,800,28,70,50,30,6.5,0.5,20,50,1.0,1
Sirohi,1995,1.0,800,28,70,50,30,6.5,0.5,20,50,2.0,1
Sirohi,1996,1.0,800,28,70,50,30,6.5,0.5,20,50,1.0,1
Sirohi,1997,1.0,800,28,70,50,30,6.5,0.5,20,50,1.0,1
Sirohi,1998,1.0,800,28,70,50,30,6.5,0.5,20,50,1.0,1
Sirohi,1999,1.0,800,28,70,50,30,6.5,0.5,20,50,1.0,1
Sirohi,2000,1.0,800,28,70,50,30,6.5,0.5,20,50,1.0,1
Sirohi,2001,1.0,800,28,70,50,30,6.5,0.5,20,50,1.0,1
Sirohi,2002,0.0,800,28,70,50,30,6.5,0.5,20,50,1.0,1
Sirohi,2003,1.0,800,28,70,50,30,6.5,0.5,20,50,0.0,1
Sirohi,2004,0.0,800,28,70,50,30,6.5,0.5,20,50,1.0,1
Sirohi,2005,0.0,800,28,70,50,30,6.5,0.5,20,50,0.0,1
Sirohi,2006,1.0,800,28,70,50,30,6.5,0.5,20,50,0.0,1
Sirohi,2007,0.0,800,28,70,50,30,6.5,0.5,20,50,1.0,1
Sirohi,2008,0.0,800,28,70,50,30,6.5,0.5,20,50,0.0,1
Sirohi,2009,0.0,800,28,70,50,30,6.5,0.5,20,50,0.0,1
Sirohi,2010,0.0,800,28,70,50,30,6.5,0.5,20,50,0.0,1
Sirohi,2011,0.0,800,28,70,50,30,6.5,0.5,20,50,0.0,1
Sirohi,2012,0.0,800,28,70,50,30,6.5,0.5,20,50,0.0,1
Sirohi,2013,0.0,800,28,70,50,30,6.5,0.5,20,50,0.0,1
Sirohi,2014,0.0,800,28,70,50,30,6.5,0.5,20,50,0.0,1
Sirohi,2015,1.0,800,28,70,50,30,6.5,0.5,20,50,0.0,1
Sirohi,2016,2.5,800,28,70,50,30,6.5,0.5,20,50,1.0,1
Sirohi,2017,0.0,800,28,70,50,30,6.5,0.5,20,50,2.5,1
Tonk,1990,0.0,800,28,70,50,30,6.5,0.5,20,50,0.0,1
Tonk,1991,0.0,800,28,70,50,30,6.5,0.5,20,50,0.0,1
Tonk,1992,0.0,800,28,70,50,30,6.5,0.5,20,50,0.0,1
Tonk,1993,0.0,800,28,70,50,30,6.5,0.5,20,50,0.0,1
Tonk,1994,0.0,800,28,70,50,30,6.5,0.5,20,50,0.0,1
Tonk,1995,0.0,800,28,70,50,30,6.5,0.5,20,50,0.0,1
Tonk,1996,0.0,800,28,70,50,30,6.5,0.5,20,50,0.0,1
Tonk,1997,0.0,800,28,70,50,30,6.5,0.5,20,50,0.0,1
Tonk,1998,1.33333,800,28,70,50,30,6.5,0.5,20,50,0.0,1
Tonk,1999,1.25,800,28,70,50,30,6.5,0.5,20,50,1.33333,1
Tonk,2000,1.0,800,28,70,50,30,6.5,0.5,20,50,1.25,1
Tonk,2001,2.0,800,28,70,50,30,6.5,0.5,20,50,1.0,1
Tonk,2002,1.0,800,28,70,50,30,6.5,0.5,20,50,2.0,1
Tonk,2003,1.0,800,28,70,50,30,6.5,0.5,20,50,1.0,1
Tonk,2004,1.0,800,28,70,50,30,6.5,0.5,20,50,1.0,1
Tonk,2005,0.0,800,28,70,50,30,6.5,0.5,20,50,1.0,1
Tonk,2006,0.0,800,28,70,50,30,6.5,0.5,20,50,0.0,1
Tonk,2007,0.0,800,28,70,50,30,6.5,0.5,20,50,0.0,1
Tonk,2008,0.0,800,28,70,50,30,6.5,0.5,20,50,0.0,1
Tonk,2009,1.0,800,28,70,50,30,6.5,0.5,20,50,0.0,1
Tonk,2010,0.0,800,28,70,50,30,6.5,0.5,20,50,1.0,1
Tonk,2011,0.0,800,28,70,50,30,6.5,0.5,20,50,0.0,1
Tonk,2012,0.0,800,28,70,50,30,6.5,0.5,20,50,0.0,1
Tonk,2013,0.0,800,28,70,50,30,6.5,0.5,20,50,0.0,1
Tonk,2014,1.0,800,28,70,50,30,6.5,0.5,20,50,0.0,1
Tonk,2015,1.0,800,28,70,50,30,6.5,0.5,20,50,1.0,1
Tonk,2016,2.0,800,28,70,50,30,6.5,0.5,20,50,1.0,1
Tonk,2017,2.5,800,28,70,50,30,6.5,0.5,20,50,2.0,1
Udaipur,1990,1.1976099999999998,800,28,70,50,30,6.5,0.5,20,50,2.5,1
Udaipur,1991,0.61372,800,28,70,50,30,6.5,0.5,20,50,1.1976099999999998,1
Udaipur,1992,0.83762,800,28,70,50,30,6.5,0.5,20,50,0.61372,1
Udaipur,1993,0.27846,800,28,70,50,30,6.5,0.5,20,50,0.83762,1
Udaipur,1994,0.81363,800,28,70,50,30,6.5,0.5,20,50,0.27846,1
Udaipur,1995,0.36356,800,28,70,50,30,6.5,0.5,20,50,0.81363,1
Udaipur,1996,0.5521699999999999,800,28,70,50,30,6.5,0.5,20,50,0.36356,1
Udaipur,1997,0.8672300000000001,800,28,70,50,30,6.5,0.5,20,50,0.5521699999999999,1
Udaipur,1998,0.6401399999999999,800,28,70,50,30,6.5,0.5,20,50,0.8672300000000001,1
Udaipur,1999,0.47226,800,28,70,50,30,6.5,0.5,20,50,0.6401399999999999,1
Udaipur,2000,0.29967,800,28,70,50,30,6.5,0.5,20,50,0.47226,1
Udaipur,2001,1.1273,800,28,70,50,30,6.5,0.5,20,50,0.29967,1
Udaipur,2002,0.25464,800,28,70,50,30,6.5,0.5,20,50,1.1273,1
Udaipur,2003,1.18929,800,28,70,50,30,6.5,0.5,20,50,0.25464,1
Udaipur,2004,0.75844,800,28,70,50,30,6.5,0.5,20,50,1.18929,1
Udaipur,2005,0.78365,800,28,70,50,30,6.5,0.5,20,50,0.75844,1
Udaipur,2006,0.938,800,28,70,50,30,6.5,0.5,20,50,0.78365,1
Udaipur,2007,0.77534,800,28,70,50,30,6.5,0.5,20,50,0.938,1
Udaipur,2008,0.72723,800,28,70,50,30,6.5,0.5,20,50,0.77534,1
Udaipur,2009,0.71815,800,28,70,50,30,6.5,0.5,20,50,0.72723,1
Udaipur,2010,1.17207,800,28,70,50,30,6.5,0.5,20,50,0.71815,1
Udaipur,2011,1.1102400000000001,800,28,70,50,30,6.5,0.5,20,50,1.17207,1
Udaipur,2012,1.09717,800,28,70,50,30,6.5,0.5,20,50,1.1102400000000001,1
Udaipur,2013,1.2264000000000002,800,28,70,50,30,6.5,0.5,20,50,1.09717,1
Udaipur,2014,1.1585999999999999,800,28,70,50,30,6.5,0.5,20,50,1.2264000000000002,1
Udaipur,2015,1.02302,800,28,70,50,30,6.5,0.5,20,50,1.1585999999999999,1
Udaipur,2016,1.19752,800,28,70,50,30,6.5,0.5,20,50,1.02302,1
Udaipur,2017,1.21068,800,28,70,50,30,6.5,0.5,20,50,1.19752,1
Gurdaspur,1990,2.54913,800,28,70,50,30,6.5,0.5,20,50,1.21068,1
Gurdaspur,1991,2.67429,800,28,70,50,30,6.5,0.5,20,50,2.54913,1
Gurdaspur,1992,2.6044,800,28,70,50,30,6.5,0.5,20,50,2.67429,1
Gurdaspur,1993,2.65946,800,28,70,50,30,6.5,0.5,20,50,2.6044,1
Gurdaspur,1994,2.6894699999999996,800,28,70,50,30,6.5,0.5,20,50,2.65946,1
Gurdaspur,1995,2.4711999999999996,800,28,70,50,30,6.5,0.5,20,50,2.6894699999999996,1
Gurdaspur,1996,2.75806,800,28,70,50,30,6.5,0.5,20,50,2.4711999999999996,1
Gurdaspur,1997,2.81319,800,28,70,50,30,6.5,0.5,20,50,2.75806,1
Gurdaspur,1998,2.7861,800,28,70,50,30,6.5,0.5,20,50,2.81319,1
Gurdaspur,1999,2.83333,800,28,70,50,30,6.5,0.5,20,50,2.7861,1
Gurdaspur,2000,2.97906,800,28,70,50,30,6.5,0.5,20,50,2.83333,1
Gurdaspur,2001,2.9433000000000002,800,28,70,50,30,6.5,0.5,20,50,2.97906,1
Gurdaspur,2002,2.89418,800,28,70,50,30,6.5,0.5,20,50,2.9433000000000002,1
Gurdaspur,2003,3.0414499999999998,800,28,70,50,30,6.5,0.5,20,50,2.89418,1
Gurdaspur,2004,3.17327,800,28,70,50,30,6.5,0.5,20,50,3.0414499999999998,1
Gurdaspur,2005,3.1052600000000004,800,28,70,50,30,6.5,0.5,20,50,3.17327,1
Gurdaspur,2006,3.16418,800,28,70,50,30,6.5,0.5,20,50,3.1052600000000004,1
Gurdaspur,2007,3.2303699999999997,800,28,70,50,30,6.5,0.5,20,50,3.16418,1
Gurdaspur,2008,3.2985100000000003,800,28,70,50,30,6.5,0.5,20,50,3.2303699999999997,1
Gurdaspur,2009,3.13725,800,28,70,50,30,6.5,0.5,20,50,3.2985100000000003,1
Gurdaspur,2010,3.45588,800,28,70,50,30,6.5,0.5,20,50,3.13725,1
Gurdaspur,2011,3.72154,800,28,70,50,30,6.5,0.5,20,50,3.45588,1
Gurdaspur,2012,3.07463,800,28,70,50,30,6.5,0.5,20,50,3.72154,1
Gurdaspur,2013,2.89604,800,28,70,50,30,6.5,0.5,20,50,3.07463,1
Gurdaspur,2014,2.59406,800,28,70,50,30,6.5,0.5,20,50,2.89604,1
Gurdaspur,2015,2.8965500000000004,800,28,70,50,30,6.5,0.5,20,50,2.59406,1
Gurdaspur,2016,3.12315,800,28,70,50,30,6.5,0.5,20,50,2.8965500000000004,1
Gurdaspur,2017,3.5735300000000003,800,28,70,50,30,6.5,0.5,20,50,3.12315,1
Amritsar,1990,2.75269,800,28,70,50,30,6.5,0.5,20,50,3.5735300000000003,1
Amritsar,1991,2.75,800,28,70,50,30,6.5,0.5,20,50,2.75269,1
Amritsar,1992,2.79791,800,28,70,50,30,6.5,0.5,20,50,2.75,1
Amritsar,1993,2.92734,800,28,70,50,30,6.5,0.5,20,50,2.79791,1
Amritsar,1994,3.0906,800,28,70,50,30,6.5,0.5,20,50,2.92734,1
Amritsar,1995,2.8980300000000003,800,28,70,50,30,6.5,0.5,20,50,3.0906,1
Amritsar,1996,3.0553600000000003,800,28,70,50,30,6.5,0.5,20,50,2.8980300000000003,1
Amritsar,1997,3.01027,800,28,70,50,30,6.5,0.5,20,50,3.0553600000000003,1
Amritsar,1998,2.87541,800,28,70,50,30,6.5,0.5,20,50,3.01027,1
Amritsar,1999,3.10692,800,28,70,50,30,6.5,0.5,20,50,2.87541,1
Amritsar,2000,3.04702,800,28,70,50,30,6.5,0.5,20,50,3.10692,1
Amritsar,2001,3.00313,800,28,70,50,30,6.5,0.5,20,50,3.04702,1
Amritsar,2002,2.82637,800,28,70,50,30,6.5,0.5,20,50,3.00313,1
Amritsar,2003,2.6748499999999997,800,28,70,50,30,6.5,0.5,20,50,2.82637,1
Amritsar,2004,3.0958099999999997,800,28,70,50,30,6.5,0.5,20,50,2.6748499999999997,1
Amritsar,2005,2.90725,800,28,70,50,30,6.5,0.5,20,50,3.0958099999999997,1
Amritsar,2006,2.99715,800,28,70,50,30,6.5,0.5,20,50,2.90725,1
Amritsar,2007,3.10888,800,28,70,50,30,6.5,0.5,20,50,2.99715,1
Amritsar,2008,3.00284,800,28,70,50,30,6.5,0.5,20,50,3.10888,1
Amritsar,2009,2.88796,800,28,70,50,30,6.5,0.5,20,50,3.00284,1
Amritsar,2010,2.8016799999999997,800,28,70,50,30,6.5,0.5,20,50,2.88796,1
Amritsar,2011,2.72269,800,28,70,50,30,6.5,0.5,20,50,2.8016799999999997,1
Amritsar,2012,3.14011,800,28,70,50,30,6.5,0.5,20,50,2.72269,1
Amritsar,2013,3.0974899999999996,800,28,70,50,30,6.5,0.5,20,50,3.14011,1
Amritsar,2014,2.91899,800,28,70,50,30,6.5,0.5,20,50,3.0974899999999996,1
Amritsar,2015,2.8328699999999998,800,28,70,50,30,6.5,0.5,20,50,2.91899,1
Amritsar,2016,3.2459000000000002,800,28,70,50,30,6.5,0.5,20,50,2.8328699999999998,1
Amritsar,2017,3.96685,800,28,70,50,30,6.5,0.5,20,50,3.2459000000000002,1
Kapurthala,1990,2.8453600000000003,800,28,70,50,30,6.5,0.5,20,50,3.96685,1
Kapurthala,1991,2.92784,800,28,70,50,30,6.5,0.5,20,50,2.8453600000000003,1
Kapurthala,1992,3.05155,800,28,70,50,30,6.5,0.5,20,50,2.92784,1
Kapurthala,1993,3.2254899999999997,800,28,70,50,30,6.5,0.5,20,50,3.05155,1
Kapurthala,1994,3.18812,800,28,70,50,30,6.5,0.5,20,50,3.2254899999999997,1
Kapurthala,1995,2.63725,800,28,70,50,30,6.5,0.5,20,50,3.18812,1
Kapurthala,1996,3.05263,800,28,70,50,30,6.5,0.5,20,50,2.63725,1
Kapurthala,1997,2.99,800,28,70,50,30,6.5,0.5,20,50,3.05263,1
Kapurthala,1998,3.1717199999999997,800,28,70,50,30,6.5,0.5,20,50,2.99,1
Kapurthala,1999,3.49,800,28,70,50,30,6.5,0.5,20,50,3.1717199999999997,1
Kapurthala,2000,3.47573,800,28,70,50,30,6.5,0.5,20,50,3.49,1
Kapurthala,2001,3.46667,800,28,70,50,30,6.5,0.5,20,50,3.47573,1
Kapurthala,2002,3.54902,800,28,70,50,30,6.5,0.5,20,50,3.46667,1
Kapurthala,2003,3.47115,800,28,70,50,30,6.5,0.5,20,50,3.54902,1
Kapurthala,2004,4.02857,800,28,70,50,30,6.5,0.5,20,50,3.47115,1
Kapurthala,2005,3.90741,800,28,70,50,30,6.5,0.5,20,50,4.02857,1
Kapurthala,2006,3.7636399999999997,800,28,70,50,30,6.5,0.5,20,50,3.90741,1
Kapurthala,2007,3.89091,800,28,70,50,30,6.5,0.5,20,50,3.7636399999999997,1
Kapurthala,2008,3.75439,800,28,70,50,30,6.5,0.5,20,50,3.89091,1
Kapurthala,2009,3.93043,800,28,70,50,30,6.5,0.5,20,50,3.75439,1
Kapurthala,2010,3.88983,800,28,70,50,30,6.5,0.5,20,50,3.93043,1
Kapurthala,2011,3.6694899999999997,800,28,70,50,30,6.5,0.5,20,50,3.88983,1
Kapurthala,2012,3.80342,800,28,70,50,30,6.5,0.5,20,50,3.6694899999999997,1
Kapurthala,2013,3.8547,800,28,70,50,30,6.5,0.5,20,50,3.80342,1
Kapurthala,2014,3.75214,800,28,70,50,30,6.5,0.5,20,50,3.8547,1
Kapurthala,2015,4.01695,800,28,70,50,30,6.5,0.5,20,50,3.75214,1
Kapurthala,2016,4.09322,800,28,70,50,30,6.5,0.5,20,50,4.01695,1
Kapurthala,2017,4.34746,800,28,70,50,30,6.5,0.5,20,50,4.09322,1
Jalandhar,1990,3.1392399999999996,800,28,70,50,30,6.5,0.5,20,50,4.34746,1
Jalandhar,1991,3.4331199999999997,800,28,70,50,30,6.5,0.5,20,50,3.1392399999999996,1
Jalandhar,1992,3.42208,800,28,70,50,30,6.5,0.5,20,50,3.4331199999999997,1
Jalandhar,1993,3.64375,800,28,70,50,30,6.5,0.5,20,50,3.42208,1
Jalandhar,1994,3.4371300000000002,800,28,70,50,30,6.5,0.5,20,50,3.64375,1
Jalandhar,1995,3.15012,800,28,70,50,30,6.5,0.5,20,50,3.4371300000000002,1
Jalandhar,1996,3.42368,800,28,70,50,30,6.5,0.5,20,50,3.15012,1
Jalandhar,1997,3.34887,800,28,70,50,30,6.5,0.5,20,50,3.42368,1
Jalandhar,1998,3.2549699999999997,800,28,70,50,30,6.5,0.5,20,50,3.34887,1
Jalandhar,1999,3.4869,800,28,70,50,30,6.5,0.5,20,50,3.2549699999999997,1
Jalandhar,2000,3.54879,800,28,70,50,30,6.5,0.5,20,50,3.4869,1
Jalandhar,2001,3.33791,800,28,70,50,30,6.5,0.5,20,50,3.54879,1
Jalandhar,2002,3.6871799999999997,800,28,70,50,30,6.5,0.5,20,50,3.33791,1
Jalandhar,2003,3.41579,800,28,70,50,30,6.5,0.5,20,50,3.6871799999999997,1
Jalandhar,2004,3.75721,800,28,70,50,30,6.5,0.5,20,50,3.41579,1
Jalandhar,2005,3.4844899999999996,800,28,70,50,30,6.5,0.5,20,50,3.75721,1
Jalandhar,2006,3.57715,800,28,70,50,30,6.5,0.5,20,50,3.4844899999999996,1
Jalandhar,2007,3.7456300000000002,800,28,70,50,30,6.5,0.5,20,50,3.57715,1
Jalandhar,2008,3.84495,800,28,70,50,30,6.5,0.5,20,50,3.7456300000000002,1
Jalandhar,2009,3.98401,800,28,70,50,30,6.5,0.5,20,50,3.84495,1
Jalandhar,2010,3.6743099999999997,800,28,70,50,30,6.5,0.5,20,50,3.98401,1
Jalandhar,2011,3.60845,800,28,70,50,30,6.5,0.5,20,50,3.6743099999999997,1
Jalandhar,2012,3.84923,800,28,70,50,30,6.5,0.5,20,50,3.60845,1
Jalandhar,2013,3.5753600000000003,800,28,70,50,30,6.5,0.5,20,50,3.84923,1
Jalandhar,2014,3.73623,800,28,70,50,30,6.5,0.5,20,50,3.5753600000000003,1
Jalandhar,2015,3.9547,800,28,70,50,30,6.5,0.5,20,50,3.73623,1
Jalandhar,2016,4.151020000000001,800,28,70,50,30,6.5,0.5,20,50,3.9547,1
Jalandhar,2017,4.27274,800,28,70,50,30,6.5,0.5,20,50,4.151020000000001,1
Hoshiarpur,1990,2.8615399999999998,800,28,70,50,30,6.5,0.5,20,50,4.27274,1
Hoshiarpur,1991,2.9827600000000003,800,28,70,50,30,6.5,0.5,20,50,2.8615399999999998,1
Hoshiarpur,1992,2.89286,800,28,70,50,30,6.5,0.5,20,50,2.9827600000000003,1
Hoshiarpur,1993,3.03774,800,28,70,50,30,6.5,0.5,20,50,2.89286,1
Hoshiarpur,1994,3.0172399999999997,800,28,70,50,30,6.5,0.5,20,50,3.03774,1
Hoshiarpur,1995,2.97738,800,28,70,50,30,6.5,0.5,20,50,3.0172399999999997,1
Hoshiarpur,1996,3.10899,800,28,70,50,30,6.5,0.5,20,50,2.97738,1
Hoshiarpur,1997,3.09949,800,28,70,50,30,6.5,0.5,20,50,3.10899,1
Hoshiarpur,1998,2.99579,800,28,70,50,30,6.5,0.5,20,50,3.09949,1
Hoshiarpur,1999,3.04535,800,28,70,50,30,6.5,0.5,20,50,2.99579,1
Hoshiarpur,2000,3.11841,800,28,70,50,30,6.5,0.5,20,50,3.04535,1
Hoshiarpur,2001,2.92418,800,28,70,50,30,6.5,0.5,20,50,3.11841,1
Hoshiarpur,2002,2.99423,800,28,70,50,30,6.5,0.5,20,50,2.92418,1
Hoshiarpur,2003,3.21879,800,28,70,50,30,6.5,0.5,20,50,2.99423,1
Hoshiarpur,2004,3.2078699999999998,800,28,70,50,30,6.5,0.5,20,50,3.21879,1
Hoshiarpur,2005,3.1043600000000002,800,28,70,50,30,6.5,0.5,20,50,3.2078699999999998,1
Hoshiarpur,2006,3.11086,800,28,70,50,30,6.5,0.5,20,50,3.1043600000000002,1
Hoshiarpur,2007,3.45245,800,28,70,50,30,6.5,0.5,20,50,3.11086,1
Hoshiarpur,2008,3.63814,800,28,70,50,30,6.5,0.5,20,50,3.45245,1
Hoshiarpur,2009,3.68554,800,28,70,50,30,6.5,0.5,20,50,3.63814,1
Hoshiarpur,2010,3.6717199999999997,800,28,70,50,30,6.5,0.5,20,50,3.68554,1
Hoshiarpur,2011,3.71132,800,28,70,50,30,6.5,0.5,20,50,3.6717199999999997,1
Hoshiarpur,2012,3.73024,800,28,70,50,30,6.5,0.5,20,50,3.71132,1
Hoshiarpur,2013,3.6016999999999997,800,28,70,50,30,6.5,0.5,20,50,3.73024,1
Hoshiarpur,2014,3.56259,800,28,70,50,30,6.5,0.5,20,50,3.6016999999999997,1
Hoshiarpur,2015,3.71835,800,28,70,50,30,6.5,0.5,20,50,3.56259,1
Hoshiarpur,2016,3.9876799999999997,800,28,70,50,30,6.5,0.5,20,50,3.71835,1
Hoshiarpur,2017,4.08516,800,28,70,50,30,6.5,0.5,20,50,3.9876799999999997,1
Roopnagar / Ropar,1990,3.13889,800,28,70,50,30,6.5,0.5,20,50,4.08516,1
Roopnagar / Ropar,1991,3.2973000000000003,800,28,70,50,30,6.5,0.5,20,50,3.13889,1
Roopnagar / Ropar,1992,3.25,800,28,70,50,30,6.5,0.5,20,50,3.2973000000000003,1
Roopnagar / Ropar,1993,3.54054,800,28,70,50,30,6.5,0.5,20,50,3.25,1
Roopnagar / Ropar,1994,3.1052600000000004,800,28,70,50,30,6.5,0.5,20,50,3.54054,1
Roopnagar / Ropar,1995,3.15385,800,28,70,50,30,6.5,0.5,20,50,3.1052600000000004,1
Roopnagar / Ropar,1996,3.25,800,28,70,50,30,6.5,0.5,20,50,3.15385,1
Roopnagar / Ropar,1997,3.2093000000000003,800,28,70,50,30,6.5,0.5,20,50,3.25,1
Roopnagar / Ropar,1998,2.78261,800,28,70,50,30,6.5,0.5,20,50,3.2093000000000003,1
Roopnagar / Ropar,1999,3.12,800,28,70,50,30,6.5,0.5,20,50,2.78261,1
Roopnagar / Ropar,2000,3.32653,800,28,70,50,30,6.5,0.5,20,50,3.12,1
Roopnagar / Ropar,2001,3.19608,800,28,70,50,30,6.5,0.5,20,50,3.32653,1
Roopnagar / Ropar,2002,3.2045500000000002,800,28,70,50,30,6.5,0.5,20,50,3.19608,1
Roopnagar / Ropar,2003,3.33333,800,28,70,50,30,6.5,0.5,20,50,3.2045500000000002,1
Roopnagar / Ropar,2004,3.45098,800,28,70,50,30,6.5,0.5,20,50,3.33333,1
Roopnagar / Ropar,2005,3.52885,800,28,70,50,30,6.5,0.5,20,50,3.45098,1
Roopnagar / Ropar,2006,3.40952,800,28,70,50,30,6.5,0.5,20,50,3.52885,1
Roopnagar / Ropar,2007,3.6526300000000003,800,28,70,50,30,6.5,0.5,20,50,3.40952,1
Roopnagar / Ropar,2008,3.69697,800,28,70,50,30,6.5,0.5,20,50,3.6526300000000003,1
Roopnagar / Ropar,2009,3.4717,800,28,70,50,30,6.5,0.5,20,50,3.69697,1
Roopnagar / Ropar,2010,3.72566,800,28,70,50,30,6.5,0.5,20,50,3.4717,1
Roopnagar / Ropar,2011,3.4537,800,28,70,50,30,6.5,0.5,20,50,3.72566,1
Roopnagar / Ropar,2012,3.80374,800,28,70,50,30,6.5,0.5,20,50,3.4537,1
Roopnagar / Ropar,2013,3.47525,800,28,70,50,30,6.5,0.5,20,50,3.80374,1
Roopnagar / Ropar,2014,3.48515,800,28,70,50,30,6.5,0.5,20,50,3.47525,1
Roopnagar / Ropar,2015,4.25243,800,28,70,50,30,6.5,0.5,20,50,3.48515,1
Roopnagar / Ropar,2016,4.26168,800,28,70,50,30,6.5,0.5,20,50,4.25243,1
Roopnagar / Ropar,2017,4.03604,800,28,70,50,30,6.5,0.5,20,50,4.26168,1
Ludhiana,1990,3.67111,800,28,70,50,30,6.5,0.5,20,50,4.03604,1
Ludhiana,1991,3.58009,800,28,70,50,30,6.5,0.5,20,50,3.67111,1
Ludhiana,1992,3.87899,800,28,70,50,30,6.5,0.5,20,50,3.58009,1
Ludhiana,1993,3.8957100000000002,800,28,70,50,30,6.5,0.5,20,50,3.87899,1
Ludhiana,1994,3.55645,800,28,70,50,30,6.5,0.5,20,50,3.8957100000000002,1
Ludhiana,1995,3.2345,800,28,70,50,30,6.5,0.5,20,50,3.55645,1
Ludhiana,1996,3.60021,800,28,70,50,30,6.5,0.5,20,50,3.2345,1
Ludhiana,1997,3.83394,800,28,70,50,30,6.5,0.5,20,50,3.60021,1
Ludhiana,1998,3.27343,800,28,70,50,30,6.5,0.5,20,50,3.83394,1
Ludhiana,1999,3.61532,800,28,70,50,30,6.5,0.5,20,50,3.27343,1
Ludhiana,2000,3.9565,800,28,70,50,30,6.5,0.5,20,50,3.61532,1
Ludhiana,2001,3.9028899999999997,800,28,70,50,30,6.5,0.5,20,50,3.9565,1
Ludhiana,2002,4.301609999999999,800,28,70,50,30,6.5,0.5,20,50,3.9028899999999997,1
Ludhiana,2003,4.34642,800,28,70,50,30,6.5,0.5,20,50,4.301609999999999,1
Ludhiana,2004,4.61848,800,28,70,50,30,6.5,0.5,20,50,4.34642,1
Ludhiana,2005,4.50676,800,28,70,50,30,6.5,0.5,20,50,4.61848,1
Ludhiana,2006,4.35533,800,28,70,50,30,6.5,0.5,20,50,4.50676,1
Ludhiana,2007,4.53332,800,28,70,50,30,6.5,0.5,20,50,4.35533,1
Ludhiana,2008,4.45904,800,28,70,50,30,6.5,0.5,20,50,4.53332,1
Ludhiana,2009,4.68562,800,28,70,50,30,6.5,0.5,20,50,4.45904,1
Ludhiana,2010,4.4016,800,28,70,50,30,6.5,0.5,20,50,4.68562,1
Ludhiana,2011,4.255649999999999,800,28,70,50,30,6.5,0.5,20,50,4.4016,1
Ludhiana,2012,4.54465,800,28,70,50,30,6.5,0.5,20,50,4.255649999999999,1
Ludhiana,2013,4.4077399999999995,800,28,70,50,30,6.5,0.5,20,50,4.54465,1
Ludhiana,2014,4.35383,800,28,70,50,30,6.5,0.5,20,50,4.4077399999999995,1
Ludhiana,2015,4.58911,800,28,70,50,30,6.5,0.5,20,50,4.35383,1
Ludhiana,2016,4.80967,800,28,70,50,30,6.5,0.5,20,50,4.58911,1
Ludhiana,2017,4.73699,800,28,70,50,30,6.5,0.5,20,50,4.80967,1
Ferozpur,1990,3.3149499999999996,800,28,70,50,30,6.5,0.5,20,50,4.73699,1
Ferozpur,1991,3.42654,800,28,70,50,30,6.5,0.5,20,50,3.3149499999999996,1
Ferozpur,1992,3.60663,800,28,70,50,30,6.5,0.5,20,50,3.42654,1
Ferozpur,1993,3.75746,800,28,70,50,30,6.5,0.5,20,50,3.60663,1
Ferozpur,1994,3.68113,800,28,70,50,30,6.5,0.5,20,50,3.75746,1
Ferozpur,1995,3.4659,800,28,70,50,30,6.5,0.5,20,50,3.68113,1
Ferozpur,1996,3.62622,800,28,70,50,30,6.5,0.5,20,50,3.4659,1
Ferozpur,1997,3.70548,800,28,70,50,30,6.5,0.5,20,50,3.62622,1
Ferozpur,1998,3.27764,800,28,70,50,30,6.5,0.5,20,50,3.70548,1
Ferozpur,1999,3.42564,800,28,70,50,30,6.5,0.5,20,50,3.27764,1
Ferozpur,2000,3.60777,800,28,70,50,30,6.5,0.5,20,50,3.42564,1
Ferozpur,2001,3.7697,800,28,70,50,30,6.5,0.5,20,50,3.60777,1
Ferozpur,2002,3.50435,800,28,70,50,30,6.5,0.5,20,50,3.7697,1
Ferozpur,2003,3.80165,800,28,70,50,30,6.5,0.5,20,50,3.50435,1
Ferozpur,2004,4.05327,800,28,70,50,30,6.5,0.5,20,50,3.80165,1
Ferozpur,2005,4.10512,800,28,70,50,30,6.5,0.5,20,50,4.05327,1
Ferozpur,2006,4.07487,800,28,70,50,30,6.5,0.5,20,50,4.10512,1
Ferozpur,2007,4.21207,800,28,70,50,30,6.5,0.5,20,50,4.07487,1
Ferozpur,2008,4.24445,800,28,70,50,30,6.5,0.5,20,50,4.21207,1
Ferozpur,2009,4.02691,800,28,70,50,30,6.5,0.5,20,50,4.24445,1
Ferozpur,2010,3.92438,800,28,70,50,30,6.5,0.5,20,50,4.02691,1
Ferozpur,2011,3.76358,800,28,70,50,30,6.5,0.5,20,50,3.92438,1
Ferozpur,2012,4.14553,800,28,70,50,30,6.5,0.5,20,50,3.76358,1
Ferozpur,2013,4.10383,800,28,70,50,30,6.5,0.5,20,50,4.14553,1
Ferozpur,2014,3.90546,800,28,70,50,30,6.5,0.5,20,50,4.10383,1
Ferozpur,2015,3.98563,800,28,70,50,30,6.5,0.5,20,50,3.90546,1
Ferozpur,2016,4.12143,800,28,70,50,30,6.5,0.5,20,50,3.98563,1
Ferozpur,2017,4.25324,800,28,70,50,30,6.5,0.5,20,50,4.12143,1
Bhatinda,1990,3.54029,800,28,70,50,30,6.5,0.5,20,50,4.25324,1
Bhatinda,1991,3.65281,800,28,70,50,30,6.5,0.5,20,50,3.54029,1
Bhatinda,1992,3.75717,800,28,70,50,30,6.5,0.5,20,50,3.65281,1
Bhatinda,1993,3.76284,800,28,70,50,30,6.5,0.5,20,50,3.75717,1
Bhatinda,1994,3.59138,800,28,70,50,30,6.5,0.5,20,50,3.76284,1
Bhatinda,1995,3.55275,800,28,70,50,30,6.5,0.5,20,50,3.59138,1
Bhatinda,1996,3.63258,800,28,70,50,30,6.5,0.5,20,50,3.55275,1
Bhatinda,1997,3.89026,800,28,70,50,30,6.5,0.5,20,50,3.63258,1
Bhatinda,1998,3.04475,800,28,70,50,30,6.5,0.5,20,50,3.89026,1
Bhatinda,1999,3.32885,800,28,70,50,30,6.5,0.5,20,50,3.04475,1
Bhatinda,2000,3.58794,800,28,70,50,30,6.5,0.5,20,50,3.32885,1
Bhatinda,2001,3.70118,800,28,70,50,30,6.5,0.5,20,50,3.58794,1
Bhatinda,2002,3.32159,800,28,70,50,30,6.5,0.5,20,50,3.70118,1
Bhatinda,2003,3.9163200000000002,800,28,70,50,30,6.5,0.5,20,50,3.32159,1
Bhatinda,2004,4.10193,800,28,70,50,30,6.5,0.5,20,50,3.9163200000000002,1
Bhatinda,2005,4.1177,800,28,70,50,30,6.5,0.5,20,50,4.10193,1
Bhatinda,2006,4.1317200000000005,800,28,70,50,30,6.5,0.5,20,50,4.1177,1
Bhatinda,2007,4.2362,800,28,70,50,30,6.5,0.5,20,50,4.1317200000000005,1
Bhatinda,2008,4.35257,800,28,70,50,30,6.5,0.5,20,50,4.2362,1
Bhatinda,2009,4.39892,800,28,70,50,30,6.5,0.5,20,50,4.35257,1
Bhatinda,2010,4.09128,800,28,70,50,30,6.5,0.5,20,50,4.39892,1
Bhatinda,2011,4.01682,800,28,70,50,30,6.5,0.5,20,50,4.09128,1
Bhatinda,2012,4.2483,800,28,70,50,30,6.5,0.5,20,50,4.01682,1
Bhatinda,2013,4.34645,800,28,70,50,30,6.5,0.5,20,50,4.2483,1
Bhatinda,2014,4.1333,800,28,70,50,30,6.5,0.5,20,50,4.34645,1
Bhatinda,2015,4.31095,800,28,70,50,30,6.5,0.5,20,50,4.1333,1
Bhatinda,2016,4.37734,800,28,70,50,30,6.5,0.5,20,50,4.31095,1
Bhatinda,2017,4.58533,800,28,70,50,30,6.5,0.5,20,50,4.37734,1
Sangrur,1990,3.6933800000000003,800,28,70,50,30,6.5,0.5,20,50,4.58533,1
Sangrur,1991,3.5348800000000002,800,28,70,50,30,6.5,0.5,20,50,3.6933800000000003,1
Sangrur,1992,3.76667,800,28,70,50,30,6.5,0.5,20,50,3.5348800000000002,1
Sangrur,1993,3.9297199999999997,800,28,70,50,30,6.5,0.5,20,50,3.76667,1
Sangrur,1994,3.55652,800,28,70,50,30,6.5,0.5,20,50,3.9297199999999997,1
Sangrur,1995,3.3970700000000003,800,28,70,50,30,6.5,0.5,20,50,3.55652,1
Sangrur,1996,3.75916,800,28,70,50,30,6.5,0.5,20,50,3.3970700000000003,1
Sangrur,1997,3.8319,800,28,70,50,30,6.5,0.5,20,50,3.75916,1
Sangrur,1998,3.56935,800,28,70,50,30,6.5,0.5,20,50,3.8319,1
Sangrur,1999,3.56329,800,28,70,50,30,6.5,0.5,20,50,3.56935,1
Sangrur,2000,3.76663,800,28,70,50,30,6.5,0.5,20,50,3.56329,1
Sangrur,2001,3.90435,800,28,70,50,30,6.5,0.5,20,50,3.76663,1
Sangrur,2002,4.05681,800,28,70,50,30,6.5,0.5,20,50,3.90435,1
Sangrur,2003,4.28059,800,28,70,50,30,6.5,0.5,20,50,4.05681,1
Sangrur,2004,4.65404,800,28,70,50,30,6.5,0.5,20,50,4.28059,1
Sangrur,2005,4.424510000000001,800,28,70,50,30,6.5,0.5,20,50,4.65404,1
Sangrur,2006,4.51345,800,28,70,50,30,6.5,0.5,20,50,4.424510000000001,1
Sangrur,2007,4.63298,800,28,70,50,30,6.5,0.5,20,50,4.51345,1
Sangrur,2008,4.64886,800,28,70,50,30,6.5,0.5,20,50,4.63298,1
Sangrur,2009,4.71426,800,28,70,50,30,6.5,0.5,20,50,4.64886,1
Sangrur,2010,4.3746,800,28,70,50,30,6.5,0.5,20,50,4.71426,1
Sangrur,2011,4.34363,800,28,70,50,30,6.5,0.5,20,50,4.3746,1
Sangrur,2012,4.679390000000001,800,28,70,50,30,6.5,0.5,20,50,4.34363,1
Sangrur,2013,4.69934,800,28,70,50,30,6.5,0.5,20,50,4.679390000000001,1
Sangrur,2014,4.7111,800,28,70,50,30,6.5,0.5,20,50,4.69934,1
Sangrur,2015,4.79871,800,28,70,50,30,6.5,0.5,20,50,4.7111,1
Sangrur,2016,4.79591,800,28,70,50,30,6.5,0.5,20,50,4.79871,1
Sangrur,2017,5.04754,800,28,70,50,30,6.5,0.5,20,50,4.79591,1
Patiala,1990,3.38129,800,28,70,50,30,6.5,0.5,20,50,5.04754,1
Patiala,1991,3.29371,800,28,70,50,30,6.5,0.5,20,50,3.38129,1
Patiala,1992,3.51631,800,28,70,50,30,6.5,0.5,20,50,3.29371,1
Patiala,1993,3.51722,800,28,70,50,30,6.5,0.5,20,50,3.51631,1
Patiala,1994,3.4394899999999997,800,28,70,50,30,6.5,0.5,20,50,3.51722,1
Patiala,1995,3.021,800,28,70,50,30,6.5,0.5,20,50,3.4394899999999997,1
Patiala,1996,3.38104,800,28,70,50,30,6.5,0.5,20,50,3.021,1
Patiala,1997,3.37976,800,28,70,50,30,6.5,0.5,20,50,3.38104,1
Patiala,1998,3.16437,800,28,70,50,30,6.5,0.5,20,50,3.37976,1
Patiala,1999,3.33463,800,28,70,50,30,6.5,0.5,20,50,3.16437,1
Patiala,2000,3.51285,800,28,70,50,30,6.5,0.5,20,50,3.33463,1
Patiala,2001,3.69365,800,28,70,50,30,6.5,0.5,20,50,3.51285,1
Patiala,2002,3.54401,800,28,70,50,30,6.5,0.5,20,50,3.69365,1
Patiala,2003,3.9698,800,28,70,50,30,6.5,0.5,20,50,3.54401,1
Patiala,2004,3.96472,800,28,70,50,30,6.5,0.5,20,50,3.9698,1
Patiala,2005,3.99896,800,28,70,50,30,6.5,0.5,20,50,3.96472,1
Patiala,2006,4.08565,800,28,70,50,30,6.5,0.5,20,50,3.99896,1
Patiala,2007,4.29596,800,28,70,50,30,6.5,0.5,20,50,4.08565,1
Patiala,2008,4.20416,800,28,70,50,30,6.5,0.5,20,50,4.29596,1
Patiala,2009,4.26832,800,28,70,50,30,6.5,0.5,20,50,4.20416,1
Patiala,2010,3.81837,800,28,70,50,30,6.5,0.5,20,50,4.26832,1
Patiala,2011,3.93011,800,28,70,50,30,6.5,0.5,20,50,3.81837,1
Patiala,2012,4.05497,800,28,70,50,30,6.5,0.5,20,50,3.93011,1
Patiala,2013,4.10907,800,28,70,50,30,6.5,0.5,20,50,4.05497,1
Patiala,2014,3.98745,800,28,70,50,30,6.5,0.5,20,50,4.10907,1
Patiala,2015,4.05389,800,28,70,50,30,6.5,0.5,20,50,3.98745,1
Patiala,2016,4.3091,800,28,70,50,30,6.5,0.5,20,50,4.05389,1
Patiala,2017,4.3186,800,28,70,50,30,6.5,0.5,20,50,4.3091,1
Hissar,1990,3.37539,800,28,70,50,30,6.5,0.5,20,50,4.3186,1
Hissar,1991,3.6019,800,28,70,50,30,6.5,0.5,20,50,3.37539,1
Hissar,1992,3.3125999999999998,800,28,70,50,30,6.5,0.5,20,50,3.6019,1
Hissar,1993,3.50458,800,28,70,50,30,6.5,0.5,20,50,3.3125999999999998,1
Hissar,1994,3.7336799999999997,800,28,70,50,30,6.5,0.5,20,50,3.50458,1
Hissar,1995,3.04614,800,28,70,50,30,6.5,0.5,20,50,3.7336799999999997,1
Hissar,1996,3.61502,800,28,70,50,30,6.5,0.5,20,50,3.04614,1
Hissar,1997,3.3656599999999997,800,28,70,50,30,6.5,0.5,20,50,3.61502,1
Hissar,1998,2.6254,800,28,70,50,30,6.5,0.5,20,50,3.3656599999999997,1
Hissar,1999,2.55258,800,28,70,50,30,6.5,0.5,20,50,2.6254,1
Hissar,2000,2.76273,800,28,70,50,30,6.5,0.5,20,50,2.55258,1
Hissar,2001,2.84687,800,28,70,50,30,6.5,0.5,20,50,2.76273,1
Hissar,2002,2.90903,800,28,70,50,30,6.5,0.5,20,50,2.84687,1
Hissar,2003,3.1004099999999997,800,28,70,50,30,6.5,0.5,20,50,2.90903,1
Hissar,2004,3.4576599999999997,800,28,70,50,30,6.5,0.5,20,50,3.1004099999999997,1
Hissar,2005,3.3049899999999997,800,28,70,50,30,6.5,0.5,20,50,3.4576599999999997,1
Hissar,2006,3.7353,800,28,70,50,30,6.5,0.5,20,50,3.3049899999999997,1
Hissar,2007,3.7426,800,28,70,50,30,6.5,0.5,20,50,3.7353,1
Hissar,2008,3.5149299999999997,800,28,70,50,30,6.5,0.5,20,50,3.7426,1
Hissar,2009,3.10913,800,28,70,50,30,6.5,0.5,20,50,3.5149299999999997,1
Hissar,2010,3.29102,800,28,70,50,30,6.5,0.5,20,50,3.10913,1
Hissar,2011,3.26802,800,28,70,50,30,6.5,0.5,20,50,3.29102,1
Hissar,2012,3.5188800000000002,800,28,70,50,30,6.5,0.5,20,50,3.26802,1
Hissar,2013,3.5602199999999997,800,28,70,50,30,6.5,0.5,20,50,3.5188800000000002,1
Hissar,2014,3.37133,800,28,70,50,30,6.5,0.5,20,50,3.5602199999999997,1
Hissar,2015,3.29718,800,28,70,50,30,6.5,0.5,20,50,3.37133,1
Hissar,2016,3.56075,800,28,70,50,30,6.5,0.5,20,50,3.29718,1
Hissar,2017,3.52946,800,28,70,50,30,6.5,0.5,20,50,3.56075,1
Gurgaon,1990,2.90323,800,28,70,50,30,6.5,0.5,20,50,3.52946,1
Gurgaon,1991,3.15789,800,28,70,50,30,6.5,0.5,20,50,2.90323,1
Gurgaon,1992,2.69231,800,28,70,50,30,6.5,0.5,20,50,3.15789,1
Gurgaon,1993,2.82209,800,28,70,50,30,6.5,0.5,20,50,2.69231,1
Gurgaon,1994,2.77487,800,28,70,50,30,6.5,0.5,20,50,2.82209,1
Gurgaon,1995,2.16981,800,28,70,50,30,6.5,0.5,20,50,2.77487,1
Gurgaon,1996,2.80193,800,28,70,50,30,6.5,0.5,20,50,2.16981,1
Gurgaon,1997,2.89377,800,28,70,50,30,6.5,0.5,20,50,2.80193,1
Gurgaon,1998,2.31707,800,28,70,50,30,6.5,0.5,20,50,2.89377,1
Gurgaon,1999,2.08877,800,28,70,50,30,6.5,0.5,20,50,2.31707,1
Gurgaon,2000,2.71739,800,28,70,50,30,6.5,0.5,20,50,2.08877,1
Gurgaon,2001,2.81654,800,28,70,50,30,6.5,0.5,20,50,2.71739,1
Gurgaon,2002,2.70531,800,28,70,50,30,6.5,0.5,20,50,2.81654,1
Gurgaon,2003,2.7095,800,28,70,50,30,6.5,0.5,20,50,2.70531,1
Gurgaon,2004,2.49203,800,28,70,50,30,6.5,0.5,20,50,2.7095,1
Gurgaon,2005,2.7688200000000003,800,28,70,50,30,6.5,0.5,20,50,2.49203,1
Gurgaon,2006,2.7777800000000004,800,28,70,50,30,6.5,0.5,20,50,2.7688200000000003,1
Gurgaon,2007,3.1265500000000004,800,28,70,50,30,6.5,0.5,20,50,2.7777800000000004,1
Gurgaon,2008,2.60304,800,28,70,50,30,6.5,0.5,20,50,3.1265500000000004,1
Gurgaon,2009,2.78107,800,28,70,50,30,6.5,0.5,20,50,2.60304,1
Gurgaon,2010,2.59259,800,28,70,50,30,6.5,0.5,20,50,2.78107,1
Gurgaon,2011,2.71898,800,28,70,50,30,6.5,0.5,20,50,2.59259,1
Gurgaon,2012,2.72192,800,28,70,50,30,6.5,0.5,20,50,2.71898,1
Gurgaon,2013,2.70909,800,28,70,50,30,6.5,0.5,20,50,2.72192,1
Gurgaon,2014,2.7894699999999997,800,28,70,50,30,6.5,0.5,20,50,2.70909,1
Gurgaon,2015,2.33898,800,28,70,50,30,6.5,0.5,20,50,2.7894699999999997,1
Gurgaon,2016,2.6731100000000003,800,28,70,50,30,6.5,0.5,20,50,2.33898,1
Gurgaon,2017,2.71028,800,28,70,50,30,6.5,0.5,20,50,2.6731100000000003,1
Jind,1990,2.7076,800,28,70,50,30,6.5,0.5,20,50,2.71028,1
Jind,1991,2.66676,800,28,70,50,30,6.5,0.5,20,50,2.7076,1
Jind,1992,2.42883,800,28,70,50,30,6.5,0.5,20,50,2.66676,1
Jind,1993,2.5059,800,28,70,50,30,6.5,0.5,20,50,2.42883,1
Jind,1994,2.68831,800,28,70,50,30,6.5,0.5,20,50,2.5059,1
Jind,1995,1.87782,800,28,70,50,30,6.5,0.5,20,50,2.68831,1
Jind,1996,2.9818800000000003,800,28,70,50,30,6.5,0.5,20,50,1.87782,1
Jind,1997,2.80734,800,28,70,50,30,6.5,0.5,20,50,2.9818800000000003,1
Jind,1998,2.08918,800,28,70,50,30,6.5,0.5,20,50,2.80734,1
Jind,1999,1.85514,800,28,70,50,30,6.5,0.5,20,50,2.08918,1
Jind,2000,2.07133,800,28,70,50,30,6.5,0.5,20,50,1.85514,1
Jind,2001,2.20888,800,28,70,50,30,6.5,0.5,20,50,2.07133,1
Jind,2002,2.10054,800,28,70,50,30,6.5,0.5,20,50,2.20888,1
Jind,2003,2.4122600000000003,800,28,70,50,30,6.5,0.5,20,50,2.10054,1
Jind,2004,2.3049,800,28,70,50,30,6.5,0.5,20,50,2.4122600000000003,1
Jind,2005,2.7773600000000003,800,28,70,50,30,6.5,0.5,20,50,2.3049,1
Jind,2006,2.7576,800,28,70,50,30,6.5,0.5,20,50,2.7773600000000003,1
Jind,2007,2.78241,800,28,70,50,30,6.5,0.5,20,50,2.7576,1
Jind,2008,2.37259,800,28,70,50,30,6.5,0.5,20,50,2.78241,1
Jind,2009,2.77176,800,28,70,50,30,6.5,0.5,20,50,2.37259,1
Jind,2010,2.54433,800,28,70,50,30,6.5,0.5,20,50,2.77176,1
Jind,2011,2.64975,800,28,70,50,30,6.5,0.5,20,50,2.54433,1
Jind,2012,2.86319,800,28,70,50,30,6.5,0.5,20,50,2.64975,1
Jind,2013,2.81326,800,28,70,50,30,6.5,0.5,20,50,2.86319,1
Jind,2014,2.78721,800,28,70,50,30,6.5,0.5,20,50,2.81326,1
Jind,2015,2.53696,800,28,70,50,30,6.5,0.5,20,50,2.78721,1
Jind,2016,2.7312399999999997,800,28,70,50,30,6.5,0.5,20,50,2.53696,1
Jind,2017,2.96634,800,28,70,50,30,6.5,0.5,20,50,2.7312399999999997,1
Mahendragarh / Narnaul,1990,0.0,800,28,70,50,30,6.5,0.5,20,50,2.96634,1
Mahendragarh / Narnaul,1991,0.0,800,28,70,50,30,6.5,0.5,20,50,0.0,1
Mahendragarh / Narnaul,1992,0.0,800,28,70,50,30,6.5,0.5,20,50,0.0,1
Mahendragarh / Narnaul,1993,0.0,800,28,70,50,30,6.5,0.5,20,50,0.0,1
Mahendragarh / Narnaul,1994,0.0,800,28,70,50,30,6.5,0.5,20,50,0.0,1
Mahendragarh / Narnaul,1995,0.0,800,28,70,50,30,6.5,0.5,20,50,0.0,1
Mahendragarh / Narnaul,1996,0.0,800,28,70,50,30,6.5,0.5,20,50,0.0,1
Mahendragarh / Narnaul,1997,1.875,800,28,70,50,30,6.5,0.5,20,50,0.0,1
Mahendragarh / Narnaul,1998,2.2,800,28,70,50,30,6.5,0.5,20,50,1.875,1
Mahendragarh / Narnaul,1999,2.16981,800,28,70,50,30,6.5,0.5,20,50,2.2,1
Mahendragarh / Narnaul,2000,2.84314,800,28,70,50,30,6.5,0.5,20,50,2.16981,1
Mahendragarh / Narnaul,2001,3.15789,800,28,70,50,30,6.5,0.5,20,50,2.84314,1
Mahendragarh / Narnaul,2002,2.5675700000000004,800,28,70,50,30,6.5,0.5,20,50,3.15789,1
Mahendragarh / Narnaul,2003,2.73504,800,28,70,50,30,6.5,0.5,20,50,2.5675700000000004,1
Mahendragarh / Narnaul,2004,1.7898800000000001,800,28,70,50,30,6.5,0.5,20,50,2.73504,1
Mahendragarh / Narnaul,2005,2.37762,800,28,70,50,30,6.5,0.5,20,50,1.7898800000000001,1
Mahendragarh / Narnaul,2006,2.1875,800,28,70,50,30,6.5,0.5,20,50,2.37762,1
Mahendragarh / Narnaul,2007,2.84884,800,28,70,50,30,6.5,0.5,20,50,2.1875,1
Mahendragarh / Narnaul,2008,2.20588,800,28,70,50,30,6.5,0.5,20,50,2.84884,1
Mahendragarh / Narnaul,2009,2.33202,800,28,70,50,30,6.5,0.5,20,50,2.20588,1
Mahendragarh / Narnaul,2010,2.3129299999999997,800,28,70,50,30,6.5,0.5,20,50,2.33202,1
Mahendragarh / Narnaul,2011,2.66423,800,28,70,50,30,6.5,0.5,20,50,2.3129299999999997,1
Mahendragarh / Narnaul,2012,2.9033800000000003,800,28,70,50,30,6.5,0.5,20,50,2.66423,1
Mahendragarh / Narnaul,2013,2.5454499999999998,800,28,70,50,30,6.5,0.5,20,50,2.9033800000000003,1
Mahendragarh / Narnaul,2014,1.77778,800,28,70,50,30,6.5,0.5,20,50,2.5454499999999998,1
Mahendragarh / Narnaul,2015,2.2903200000000004,800,28,70,50,30,6.5,0.5,20,50,1.77778,1
Mahendragarh / Narnaul,2016,2.12465,800,28,70,50,30,6.5,0.5,20,50,2.2903200000000004,1
Mahendragarh / Narnaul,2017,2.41096,800,28,70,50,30,6.5,0.5,20,50,2.12465,1
Ambala,1990,2.78481,800,28,70,50,30,6.5,0.5,20,50,2.41096,1
Ambala,1991,2.9052,800,28,70,50,30,6.5,0.5,20,50,2.78481,1
Ambala,1992,2.7480900000000004,800,28,70,50,30,6.5,0.5,20,50,2.9052,1
Ambala,1993,2.74955,800,28,70,50,30,6.5,0.5,20,50,2.7480900000000004,1
Ambala,1994,3.02055,800,28,70,50,30,6.5,0.5,20,50,2.74955,1
Ambala,1995,2.5604299999999998,800,28,70,50,30,6.5,0.5,20,50,3.02055,1
Ambala,1996,3.12775,800,28,70,50,30,6.5,0.5,20,50,2.5604299999999998,1
Ambala,1997,2.9209899999999998,800,28,70,50,30,6.5,0.5,20,50,3.12775,1
Ambala,1998,2.45926,800,28,70,50,30,6.5,0.5,20,50,2.9209899999999998,1
Ambala,1999,2.87856,800,28,70,50,30,6.5,0.5,20,50,2.45926,1
Ambala,2000,2.98653,800,28,70,50,30,6.5,0.5,20,50,2.87856,1
Ambala,2001,3.0530999999999997,800,28,70,50,30,6.5,0.5,20,50,2.98653,1
Ambala,2002,2.9812600000000002,800,28,70,50,30,6.5,0.5,20,50,3.0530999999999997,1
Ambala,2003,3.06793,800,28,70,50,30,6.5,0.5,20,50,2.9812600000000002,1
Ambala,2004,3.17803,800,28,70,50,30,6.5,0.5,20,50,3.06793,1
Ambala,2005,3.3169,800,28,70,50,30,6.5,0.5,20,50,3.17803,1
Ambala,2006,3.5252800000000004,800,28,70,50,30,6.5,0.5,20,50,3.3169,1
Ambala,2007,3.7005700000000004,800,28,70,50,30,6.5,0.5,20,50,3.5252800000000004,1
Ambala,2008,3.17028,800,28,70,50,30,6.5,0.5,20,50,3.7005700000000004,1
Ambala,2009,3.62972,800,28,70,50,30,6.5,0.5,20,50,3.17028,1
Ambala,2010,3.35749,800,28,70,50,30,6.5,0.5,20,50,3.62972,1
Ambala,2011,3.7386,800,28,70,50,30,6.5,0.5,20,50,3.35749,1
Ambala,2012,3.97829,800,28,70,50,30,6.5,0.5,20,50,3.7386,1
Ambala,2013,3.7974699999999997,800,28,70,50,30,6.5,0.5,20,50,3.97829,1
Ambala,2014,3.65644,800,28,70,50,30,6.5,0.5,20,50,3.7974699999999997,1
Ambala,2015,3.80215,800,28,70,50,30,6.5,0.5,20,50,3.65644,1
Ambala,2016,3.85535,800,28,70,50,30,6.5,0.5,20,50,3.80215,1
Ambala,2017,3.99179,800,28,70,50,30,6.5,0.5,20,50,3.85535,1
Karnal,1990,2.7070700000000003,800,28,70,50,30,6.5,0.5,20,50,3.99179,1
Karnal,1991,2.73786,800,28,70,50,30,6.5,0.5,20,50,2.7070700000000003,1
Karnal,1992,2.61245,800,28,70,50,30,6.5,0.5,20,50,2.73786,1
Karnal,1993,2.66998,800,28,70,50,30,6.5,0.5,20,50,2.61245,1
Karnal,1994,2.6546,800,28,70,50,30,6.5,0.5,20,50,2.66998,1
Karnal,1995,2.1512,800,28,70,50,30,6.5,0.5,20,50,2.6546,1
Karnal,1996,2.9224099999999997,800,28,70,50,30,6.5,0.5,20,50,2.1512,1
Karnal,1997,2.7790700000000004,800,28,70,50,30,6.5,0.5,20,50,2.9224099999999997,1
Karnal,1998,2.21317,800,28,70,50,30,6.5,0.5,20,50,2.7790700000000004,1
Karnal,1999,2.60691,800,28,70,50,30,6.5,0.5,20,50,2.21317,1
Karnal,2000,2.71586,800,28,70,50,30,6.5,0.5,20,50,2.60691,1
Karnal,2001,2.8211399999999998,800,28,70,50,30,6.5,0.5,20,50,2.71586,1
Karnal,2002,2.81555,800,28,70,50,30,6.5,0.5,20,50,2.8211399999999998,1
Karnal,2003,2.7669200000000003,800,28,70,50,30,6.5,0.5,20,50,2.81555,1
Karnal,2004,3.1358099999999998,800,28,70,50,30,6.5,0.5,20,50,2.7669200000000003,1
Karnal,2005,3.18322,800,28,70,50,30,6.5,0.5,20,50,3.1358099999999998,1
Karnal,2006,3.35439,800,28,70,50,30,6.5,0.5,20,50,3.18322,1
Karnal,2007,3.49705,800,28,70,50,30,6.5,0.5,20,50,3.35439,1
Karnal,2008,2.74464,800,28,70,50,30,6.5,0.5,20,50,3.49705,1
Karnal,2009,3.13887,800,28,70,50,30,6.5,0.5,20,50,2.74464,1
Karnal,2010,2.75361,800,28,70,50,30,6.5,0.5,20,50,3.13887,1
Karnal,2011,3.12493,800,28,70,50,30,6.5,0.5,20,50,2.75361,1
Karnal,2012,3.42762,800,28,70,50,30,6.5,0.5,20,50,3.12493,1
Karnal,2013,3.4617,800,28,70,50,30,6.5,0.5,20,50,3.42762,1
Karnal,2014,3.22155,800,28,70,50,30,6.5,0.5,20,50,3.4617,1
Karnal,2015,3.16056,800,28,70,50,30,6.5,0.5,20,50,3.22155,1
Karnal,2016,3.40851,800,28,70,50,30,6.5,0.5,20,50,3.16056,1
Karnal,2017,3.7911799999999998,800,28,70,50,30,6.5,0.5,20,50,3.40851,1
Rohtak,1990,2.4324299999999996,800,28,70,50,30,6.5,0.5,20,50,3.7911799999999998,1
Rohtak,1991,2.36486,800,28,70,50,30,6.5,0.5,20,50,2.4324299999999996,1
Rohtak,1992,2.2439,800,28,70,50,30,6.5,0.5,20,50,2.36486,1
Rohtak,1993,2.29694,800,28,70,50,30,6.5,0.5,20,50,2.2439,1
Rohtak,1994,2.2426500000000003,800,28,70,50,30,6.5,0.5,20,50,2.29694,1
Rohtak,1995,1.71952,800,28,70,50,30,6.5,0.5,20,50,2.2426500000000003,1
Rohtak,1996,2.2060999999999997,800,28,70,50,30,6.5,0.5,20,50,1.71952,1
Rohtak,1997,1.98326,800,28,70,50,30,6.5,0.5,20,50,2.2060999999999997,1
Rohtak,1998,1.76402,800,28,70,50,30,6.5,0.5,20,50,1.98326,1
Rohtak,1999,1.4773,800,28,70,50,30,6.5,0.5,20,50,1.76402,1
Rohtak,2000,1.69274,800,28,70,50,30,6.5,0.5,20,50,1.4773,1
Rohtak,2001,1.71956,800,28,70,50,30,6.5,0.5,20,50,1.69274,1
Rohtak,2002,2.12292,800,28,70,50,30,6.5,0.5,20,50,1.71956,1
Rohtak,2003,2.05715,800,28,70,50,30,6.5,0.5,20,50,2.12292,1
Rohtak,2004,1.76293,800,28,70,50,30,6.5,0.5,20,50,2.05715,1
Rohtak,2005,2.1804699999999997,800,28,70,50,30,6.5,0.5,20,50,1.76293,1
Rohtak,2006,2.3398000000000003,800,28,70,50,30,6.5,0.5,20,50,2.1804699999999997,1
Rohtak,2007,2.53421,800,28,70,50,30,6.5,0.5,20,50,2.3398000000000003,1
Rohtak,2008,1.61859,800,28,70,50,30,6.5,0.5,20,50,2.53421,1
Rohtak,2009,2.08909,800,28,70,50,30,6.5,0.5,20,50,1.61859,1
Rohtak,2010,1.9716300000000002,800,28,70,50,30,6.5,0.5,20,50,2.08909,1
Rohtak,2011,2.3041300000000002,800,28,70,50,30,6.5,0.5,20,50,1.9716300000000002,1
Rohtak,2012,2.19265,800,28,70,50,30,6.5,0.5,20,50,2.3041300000000002,1
Rohtak,2013,2.33507,800,28,70,50,30,6.5,0.5,20,50,2.19265,1
Rohtak,2014,2.4277399999999996,800,28,70,50,30,6.5,0.5,20,50,2.33507,1
Rohtak,2015,2.50334,800,28,70,50,30,6.5,0.5,20,50,2.4277399999999996,1
Rohtak,2016,2.28071,800,28,70,50,30,6.5,0.5,20,50,2.50334,1
Rohtak,2017,2.54979,800,28,70,50,30,6.5,0.5,20,50,2.28071,1
Saharanpur,1990,2.40337,800,28,70,50,30,6.5,0.5,20,50,2.54979,1
Saharanpur,1991,2.38494,800,28,70,50,30,6.5,0.5,20,50,2.40337,1
Saharanpur,1992,2.55191,800,28,70,50,30,6.5,0.5,20,50,2.38494,1
Saharanpur,1993,1.95759,800,28,70,50,30,6.5,0.5,20,50,2.55191,1
Saharanpur,1994,2.30594,800,28,70,50,30,6.5,0.5,20,50,1.95759,1
Saharanpur,1995,2.58665,800,28,70,50,30,6.5,0.5,20,50,2.30594,1
Saharanpur,1996,2.60488,800,28,70,50,30,6.5,0.5,20,50,2.58665,1
Saharanpur,1997,2.60806,800,28,70,50,30,6.5,0.5,20,50,2.60488,1
Saharanpur,1998,2.3641799999999997,800,28,70,50,30,6.5,0.5,20,50,2.60806,1
Saharanpur,1999,2.35402,800,28,70,50,30,6.5,0.5,20,50,2.3641799999999997,1
Saharanpur,2000,2.3129,800,28,70,50,30,6.5,0.5,20,50,2.35402,1
Saharanpur,2001,2.2175,800,28,70,50,30,6.5,0.5,20,50,2.3129,1
Saharanpur,2002,2.27941,800,28,70,50,30,6.5,0.5,20,50,2.2175,1
Saharanpur,2003,2.02907,800,28,70,50,30,6.5,0.5,20,50,2.27941,1
Saharanpur,2004,2.15604,800,28,70,50,30,6.5,0.5,20,50,2.02907,1
Saharanpur,2005,2.27787,800,28,70,50,30,6.5,0.5,20,50,2.15604,1
Saharanpur,2006,2.151,800,28,70,50,30,6.5,0.5,20,50,2.27787,1
Saharanpur,2007,2.26723,800,28,70,50,30,6.5,0.5,20,50,2.151,1
Saharanpur,2008,2.22116,800,28,70,50,30,6.5,0.5,20,50,2.26723,1
Saharanpur,2009,2.2525,800,28,70,50,30,6.5,0.5,20,50,2.22116,1
Saharanpur,2010,2.04116,800,28,70,50,30,6.5,0.5,20,50,2.2525,1
Saharanpur,2011,2.2228600000000003,800,28,70,50,30,6.5,0.5,20,50,2.04116,1
Saharanpur,2012,2.5450999999999997,800,28,70,50,30,6.5,0.5,20,50,2.2228600000000003,1
Saharanpur,2013,2.36562,800,28,70,50,30,6.5,0.5,20,50,2.5450999999999997,1
Saharanpur,2014,2.44297,800,28,70,50,30,6.5,0.5,20,50,2.36562,1
Saharanpur,2015,2.2597300000000002,800,28,70,50,30,6.5,0.5,20,50,2.44297,1
Saharanpur,2016,2.38363,800,28,70,50,30,6.5,0.5,20,50,2.2597300000000002,1
Saharanpur,2017,2.6284899999999998,800,28,70,50,30,6.5,0.5,20,50,2.38363,1
Muzaffarnagar,1990,2.38323,800,28,70,50,30,6.5,0.5,20,50,2.6284899999999998,1
Muzaffarnagar,1991,2.35961,800,28,70,50,30,6.5,0.5,20,50,2.38323,1
Muzaffarnagar,1992,2.4918299999999998,800,28,70,50,30,6.5,0.5,20,50,2.35961,1
Muzaffarnagar,1993,2.61637,800,28,70,50,30,6.5,0.5,20,50,2.4918299999999998,1
Muzaffarnagar,1994,2.27681,800,28,70,50,30,6.5,0.5,20,50,2.61637,1
Muzaffarnagar,1995,2.41148,800,28,70,50,30,6.5,0.5,20,50,2.27681,1
Muzaffarnagar,1996,2.4812399999999997,800,28,70,50,30,6.5,0.5,20,50,2.41148,1
Muzaffarnagar,1997,2.9746300000000003,800,28,70,50,30,6.5,0.5,20,50,2.4812399999999997,1
Muzaffarnagar,1998,2.53426,800,28,70,50,30,6.5,0.5,20,50,2.9746300000000003,1
Muzaffarnagar,1999,2.50893,800,28,70,50,30,6.5,0.5,20,50,2.53426,1
Muzaffarnagar,2000,2.2356599999999998,800,28,70,50,30,6.5,0.5,20,50,2.50893,1
Muzaffarnagar,2001,2.66275,800,28,70,50,30,6.5,0.5,20,50,2.2356599999999998,1
Muzaffarnagar,2002,2.3417199999999996,800,28,70,50,30,6.5,0.5,20,50,2.66275,1
Muzaffarnagar,2003,2.52251,800,28,70,50,30,6.5,0.5,20,50,2.3417199999999996,1
Muzaffarnagar,2004,2.59665,800,28,70,50,30,6.5,0.5,20,50,2.52251,1
Muzaffarnagar,2005,2.2759899999999997,800,28,70,50,30,6.5,0.5,20,50,2.59665,1
Muzaffarnagar,2006,2.23552,800,28,70,50,30,6.5,0.5,20,50,2.2759899999999997,1
Muzaffarnagar,2007,2.49025,800,28,70,50,30,6.5,0.5,20,50,2.23552,1
Muzaffarnagar,2008,2.36885,800,28,70,50,30,6.5,0.5,20,50,2.49025,1
Muzaffarnagar,2009,2.60388,800,28,70,50,30,6.5,0.5,20,50,2.36885,1
Muzaffarnagar,2010,2.23667,800,28,70,50,30,6.5,0.5,20,50,2.60388,1
Muzaffarnagar,2011,2.34763,800,28,70,50,30,6.5,0.5,20,50,2.23667,1
Muzaffarnagar,2012,2.54938,800,28,70,50,30,6.5,0.5,20,50,2.34763,1
Muzaffarnagar,2013,2.5321,800,28,70,50,30,6.5,0.5,20,50,2.54938,1
Muzaffarnagar,2014,2.57033,800,28,70,50,30,6.5,0.5,20,50,2.5321,1
Muzaffarnagar,2015,2.5390900000000003,800,28,70,50,30,6.5,0.5,20,50,2.57033,1
Muzaffarnagar,2016,2.60558,800,28,70,50,30,6.5,0.5,20,50,2.5390900000000003,1
Muzaffarnagar,2017,2.83389,800,28,70,50,30,6.5,0.5,20,50,2.60558,1
Meerut,1990,2.11237,800,28,70,50,30,6.5,0.5,20,50,2.83389,1
Meerut,1991,1.9972999999999999,800,28,70,50,30,6.5,0.5,20,50,2.11237,1
Meerut,1992,2.22086,800,28,70,50,30,6.5,0.5,20,50,1.9972999999999999,1
Meerut,1993,2.3665599999999998,800,28,70,50,30,6.5,0.5,20,50,2.22086,1
Meerut,1994,2.32508,800,28,70,50,30,6.5,0.5,20,50,2.3665599999999998,1
Meerut,1995,2.44833,800,28,70,50,30,6.5,0.5,20,50,2.32508,1
Meerut,1996,2.2874299999999996,800,28,70,50,30,6.5,0.5,20,50,2.44833,1
Meerut,1997,2.54485,800,28,70,50,30,6.5,0.5,20,50,2.2874299999999996,1
Meerut,1998,2.07606,800,28,70,50,30,6.5,0.5,20,50,2.54485,1
Meerut,1999,2.3179000000000003,800,28,70,50,30,6.5,0.5,20,50,2.07606,1
Meerut,2000,2.15586,800,28,70,50,30,6.5,0.5,20,50,2.3179000000000003,1
Meerut,2001,2.34703,800,28,70,50,30,6.5,0.5,20,50,2.15586,1
Meerut,2002,2.29993,800,28,70,50,30,6.5,0.5,20,50,2.34703,1
Meerut,2003,2.2553,800,28,70,50,30,6.5,0.5,20,50,2.29993,1
Meerut,2004,2.49696,800,28,70,50,30,6.5,0.5,20,50,2.2553,1
Meerut,2005,2.25662,800,28,70,50,30,6.5,0.5,20,50,2.49696,1
Meerut,2006,2.23686,800,28,70,50,30,6.5,0.5,20,50,2.25662,1
Meerut,2007,2.41589,800,28,70,50,30,6.5,0.5,20,50,2.23686,1
Meerut,2008,2.25698,800,28,70,50,30,6.5,0.5,20,50,2.41589,1
Meerut,2009,2.58426,800,28,70,50,30,6.5,0.5,20,50,2.25698,1
Meerut,2010,2.29587,800,28,70,50,30,6.5,0.5,20,50,2.58426,1
Meerut,2011,2.54797,800,28,70,50,30,6.5,0.5,20,50,2.29587,1
Meerut,2012,2.91395,800,28,70,50,30,6.5,0.5,20,50,2.54797,1
Meerut,2013,2.76901,800,28,70,50,30,6.5,0.5,20,50,2.91395,1
Meerut,2014,2.8411500000000003,800,28,70,50,30,6.5,0.5,20,50,2.76901,1
Meerut,2015,2.75077,800,28,70,50,30,6.5,0.5,20,50,2.8411500000000003,1
Meerut,2016,2.55965,800,28,70,50,30,6.5,0.5,20,50,2.75077,1
Meerut,2017,2.7721199999999997,800,28,70,50,30,6.5,0.5,20,50,2.55965,1
Buland Shahar,1990,1.72007,800,28,70,50,30,6.5,0.5,20,50,2.7721199999999997,1
Buland Shahar,1991,1.58477,800,28,70,50,30,6.5,0.5,20,50,1.72007,1
Buland Shahar,1992,1.94111,800,28,70,50,30,6.5,0.5,20,50,1.58477,1
Buland Shahar,1993,1.86639,800,28,70,50,30,6.5,0.5,20,50,1.94111,1
Buland Shahar,1994,1.9013499999999999,800,28,70,50,30,6.5,0.5,20,50,1.86639,1
Buland Shahar,1995,2.42368,800,28,70,50,30,6.5,0.5,20,50,1.9013499999999999,1
Buland Shahar,1996,2.2340999999999998,800,28,70,50,30,6.5,0.5,20,50,2.42368,1
Buland Shahar,1997,2.75698,800,28,70,50,30,6.5,0.5,20,50,2.2340999999999998,1
Buland Shahar,1998,2.18844,800,28,70,50,30,6.5,0.5,20,50,2.75698,1
Buland Shahar,1999,2.25058,800,28,70,50,30,6.5,0.5,20,50,2.18844,1
Buland Shahar,2000,2.02837,800,28,70,50,30,6.5,0.5,20,50,2.25058,1
Buland Shahar,2001,2.2920599999999998,800,28,70,50,30,6.5,0.5,20,50,2.02837,1
Buland Shahar,2002,2.30185,800,28,70,50,30,6.5,0.5,20,50,2.2920599999999998,1
Buland Shahar,2003,2.26533,800,28,70,50,30,6.5,0.5,20,50,2.30185,1
Buland Shahar,2004,2.4506,800,28,70,50,30,6.5,0.5,20,50,2.26533,1
Buland Shahar,2005,2.2640700000000002,800,28,70,50,30,6.5,0.5,20,50,2.4506,1
Buland Shahar,2006,2.2082100000000002,800,28,70,50,30,6.5,0.5,20,50,2.2640700000000002,1
Buland Shahar,2007,2.2857399999999997,800,28,70,50,30,6.5,0.5,20,50,2.2082100000000002,1
Buland Shahar,2008,2.32377,800,28,70,50,30,6.5,0.5,20,50,2.2857399999999997,1
Buland Shahar,2009,2.31029,800,28,70,50,30,6.5,0.5,20,50,2.32377,1
Buland Shahar,2010,2.26981,800,28,70,50,30,6.5,0.5,20,50,2.31029,1
Buland Shahar,2011,2.40327,800,28,70,50,30,6.5,0.5,20,50,2.26981,1
Buland Shahar,2012,2.7385900000000003,800,28,70,50,30,6.5,0.5,20,50,2.40327,1
Buland Shahar,2013,2.64075,800,28,70,50,30,6.5,0.5,20,50,2.7385900000000003,1
Buland Shahar,2014,2.58811,800,28,70,50,30,6.5,0.5,20,50,2.64075,1
Buland Shahar,2015,2.68813,800,28,70,50,30,6.5,0.5,20,50,2.58811,1
Buland Shahar,2016,2.52521,800,28,70,50,30,6.5,0.5,20,50,2.68813,1
Buland Shahar,2017,2.98312,800,28,70,50,30,6.5,0.5,20,50,2.52521,1
Aligarh,1990,1.50566,800,28,70,50,30,6.5,0.5,20,50,2.98312,1
Aligarh,1991,1.5141,800,28,70,50,30,6.5,0.5,20,50,1.50566,1
Aligarh,1992,1.98951,800,28,70,50,30,6.5,0.5,20,50,1.5141,1
Aligarh,1993,1.8636,800,28,70,50,30,6.5,0.5,20,50,1.98951,1
Aligarh,1994,2.01053,800,28,70,50,30,6.5,0.5,20,50,1.8636,1
Aligarh,1995,1.5961800000000002,800,28,70,50,30,6.5,0.5,20,50,2.01053,1
Aligarh,1996,1.39537,800,28,70,50,30,6.5,0.5,20,50,1.5961800000000002,1
Aligarh,1997,2.15823,800,28,70,50,30,6.5,0.5,20,50,1.39537,1
Aligarh,1998,1.76996,800,28,70,50,30,6.5,0.5,20,50,2.15823,1
Aligarh,1999,1.76508,800,28,70,50,30,6.5,0.5,20,50,1.76996,1
Aligarh,2000,2.01142,800,28,70,50,30,6.5,0.5,20,50,1.76508,1
Aligarh,2001,1.80501,800,28,70,50,30,6.5,0.5,20,50,2.01142,1
Aligarh,2002,1.6954200000000001,800,28,70,50,30,6.5,0.5,20,50,1.80501,1
Aligarh,2003,2.0340599999999998,800,28,70,50,30,6.5,0.5,20,50,1.6954200000000001,1
Aligarh,2004,2.2485399999999998,800,28,70,50,30,6.5,0.5,20,50,2.0340599999999998,1
Aligarh,2005,2.08053,800,28,70,50,30,6.5,0.5,20,50,2.2485399999999998,1
Aligarh,2006,2.03098,800,28,70,50,30,6.5,0.5,20,50,2.08053,1
Aligarh,2007,1.9946199999999998,800,28,70,50,30,6.5,0.5,20,50,2.03098,1
Aligarh,2008,2.12265,800,28,70,50,30,6.5,0.5,20,50,1.9946199999999998,1
Aligarh,2009,1.72569,800,28,70,50,30,6.5,0.5,20,50,2.12265,1
Aligarh,2010,1.9820499999999999,800,28,70,50,30,6.5,0.5,20,50,1.72569,1
Aligarh,2011,2.16582,800,28,70,50,30,6.5,0.5,20,50,1.9820499999999999,1
Aligarh,2012,2.4438,800,28,70,50,30,6.5,0.5,20,50,2.16582,1
Aligarh,2013,2.26483,800,28,70,50,30,6.5,0.5,20,50,2.4438,1
Aligarh,2014,2.15998,800,28,70,50,30,6.5,0.5,20,50,2.26483,1
Aligarh,2015,2.25894,800,28,70,50,30,6.5,0.5,20,50,2.15998,1
Aligarh,2016,2.45822,800,28,70,50,30,6.5,0.5,20,50,2.25894,1
Aligarh,2017,2.5853699999999997,800,28,70,50,30,6.5,0.5,20,50,2.45822,1
Mathura,1990,1.77676,800,28,70,50,30,6.5,0.5,20,50,2.5853699999999997,1
Mathura,1991,2.44212,800,28,70,50,30,6.5,0.5,20,50,1.77676,1
Mathura,1992,2.3373600000000003,800,28,70,50,30,6.5,0.5,20,50,2.44212,1
Mathura,1993,1.99139,800,28,70,50,30,6.5,0.5,20,50,2.3373600000000003,1
Mathura,1994,2.43789,800,28,70,50,30,6.5,0.5,20,50,1.99139,1
Mathura,1995,1.68451,800,28,70,50,30,6.5,0.5,20,50,2.43789,1
Mathura,1996,2.3420900000000002,800,28,70,50,30,6.5,0.5,20,50,1.68451,1
Mathura,1997,2.18627,800,28,70,50,30,6.5,0.5,20,50,2.3420900000000002,1
Mathura,1998,1.91099,800,28,70,50,30,6.5,0.5,20,50,2.18627,1
Mathura,1999,2.0625500000000003,800,28,70,50,30,6.5,0.5,20,50,1.91099,1
Mathura,2000,2.0865500000000003,800,28,70,50,30,6.5,0.5,20,50,2.0625500000000003,1
Mathura,2001,2.05411,800,28,70,50,30,6.5,0.5,20,50,2.0865500000000003,1
Mathura,2002,1.73347,800,28,70,50,30,6.5,0.5,20,50,2.05411,1
Mathura,2003,2.05325,800,28,70,50,30,6.5,0.5,20,50,1.73347,1
Mathura,2004,2.55599,800,28,70,50,30,6.5,0.5,20,50,2.05325,1
Mathura,2005,2.50305,800,28,70,50,30,6.5,0.5,20,50,2.55599,1
Mathura,2006,2.15337,800,28,70,50,30,6.5,0.5,20,50,2.50305,1
Mathura,2007,2.43342,800,28,70,50,30,6.5,0.5,20,50,2.15337,1
Mathura,2008,2.64377,800,28,70,50,30,6.5,0.5,20,50,2.43342,1
Mathura,2009,2.1431999999999998,800,28,70,50,30,6.5,0.5,20,50,2.64377,1
Mathura,2010,2.13083,800,28,70,50,30,6.5,0.5,20,50,2.1431999999999998,1
Mathura,2011,2.26218,800,28,70,50,30,6.5,0.5,20,50,2.13083,1
Mathura,2012,2.83575,800,28,70,50,30,6.5,0.5,20,50,2.26218,1
Mathura,2013,2.4041799999999998,800,28,70,50,30,6.5,0.5,20,50,2.83575,1
Mathura,2014,2.32308,800,28,70,50,30,6.5,0.5,20,50,2.4041799999999998,1
Mathura,2015,2.22414,800,28,70,50,30,6.5,0.5,20,50,2.32308,1
Mathura,2016,2.31399,800,28,70,50,30,6.5,0.5,20,50,2.22414,1
Mathura,2017,1.811,800,28,70,50,30,6.5,0.5,20,50,2.31399,1
Agra,1990,1.60995,800,28,70,50,30,6.5,0.5,20,50,1.811,1
Agra,1991,1.57264,800,28,70,50,30,6.5,0.5,20,50,1.60995,1
Agra,1992,1.77554,800,28,70,50,30,6.5,0.5,20,50,1.57264,1
Agra,1993,1.74973,800,28,70,50,30,6.5,0.5,20,50,1.77554,1
Agra,1994,1.7821300000000002,800,28,70,50,30,6.5,0.5,20,50,1.74973,1
Agra,1995,1.7626700000000002,800,28,70,50,30,6.5,0.5,20,50,1.7821300000000002,1
Agra,1996,1.4526,800,28,70,50,30,6.5,0.5,20,50,1.7626700000000002,1
Agra,1997,2.22408,800,28,70,50,30,6.5,0.5,20,50,1.4526,1
Agra,1998,1.9011900000000002,800,28,70,50,30,6.5,0.5,20,50,2.22408,1
Agra,1999,1.68022,800,28,70,50,30,6.5,0.5,20,50,1.9011900000000002,1
Agra,2000,1.64155,800,28,70,50,30,6.5,0.5,20,50,1.68022,1
Agra,2001,1.7797,800,28,70,50,30,6.5,0.5,20,50,1.64155,1
Agra,2002,1.86576,800,28,70,50,30,6.5,0.5,20,50,1.7797,1
Agra,2003,1.90491,800,28,70,50,30,6.5,0.5,20,50,1.86576,1
Agra,2004,2.75129,800,28,70,50,30,6.5,0.5,20,50,1.90491,1
Agra,2005,2.9138699999999997,800,28,70,50,30,6.5,0.5,20,50,2.75129,1
Agra,2006,2.72617,800,28,70,50,30,6.5,0.5,20,50,2.9138699999999997,1
Agra,2007,2.7820300000000002,800,28,70,50,30,6.5,0.5,20,50,2.72617,1
Agra,2008,2.67314,800,28,70,50,30,6.5,0.5,20,50,2.7820300000000002,1
Agra,2009,2.40156,800,28,70,50,30,6.5,0.5,20,50,2.67314,1
Agra,2010,2.4533899999999997,800,28,70,50,30,6.5,0.5,20,50,2.40156,1
Agra,2011,2.69522,800,28,70,50,30,6.5,0.5,20,50,2.4533899999999997,1
Agra,2012,2.7263800000000002,800,28,70,50,30,6.5,0.5,20,50,2.69522,1
Agra,2013,2.66053,800,28,70,50,30,6.5,0.5,20,50,2.7263800000000002,1
Agra,2014,2.40374,800,28,70,50,30,6.5,0.5,20,50,2.66053,1
Agra,2015,2.3979,800,28,70,50,30,6.5,0.5,20,50,2.40374,1
Agra,2016,2.61116,800,28,70,50,30,6.5,0.5,20,50,2.3979,1
Agra,2017,2.63898,800,28,70,50,30,6.5,0.5,20,50,2.61116,1
Mainpuri,1990,1.8285799999999999,800,28,70,50,30,6.5,0.5,20,50,2.63898,1
Mainpuri,1991,1.7002599999999999,800,28,70,50,30,6.5,0.5,20,50,1.8285799999999999,1
Mainpuri,1992,1.7575,800,28,70,50,30,6.5,0.5,20,50,1.7002599999999999,1
Mainpuri,1993,2.00918,800,28,70,50,30,6.5,0.5,20,50,1.7575,1
Mainpuri,1994,2.0680500000000004,800,28,70,50,30,6.5,0.5,20,50,2.00918,1
Mainpuri,1995,1.93981,800,28,70,50,30,6.5,0.5,20,50,2.0680500000000004,1
Mainpuri,1996,1.82859,800,28,70,50,30,6.5,0.5,20,50,1.93981,1
Mainpuri,1997,2.25712,800,28,70,50,30,6.5,0.5,20,50,1.82859,1
Mainpuri,1998,2.07964,800,28,70,50,30,6.5,0.5,20,50,2.25712,1
Mainpuri,1999,1.9602899999999999,800,28,70,50,30,6.5,0.5,20,50,2.07964,1
Mainpuri,2000,1.94178,800,28,70,50,30,6.5,0.5,20,50,1.9602899999999999,1
Mainpuri,2001,2.0401700000000003,800,28,70,50,30,6.5,0.5,20,50,1.94178,1
Mainpuri,2002,1.91848,800,28,70,50,30,6.5,0.5,20,50,2.0401700000000003,1
Mainpuri,2003,1.65666,800,28,70,50,30,6.5,0.5,20,50,1.91848,1
Mainpuri,2004,2.2931399999999997,800,28,70,50,30,6.5,0.5,20,50,1.65666,1
Mainpuri,2005,2.45964,800,28,70,50,30,6.5,0.5,20,50,2.2931399999999997,1
Mainpuri,2006,2.58042,800,28,70,50,30,6.5,0.5,20,50,2.45964,1
Mainpuri,2007,2.49035,800,28,70,50,30,6.5,0.5,20,50,2.58042,1
Mainpuri,2008,2.56407,800,28,70,50,30,6.5,0.5,20,50,2.49035,1
Mainpuri,2009,2.45309,800,28,70,50,30,6.5,0.5,20,50,2.56407,1
Mainpuri,2010,2.45029,800,28,70,50,30,6.5,0.5,20,50,2.45309,1
Mainpuri,2011,2.5828,800,28,70,50,30,6.5,0.5,20,50,2.45029,1
Mainpuri,2012,2.66952,800,28,70,50,30,6.5,0.5,20,50,2.5828,1
Mainpuri,2013,2.65947,800,28,70,50,30,6.5,0.5,20,50,2.66952,1
Mainpuri,2014,2.5767399999999996,800,28,70,50,30,6.5,0.5,20,50,2.65947,1
Mainpuri,2015,2.5941,800,28,70,50,30,6.5,0.5,20,50,2.5767399999999996,1
Mainpuri,2016,2.52867,800,28,70,50,30,6.5,0.5,20,50,2.5941,1
Mainpuri,2017,2.9578200000000003,800,28,70,50,30,6.5,0.5,20,50,2.52867,1
Etah,1990,1.55366,800,28,70,50,30,6.5,0.5,20,50,2.9578200000000003,1
Etah,1991,1.6411300000000002,800,28,70,50,30,6.5,0.5,20,50,1.55366,1
Etah,1992,1.92258,800,28,70,50,30,6.5,0.5,20,50,1.6411300000000002,1
Etah,1993,1.80064,800,28,70,50,30,6.5,0.5,20,50,1.92258,1
Etah,1994,2.0233,800,28,70,50,30,6.5,0.5,20,50,1.80064,1
Etah,1995,1.78691,800,28,70,50,30,6.5,0.5,20,50,2.0233,1
Etah,1996,1.6181400000000001,800,28,70,50,30,6.5,0.5,20,50,1.78691,1
Etah,1997,1.83875,800,28,70,50,30,6.5,0.5,20,50,1.6181400000000001,1
Etah,1998,2.06177,800,28,70,50,30,6.5,0.5,20,50,1.83875,1
Etah,1999,1.72065,800,28,70,50,30,6.5,0.5,20,50,2.06177,1
Etah,2000,1.80597,800,28,70,50,30,6.5,0.5,20,50,1.72065,1
Etah,2001,1.4976800000000001,800,28,70,50,30,6.5,0.5,20,50,1.80597,1
Etah,2002,1.53601,800,28,70,50,30,6.5,0.5,20,50,1.4976800000000001,1
Etah,2003,1.8025,800,28,70,50,30,6.5,0.5,20,50,1.53601,1
Etah,2004,2.0129,800,28,70,50,30,6.5,0.5,20,50,1.8025,1
Etah,2005,2.20169,800,28,70,50,30,6.5,0.5,20,50,2.0129,1
Etah,2006,2.1656,800,28,70,50,30,6.5,0.5,20,50,2.20169,1
Etah,2007,2.26885,800,28,70,50,30,6.5,0.5,20,50,2.1656,1
Etah,2008,2.21792,800,28,70,50,30,6.5,0.5,20,50,2.26885,1
Etah,2009,2.1505199999999998,800,28,70,50,30,6.5,0.5,20,50,2.21792,1
Etah,2010,2.12497,800,28,70,50,30,6.5,0.5,20,50,2.1505199999999998,1
Etah,2011,2.5534,800,28,70,50,30,6.5,0.5,20,50,2.12497,1
Etah,2012,2.69035,800,28,70,50,30,6.5,0.5,20,50,2.5534,1
Etah,2013,2.28469,800,28,70,50,30,6.5,0.5,20,50,2.69035,1
Etah,2014,2.30062,800,28,70,50,30,6.5,0.5,20,50,2.28469,1
Etah,2015,1.6854500000000001,800,28,70,50,30,6.5,0.5,20,50,2.30062,1
Etah,2016,2.35695,800,28,70,50,30,6.5,0.5,20,50,1.6854500000000001,1
Etah,2017,2.47644,800,28,70,50,30,6.5,0.5,20,50,2.35695,1
Bareilly,1990,2.1904299999999997,800,28,70,50,30,6.5,0.5,20,50,2.47644,1
Bareilly,1991,1.81624,800,28,70,50,30,6.5,0.5,20,50,2.1904299999999997,1
Bareilly,1992,1.7708199999999998,800,28,70,50,30,6.5,0.5,20,50,1.81624,1
Bareilly,1993,1.93536,800,28,70,50,30,6.5,0.5,20,50,1.7708199999999998,1
Bareilly,1994,1.8183699999999998,800,28,70,50,30,6.5,0.5,20,50,1.93536,1
Bareilly,1995,2.15589,800,28,70,50,30,6.5,0.5,20,50,1.8183699999999998,1
Bareilly,1996,2.40729,800,28,70,50,30,6.5,0.5,20,50,2.15589,1
Bareilly,1997,2.31121,800,28,70,50,30,6.5,0.5,20,50,2.40729,1
Bareilly,1998,2.09113,800,28,70,50,30,6.5,0.5,20,50,2.31121,1
Bareilly,1999,2.12346,800,28,70,50,30,6.5,0.5,20,50,2.09113,1
Bareilly,2000,1.9366199999999998,800,28,70,50,30,6.5,0.5,20,50,2.12346,1
Bareilly,2001,2.06894,800,28,70,50,30,6.5,0.5,20,50,1.9366199999999998,1
Bareilly,2002,1.8689,800,28,70,50,30,6.5,0.5,20,50,2.06894,1
Bareilly,2003,2.11858,800,28,70,50,30,6.5,0.5,20,50,1.8689,1
Bareilly,2004,1.91893,800,28,70,50,30,6.5,0.5,20,50,2.11858,1
Bareilly,2005,1.88482,800,28,70,50,30,6.5,0.5,20,50,1.91893,1
Bareilly,2006,1.78674,800,28,70,50,30,6.5,0.5,20,50,1.88482,1
Bareilly,2007,1.9203,800,28,70,50,30,6.5,0.5,20,50,1.78674,1
Bareilly,2008,1.7559500000000001,800,28,70,50,30,6.5,0.5,20,50,1.9203,1
Bareilly,2009,1.77907,800,28,70,50,30,6.5,0.5,20,50,1.7559500000000001,1
Bareilly,2010,1.65037,800,28,70,50,30,6.5,0.5,20,50,1.77907,1
Bareilly,2011,2.5096700000000003,800,28,70,50,30,6.5,0.5,20,50,1.65037,1
Bareilly,2012,2.28295,800,28,70,50,30,6.5,0.5,20,50,2.5096700000000003,1
Bareilly,2013,2.24994,800,28,70,50,30,6.5,0.5,20,50,2.28295,1
Bareilly,2014,2.05898,800,28,70,50,30,6.5,0.5,20,50,2.24994,1
Bareilly,2015,2.06399,800,28,70,50,30,6.5,0.5,20,50,2.05898,1
Bareilly,2016,2.236,800,28,70,50,30,6.5,0.5,20,50,2.06399,1
Bareilly,2017,2.46099,800,28,70,50,30,6.5,0.5,20,50,2.236,1
Budaun,1990,1.60655,800,28,70,50,30,6.5,0.5,20,50,2.46099,1
Budaun,1991,1.45575,800,28,70,50,30,6.5,0.5,20,50,1.60655,1
Budaun,1992,1.73277,800,28,70,50,30,6.5,0.5,20,50,1.45575,1
Budaun,1993,1.66371,800,28,70,50,30,6.5,0.5,20,50,1.73277,1
Budaun,1994,1.57754,800,28,70,50,30,6.5,0.5,20,50,1.66371,1
Budaun,1995,1.72099,800,28,70,50,30,6.5,0.5,20,50,1.57754,1
Budaun,1996,1.7384000000000002,800,28,70,50,30,6.5,0.5,20,50,1.72099,1
Budaun,1997,1.86863,800,28,70,50,30,6.5,0.5,20,50,1.7384000000000002,1
Budaun,1998,1.7463499999999998,800,28,70,50,30,6.5,0.5,20,50,1.86863,1
Budaun,1999,1.8542100000000001,800,28,70,50,30,6.5,0.5,20,50,1.7463499999999998,1
Budaun,2000,1.53579,800,28,70,50,30,6.5,0.5,20,50,1.8542100000000001,1
Budaun,2001,1.56308,800,28,70,50,30,6.5,0.5,20,50,1.53579,1
Budaun,2002,1.3422,800,28,70,50,30,6.5,0.5,20,50,1.56308,1
Budaun,2003,1.99359,800,28,70,50,30,6.5,0.5,20,50,1.3422,1
Budaun,2004,1.5480999999999998,800,28,70,50,30,6.5,0.5,20,50,1.99359,1
Budaun,2005,1.75425,800,28,70,50,30,6.5,0.5,20,50,1.5480999999999998,1
Budaun,2006,1.8393,800,28,70,50,30,6.5,0.5,20,50,1.75425,1
Budaun,2007,1.78449,800,28,70,50,30,6.5,0.5,20,50,1.8393,1
Budaun,2008,1.76295,800,28,70,50,30,6.5,0.5,20,50,1.78449,1
Budaun,2009,2.01005,800,28,70,50,30,6.5,0.5,20,50,1.76295,1
Budaun,2010,1.8851300000000002,800,28,70,50,30,6.5,0.5,20,50,2.01005,1
Budaun,2011,2.15334,800,28,70,50,30,6.5,0.5,20,50,1.8851300000000002,1
Budaun,2012,1.88991,800,28,70,50,30,6.5,0.5,20,50,2.15334,1
Budaun,2013,2.21883,800,28,70,50,30,6.5,0.5,20,50,1.88991,1
Budaun,2014,2.07208,800,28,70,50,30,6.5,0.5,20,50,2.21883,1
Budaun,2015,1.92098,800,28,70,50,30,6.5,0.5,20,50,2.07208,1
Budaun,2016,2.1381300000000003,800,28,70,50,30,6.5,0.5,20,50,1.92098,1
Budaun,2017,2.13341,800,28,70,50,30,6.5,0.5,20,50,2.1381300000000003,1
Moradabad,1990,2.35504,800,28,70,50,30,6.5,0.5,20,50,2.13341,1
Moradabad,1991,2.0679499999999997,800,28,70,50,30,6.5,0.5,20,50,2.35504,1
Moradabad,1992,2.39034,800,28,70,50,30,6.5,0.5,20,50,2.0679499999999997,1
Moradabad,1993,2.36414,800,28,70,50,30,6.5,0.5,20,50,2.39034,1
Moradabad,1994,2.32161,800,28,70,50,30,6.5,0.5,20,50,2.36414,1
Moradabad,1995,2.42523,800,28,70,50,30,6.5,0.5,20,50,2.32161,1
Moradabad,1996,2.6167800000000003,800,28,70,50,30,6.5,0.5,20,50,2.42523,1
Moradabad,1997,2.44282,800,28,70,50,30,6.5,0.5,20,50,2.6167800000000003,1
Moradabad,1998,2.1955500000000003,800,28,70,50,30,6.5,0.5,20,50,2.44282,1
Moradabad,1999,2.14727,800,28,70,50,30,6.5,0.5,20,50,2.1955500000000003,1
Moradabad,2000,2.3025300000000004,800,28,70,50,30,6.5,0.5,20,50,2.14727,1
Moradabad,2001,2.28854,800,28,70,50,30,6.5,0.5,20,50,2.3025300000000004,1
Moradabad,2002,2.2310700000000003,800,28,70,50,30,6.5,0.5,20,50,2.28854,1
Moradabad,2003,2.3512199999999996,800,28,70,50,30,6.5,0.5,20,50,2.2310700000000003,1
Moradabad,2004,2.36077,800,28,70,50,30,6.5,0.5,20,50,2.3512199999999996,1
Moradabad,2005,2.0486,800,28,70,50,30,6.5,0.5,20,50,2.36077,1
Moradabad,2006,2.0879899999999996,800,28,70,50,30,6.5,0.5,20,50,2.0486,1
Moradabad,2007,2.3126700000000002,800,28,70,50,30,6.5,0.5,20,50,2.0879899999999996,1
Moradabad,2008,2.1669699999999996,800,28,70,50,30,6.5,0.5,20,50,2.3126700000000002,1
Moradabad,2009,2.2776199999999998,800,28,70,50,30,6.5,0.5,20,50,2.1669699999999996,1
Moradabad,2010,1.81716,800,28,70,50,30,6.5,0.5,20,50,2.2776199999999998,1
Moradabad,2011,2.07495,800,28,70,50,30,6.5,0.5,20,50,1.81716,1
Moradabad,2012,2.2910100000000004,800,28,70,50,30,6.5,0.5,20,50,2.07495,1
Moradabad,2013,2.18798,800,28,70,50,30,6.5,0.5,20,50,2.2910100000000004,1
Moradabad,2014,2.37263,800,28,70,50,30,6.5,0.5,20,50,2.18798,1
Moradabad,2015,2.31732,800,28,70,50,30,6.5,0.5,20,50,2.37263,1
Moradabad,2016,2.24287,800,28,70,50,30,6.5,0.5,20,50,2.31732,1
Moradabad,2017,2.32688,800,28,70,50,30,6.5,0.5,20,50,2.24287,1
Shahjahanpur,1990,2.3542899999999998,800,28,70,50,30,6.5,0.5,20,50,2.32688,1
Shahjahanpur,1991,2.3505,800,28,70,50,30,6.5,0.5,20,50,2.3542899999999998,1
Shahjahanpur,1992,2.2798000000000003,800,28,70,50,30,6.5,0.5,20,50,2.3505,1
Shahjahanpur,1993,2.3500199999999998,800,28,70,50,30,6.5,0.5,20,50,2.2798000000000003,1
Shahjahanpur,1994,2.17628,800,28,70,50,30,6.5,0.5,20,50,2.3500199999999998,1
Shahjahanpur,1995,2.5245100000000003,800,28,70,50,30,6.5,0.5,20,50,2.17628,1
Shahjahanpur,1996,2.60797,800,28,70,50,30,6.5,0.5,20,50,2.5245100000000003,1
Shahjahanpur,1997,2.62581,800,28,70,50,30,6.5,0.5,20,50,2.60797,1
Shahjahanpur,1998,2.2131999999999996,800,28,70,50,30,6.5,0.5,20,50,2.62581,1
Shahjahanpur,1999,2.46019,800,28,70,50,30,6.5,0.5,20,50,2.2131999999999996,1
Shahjahanpur,2000,2.26525,800,28,70,50,30,6.5,0.5,20,50,2.46019,1
Shahjahanpur,2001,2.38044,800,28,70,50,30,6.5,0.5,20,50,2.26525,1
Shahjahanpur,2002,2.07403,800,28,70,50,30,6.5,0.5,20,50,2.38044,1
Shahjahanpur,2003,2.2543200000000003,800,28,70,50,30,6.5,0.5,20,50,2.07403,1
Shahjahanpur,2004,2.37797,800,28,70,50,30,6.5,0.5,20,50,2.2543200000000003,1
Shahjahanpur,2005,2.12133,800,28,70,50,30,6.5,0.5,20,50,2.37797,1
Shahjahanpur,2006,2.20651,800,28,70,50,30,6.5,0.5,20,50,2.12133,1
Shahjahanpur,2007,2.3967899999999998,800,28,70,50,30,6.5,0.5,20,50,2.20651,1
Shahjahanpur,2008,2.262,800,28,70,50,30,6.5,0.5,20,50,2.3967899999999998,1
Shahjahanpur,2009,2.64736,800,28,70,50,30,6.5,0.5,20,50,2.262,1
Shahjahanpur,2010,2.13804,800,28,70,50,30,6.5,0.5,20,50,2.64736,1
Shahjahanpur,2011,2.604,800,28,70,50,30,6.5,0.5,20,50,2.13804,1
Shahjahanpur,2012,2.77102,800,28,70,50,30,6.5,0.5,20,50,2.604,1
Shahjahanpur,2013,2.68391,800,28,70,50,30,6.5,0.5,20,50,2.77102,1
Shahjahanpur,2014,2.80495,800,28,70,50,30,6.5,0.5,20,50,2.68391,1
Shahjahanpur,2015,3.1490500000000003,800,28,70,50,30,6.5,0.5,20,50,2.80495,1
Shahjahanpur,2016,2.974,800,28,70,50,30,6.5,0.5,20,50,3.1490500000000003,1
Shahjahanpur,2017,3.259,800,28,70,50,30,6.5,0.5,20,50,2.974,1
Pilibhit,1990,2.68046,800,28,70,50,30,6.5,0.5,20,50,3.259,1
Pilibhit,1991,2.8229,800,28,70,50,30,6.5,0.5,20,50,2.68046,1
Pilibhit,1992,2.45227,800,28,70,50,30,6.5,0.5,20,50,2.8229,1
Pilibhit,1993,2.64277,800,28,70,50,30,6.5,0.5,20,50,2.45227,1
Pilibhit,1994,2.3624099999999997,800,28,70,50,30,6.5,0.5,20,50,2.64277,1
Pilibhit,1995,2.7549200000000003,800,28,70,50,30,6.5,0.5,20,50,2.3624099999999997,1
Pilibhit,1996,2.80242,800,28,70,50,30,6.5,0.5,20,50,2.7549200000000003,1
Pilibhit,1997,2.9956,800,28,70,50,30,6.5,0.5,20,50,2.80242,1
Pilibhit,1998,2.60633,800,28,70,50,30,6.5,0.5,20,50,2.9956,1
Pilibhit,1999,2.6541900000000003,800,28,70,50,30,6.5,0.5,20,50,2.60633,1
Pilibhit,2000,2.6799,800,28,70,50,30,6.5,0.5,20,50,2.6541900000000003,1
Pilibhit,2001,3.03458,800,28,70,50,30,6.5,0.5,20,50,2.6799,1
Pilibhit,2002,2.81028,800,28,70,50,30,6.5,0.5,20,50,3.03458,1
Pilibhit,2003,2.7149,800,28,70,50,30,6.5,0.5,20,50,2.81028,1
Pilibhit,2004,2.52502,800,28,70,50,30,6.5,0.5,20,50,2.7149,1
Pilibhit,2005,2.50623,800,28,70,50,30,6.5,0.5,20,50,2.52502,1
Pilibhit,2006,2.4121599999999996,800,28,70,50,30,6.5,0.5,20,50,2.50623,1
Pilibhit,2007,2.85392,800,28,70,50,30,6.5,0.5,20,50,2.4121599999999996,1
Pilibhit,2008,2.4139899999999996,800,28,70,50,30,6.5,0.5,20,50,2.85392,1
Pilibhit,2009,2.59809,800,28,70,50,30,6.5,0.5,20,50,2.4139899999999996,1
Pilibhit,2010,2.4857199999999997,800,28,70,50,30,6.5,0.5,20,50,2.59809,1
Pilibhit,2011,2.80703,800,28,70,50,30,6.5,0.5,20,50,2.4857199999999997,1
Pilibhit,2012,2.5241700000000002,800,28,70,50,30,6.5,0.5,20,50,2.80703,1
Pilibhit,2013,2.797,800,28,70,50,30,6.5,0.5,20,50,2.5241700000000002,1
Pilibhit,2014,2.62602,800,28,70,50,30,6.5,0.5,20,50,2.797,1
Pilibhit,2015,3.01,800,28,70,50,30,6.5,0.5,20,50,2.62602,1
Pilibhit,2016,3.132,800,28,70,50,30,6.5,0.5,20,50,3.01,1
Pilibhit,2017,3.276,800,28,70,50,30,6.5,0.5,20,50,3.132,1
Rampur,1990,2.20519,800,28,70,50,30,6.5,0.5,20,50,3.276,1
Rampur,1991,2.2864299999999997,800,28,70,50,30,6.5,0.5,20,50,2.20519,1
Rampur,1992,2.13184,800,28,70,50,30,6.5,0.5,20,50,2.2864299999999997,1
Rampur,1993,2.3534200000000003,800,28,70,50,30,6.5,0.5,20,50,2.13184,1
Rampur,1994,2.3858800000000002,800,28,70,50,30,6.5,0.5,20,50,2.3534200000000003,1
Rampur,1995,2.5178499999999997,800,28,70,50,30,6.5,0.5,20,50,2.3858800000000002,1
Rampur,1996,2.75248,800,28,70,50,30,6.5,0.5,20,50,2.5178499999999997,1
Rampur,1997,2.53079,800,28,70,50,30,6.5,0.5,20,50,2.75248,1
Rampur,1998,1.84314,800,28,70,50,30,6.5,0.5,20,50,2.53079,1
Rampur,1999,2.29724,800,28,70,50,30,6.5,0.5,20,50,1.84314,1
Rampur,2000,2.25413,800,28,70,50,30,6.5,0.5,20,50,2.29724,1
Rampur,2001,2.40029,800,28,70,50,30,6.5,0.5,20,50,2.25413,1
Rampur,2002,2.25334,800,28,70,50,30,6.5,0.5,20,50,2.40029,1
Rampur,2003,2.11752,800,28,70,50,30,6.5,0.5,20,50,2.25334,1
Rampur,2004,2.22594,800,28,70,50,30,6.5,0.5,20,50,2.11752,1
Rampur,2005,1.9936800000000001,800,28,70,50,30,6.5,0.5,20,50,2.22594,1
Rampur,2006,2.0982,800,28,70,50,30,6.5,0.5,20,50,1.9936800000000001,1
Rampur,2007,2.24781,800,28,70,50,30,6.5,0.5,20,50,2.0982,1
Rampur,2008,1.97399,800,28,70,50,30,6.5,0.5,20,50,2.24781,1
Rampur,2009,2.23906,800,28,70,50,30,6.5,0.5,20,50,1.97399,1
Rampur,2010,1.9218199999999999,800,28,70,50,30,6.5,0.5,20,50,2.23906,1
Rampur,2011,2.18525,800,28,70,50,30,6.5,0.5,20,50,1.9218199999999999,1
Rampur,2012,2.27301,800,28,70,50,30,6.5,0.5,20,50,2.18525,1
Rampur,2013,2.241,800,28,70,50,30,6.5,0.5,20,50,2.27301,1
Rampur,2014,2.26,800,28,70,50,30,6.5,0.5,20,50,2.241,1
Rampur,2015,2.25989,800,28,70,50,30,6.5,0.5,20,50,2.26,1
Rampur,2016,2.44,800,28,70,50,30,6.5,0.5,20,50,2.25989,1
Rampur,2017,2.369,800,28,70,50,30,6.5,0.5,20,50,2.44,1
Bijnor,1990,2.73147,800,28,70,50,30,6.5,0.5,20,50,2.369,1
Bijnor,1991,2.5375900000000002,800,28,70,50,30,6.5,0.5,20,50,2.73147,1
Bijnor,1992,2.71366,800,28,70,50,30,6.5,0.5,20,50,2.5375900000000002,1
Bijnor,1993,2.51744,800,28,70,50,30,6.5,0.5,20,50,2.71366,1
Bijnor,1994,2.77317,800,28,70,50,30,6.5,0.5,20,50,2.51744,1
Bijnor,1995,2.97201,800,28,70,50,30,6.5,0.5,20,50,2.77317,1
Bijnor,1996,3.01239,800,28,70,50,30,6.5,0.5,20,50,2.97201,1
Bijnor,1997,2.97368,800,28,70,50,30,6.5,0.5,20,50,3.01239,1
Bijnor,1998,2.81675,800,28,70,50,30,6.5,0.5,20,50,2.97368,1
Bijnor,1999,2.78295,800,28,70,50,30,6.5,0.5,20,50,2.81675,1
Bijnor,2000,2.7853600000000003,800,28,70,50,30,6.5,0.5,20,50,2.78295,1
Bijnor,2001,3.01285,800,28,70,50,30,6.5,0.5,20,50,2.7853600000000003,1
Bijnor,2002,2.6819,800,28,70,50,30,6.5,0.5,20,50,3.01285,1
Bijnor,2003,2.56496,800,28,70,50,30,6.5,0.5,20,50,2.6819,1
Bijnor,2004,2.85622,800,28,70,50,30,6.5,0.5,20,50,2.56496,1
Bijnor,2005,2.61375,800,28,70,50,30,6.5,0.5,20,50,2.85622,1
Bijnor,2006,2.5828800000000003,800,28,70,50,30,6.5,0.5,20,50,2.61375,1
Bijnor,2007,2.57556,800,28,70,50,30,6.5,0.5,20,50,2.5828800000000003,1
Bijnor,2008,2.52301,800,28,70,50,30,6.5,0.5,20,50,2.57556,1
Bijnor,2009,2.40218,800,28,70,50,30,6.5,0.5,20,50,2.52301,1
Bijnor,2010,2.2426500000000003,800,28,70,50,30,6.5,0.5,20,50,2.40218,1
Bijnor,2011,2.39482,800,28,70,50,30,6.5,0.5,20,50,2.2426500000000003,1
Bijnor,2012,2.74628,800,28,70,50,30,6.5,0.5,20,50,2.39482,1
Bijnor,2013,2.32905,800,28,70,50,30,6.5,0.5,20,50,2.74628,1
Bijnor,2014,2.6159499999999998,800,28,70,50,30,6.5,0.5,20,50,2.32905,1
Bijnor,2015,2.5900700000000003,800,28,70,50,30,6.5,0.5,20,50,2.6159499999999998,1
Bijnor,2016,2.527,800,28,70,50,30,6.5,0.5,20,50,2.5900700000000003,1
Bijnor,2017,2.51102,800,28,70,50,30,6.5,0.5,20,50,2.527,1
Farrukhabad,1990,1.86199,800,28,70,50,30,6.5,0.5,20,50,2.51102,1
Farrukhabad,1991,1.59426,800,28,70,50,30,6.5,0.5,20,50,1.86199,1
Farrukhabad,1992,2.0195499999999997,800,28,70,50,30,6.5,0.5,20,50,1.59426,1
Farrukhabad,1993,1.8642100000000001,800,28,70,50,30,6.5,0.5,20,50,2.0195499999999997,1
Farrukhabad,1994,1.8741199999999998,800,28,70,50,30,6.5,0.5,20,50,1.8642100000000001,1
Farrukhabad,1995,2.1583,800,28,70,50,30,6.5,0.5,20,50,1.8741199999999998,1
Farrukhabad,1996,2.0914699999999997,800,28,70,50,30,6.5,0.5,20,50,2.1583,1
Farrukhabad,1997,2.26979,800,28,70,50,30,6.5,0.5,20,50,2.0914699999999997,1
Farrukhabad,1998,2.02969,800,28,70,50,30,6.5,0.5,20,50,2.26979,1
Farrukhabad,1999,2.1226599999999998,800,28,70,50,30,6.5,0.5,20,50,2.02969,1
Farrukhabad,2000,1.78775,800,28,70,50,30,6.5,0.5,20,50,2.1226599999999998,1
Farrukhabad,2001,2.018,800,28,70,50,30,6.5,0.5,20,50,1.78775,1
Farrukhabad,2002,2.1102,800,28,70,50,30,6.5,0.5,20,50,2.018,1
Farrukhabad,2003,1.83734,800,28,70,50,30,6.5,0.5,20,50,2.1102,1
Farrukhabad,2004,2.3538,800,28,70,50,30,6.5,0.5,20,50,1.83734,1
Farrukhabad,2005,2.3347800000000003,800,28,70,50,30,6.5,0.5,20,50,2.3538,1
Farrukhabad,2006,2.34665,800,28,70,50,30,6.5,0.5,20,50,2.3347800000000003,1
Farrukhabad,2007,2.48108,800,28,70,50,30,6.5,0.5,20,50,2.34665,1
Farrukhabad,2008,2.62007,800,28,70,50,30,6.5,0.5,20,50,2.48108,1
Farrukhabad,2009,2.43975,800,28,70,50,30,6.5,0.5,20,50,2.62007,1
Farrukhabad,2010,2.2159899999999997,800,28,70,50,30,6.5,0.5,20,50,2.43975,1
Farrukhabad,2011,2.6274499999999996,800,28,70,50,30,6.5,0.5,20,50,2.2159899999999997,1
Farrukhabad,2012,2.9094,800,28,70,50,30,6.5,0.5,20,50,2.6274499999999996,1
Farrukhabad,2013,2.83223,800,28,70,50,30,6.5,0.5,20,50,2.9094,1
Farrukhabad,2014,2.52344,800,28,70,50,30,6.5,0.5,20,50,2.83223,1
Farrukhabad,2015,2.32298,800,28,70,50,30,6.5,0.5,20,50,2.52344,1
Farrukhabad,2016,2.65733,800,28,70,50,30,6.5,0.5,20,50,2.32298,1
Farrukhabad,2017,3.12212,800,28,70,50,30,6.5,0.5,20,50,2.65733,1
Etawah,1990,2.00889,800,28,70,50,30,6.5,0.5,20,50,3.12212,1
Etawah,1991,1.80722,800,28,70,50,30,6.5,0.5,20,50,2.00889,1
Etawah,1992,2.15583,800,28,70,50,30,6.5,0.5,20,50,1.80722,1
Etawah,1993,2.1583099999999997,800,28,70,50,30,6.5,0.5,20,50,2.15583,1
Etawah,1994,2.12346,800,28,70,50,30,6.5,0.5,20,50,2.1583099999999997,1
Etawah,1995,2.0046,800,28,70,50,30,6.5,0.5,20,50,2.12346,1
Etawah,1996,2.22658,800,28,70,50,30,6.5,0.5,20,50,2.0046,1
Etawah,1997,2.49708,800,28,70,50,30,6.5,0.5,20,50,2.22658,1
Etawah,1998,2.4190500000000004,800,28,70,50,30,6.5,0.5,20,50,2.49708,1
Etawah,1999,2.48073,800,28,70,50,30,6.5,0.5,20,50,2.4190500000000004,1
Etawah,2000,1.91266,800,28,70,50,30,6.5,0.5,20,50,2.48073,1
Etawah,2001,2.32572,800,28,70,50,30,6.5,0.5,20,50,1.91266,1
Etawah,2002,2.26369,800,28,70,50,30,6.5,0.5,20,50,2.32572,1
Etawah,2003,2.30628,800,28,70,50,30,6.5,0.5,20,50,2.26369,1
Etawah,2004,2.7824400000000002,800,28,70,50,30,6.5,0.5,20,50,2.30628,1
Etawah,2005,2.55279,800,28,70,50,30,6.5,0.5,20,50,2.7824400000000002,1
Etawah,2006,2.72332,800,28,70,50,30,6.5,0.5,20,50,2.55279,1
Etawah,2007,2.64665,800,28,70,50,30,6.5,0.5,20,50,2.72332,1
Etawah,2008,2.9294499999999997,800,28,70,50,30,6.5,0.5,20,50,2.64665,1
Etawah,2009,2.70437,800,28,70,50,30,6.5,0.5,20,50,2.9294499999999997,1
Etawah,2010,2.61402,800,28,70,50,30,6.5,0.5,20,50,2.70437,1
Etawah,2011,2.80041,800,28,70,50,30,6.5,0.5,20,50,2.61402,1
Etawah,2012,3.04508,800,28,70,50,30,6.5,0.5,20,50,2.80041,1
Etawah,2013,3.09075,800,28,70,50,30,6.5,0.5,20,50,3.04508,1
Etawah,2014,2.87821,800,28,70,50,30,6.5,0.5,20,50,3.09075,1
Etawah,2015,2.6425,800,28,70,50,30,6.5,0.5,20,50,2.87821,1
Etawah,2016,2.89575,800,28,70,50,30,6.5,0.5,20,50,2.6425,1
Etawah,2017,2.91367,800,28,70,50,30,6.5,0.5,20,50,2.89575,1
Kanpur,1990,2.06815,800,28,70,50,30,6.5,0.5,20,50,2.91367,1
Kanpur,1991,1.36074,800,28,70,50,30,6.5,0.5,20,50,2.06815,1
Kanpur,1992,1.87738,800,28,70,50,30,6.5,0.5,20,50,1.36074,1
Kanpur,1993,2.01524,800,28,70,50,30,6.5,0.5,20,50,1.87738,1
Kanpur,1994,1.8376199999999998,800,28,70,50,30,6.5,0.5,20,50,2.01524,1
Kanpur,1995,1.86306,800,28,70,50,30,6.5,0.5,20,50,1.8376199999999998,1
Kanpur,1996,2.04273,800,28,70,50,30,6.5,0.5,20,50,1.86306,1
Kanpur,1997,2.20348,800,28,70,50,30,6.5,0.5,20,50,2.04273,1
Kanpur,1998,2.19385,800,28,70,50,30,6.5,0.5,20,50,2.20348,1
Kanpur,1999,2.2407600000000003,800,28,70,50,30,6.5,0.5,20,50,2.19385,1
Kanpur,2000,1.75382,800,28,70,50,30,6.5,0.5,20,50,2.2407600000000003,1
Kanpur,2001,1.94272,800,28,70,50,30,6.5,0.5,20,50,1.75382,1
Kanpur,2002,1.83874,800,28,70,50,30,6.5,0.5,20,50,1.94272,1
Kanpur,2003,2.0648299999999997,800,28,70,50,30,6.5,0.5,20,50,1.83874,1
Kanpur,2004,2.22059,800,28,70,50,30,6.5,0.5,20,50,2.0648299999999997,1
Kanpur,2005,2.1520900000000003,800,28,70,50,30,6.5,0.5,20,50,2.22059,1
Kanpur,2006,1.80545,800,28,70,50,30,6.5,0.5,20,50,2.1520900000000003,1
Kanpur,2007,2.02108,800,28,70,50,30,6.5,0.5,20,50,1.80545,1
Kanpur,2008,2.32069,800,28,70,50,30,6.5,0.5,20,50,2.02108,1
Kanpur,2009,2.29788,800,28,70,50,30,6.5,0.5,20,50,2.32069,1
Kanpur,2010,2.30798,800,28,70,50,30,6.5,0.5,20,50,2.29788,1
Kanpur,2011,2.69225,800,28,70,50,30,6.5,0.5,20,50,2.30798,1
Kanpur,2012,2.71185,800,28,70,50,30,6.5,0.5,20,50,2.69225,1
Kanpur,2013,2.64214,800,28,70,50,30,6.5,0.5,20,50,2.71185,1
Kanpur,2014,2.40347,800,28,70,50,30,6.5,0.5,20,50,2.64214,1
Kanpur,2015,2.47327,800,28,70,50,30,6.5,0.5,20,50,2.40347,1
Kanpur,2016,3.06424,800,28,70,50,30,6.5,0.5,20,50,2.47327,1
Kanpur,2017,2.99,800,28,70,50,30,6.5,0.5,20,50,3.06424,1
Fatehpur,1990,1.95849,800,28,70,50,30,6.5,0.5,20,50,2.99,1
Fatehpur,1991,1.49834,800,28,70,50,30,6.5,0.5,20,50,1.95849,1
Fatehpur,1992,2.0046500000000003,800,28,70,50,30,6.5,0.5,20,50,1.49834,1
Fatehpur,1993,1.8282100000000001,800,28,70,50,30,6.5,0.5,20,50,2.0046500000000003,1
Fatehpur,1994,1.2284300000000001,800,28,70,50,30,6.5,0.5,20,50,1.8282100000000001,1
Fatehpur,1995,1.7358900000000002,800,28,70,50,30,6.5,0.5,20,50,1.2284300000000001,1
Fatehpur,1996,1.6561700000000001,800,28,70,50,30,6.5,0.5,20,50,1.7358900000000002,1
Fatehpur,1997,1.9846,800,28,70,50,30,6.5,0.5,20,50,1.6561700000000001,1
Fatehpur,1998,1.83403,800,28,70,50,30,6.5,0.5,20,50,1.9846,1
Fatehpur,1999,1.897,800,28,70,50,30,6.5,0.5,20,50,1.83403,1
Fatehpur,2000,1.77283,800,28,70,50,30,6.5,0.5,20,50,1.897,1
Fatehpur,2001,2.03792,800,28,70,50,30,6.5,0.5,20,50,1.77283,1
Fatehpur,2002,1.6629,800,28,70,50,30,6.5,0.5,20,50,2.03792,1
Fatehpur,2003,1.81992,800,28,70,50,30,6.5,0.5,20,50,1.6629,1
Fatehpur,2004,1.85507,800,28,70,50,30,6.5,0.5,20,50,1.81992,1
Fatehpur,2005,1.6241199999999998,800,28,70,50,30,6.5,0.5,20,50,1.85507,1
Fatehpur,2006,1.59627,800,28,70,50,30,6.5,0.5,20,50,1.6241199999999998,1
Fatehpur,2007,1.88549,800,28,70,50,30,6.5,0.5,20,50,1.59627,1
Fatehpur,2008,2.3079,800,28,70,50,30,6.5,0.5,20,50,1.88549,1
Fatehpur,2009,2.18295,800,28,70,50,30,6.5,0.5,20,50,2.3079,1
Fatehpur,2010,2.10732,800,28,70,50,30,6.5,0.5,20,50,2.18295,1
Fatehpur,2011,2.33818,800,28,70,50,30,6.5,0.5,20,50,2.10732,1
Fatehpur,2012,2.45619,800,28,70,50,30,6.5,0.5,20,50,2.33818,1
Fatehpur,2013,2.60502,800,28,70,50,30,6.5,0.5,20,50,2.45619,1
Fatehpur,2014,1.9461,800,28,70,50,30,6.5,0.5,20,50,2.60502,1
Fatehpur,2015,2.04698,800,28,70,50,30,6.5,0.5,20,50,1.9461,1
Fatehpur,2016,2.485,800,28,70,50,30,6.5,0.5,20,50,2.04698,1
Fatehpur,2017,2.64,800,28,70,50,30,6.5,0.5,20,50,2.485,1
Allahabad,1990,1.72258,800,28,70,50,30,6.5,0.5,20,50,2.64,1
Allahabad,1991,1.43495,800,28,70,50,30,6.5,0.5,20,50,1.72258,1
Allahabad,1992,1.94187,800,28,70,50,30,6.5,0.5,20,50,1.43495,1
Allahabad,1993,1.76253,800,28,70,50,30,6.5,0.5,20,50,1.94187,1
Allahabad,1994,1.8665999999999998,800,28,70,50,30,6.5,0.5,20,50,1.76253,1
Allahabad,1995,1.4892699999999999,800,28,70,50,30,6.5,0.5,20,50,1.8665999999999998,1
Allahabad,1996,1.97601,800,28,70,50,30,6.5,0.5,20,50,1.4892699999999999,1
Allahabad,1997,1.78132,800,28,70,50,30,6.5,0.5,20,50,1.97601,1
Allahabad,1998,1.75122,800,28,70,50,30,6.5,0.5,20,50,1.78132,1
Allahabad,1999,2.09049,800,28,70,50,30,6.5,0.5,20,50,1.75122,1
Allahabad,2000,1.87275,800,28,70,50,30,6.5,0.5,20,50,2.09049,1
Allahabad,2001,2.03899,800,28,70,50,30,6.5,0.5,20,50,1.87275,1
Allahabad,2002,1.8598599999999998,800,28,70,50,30,6.5,0.5,20,50,2.03899,1
Allahabad,2003,2.24467,800,28,70,50,30,6.5,0.5,20,50,1.8598599999999998,1
Allahabad,2004,1.8064500000000001,800,28,70,50,30,6.5,0.5,20,50,2.24467,1
Allahabad,2005,1.95208,800,28,70,50,30,6.5,0.5,20,50,1.8064500000000001,1
Allahabad,2006,1.9970599999999998,800,28,70,50,30,6.5,0.5,20,50,1.95208,1
Allahabad,2007,2.04105,800,28,70,50,30,6.5,0.5,20,50,1.9970599999999998,1
Allahabad,2008,2.3905100000000004,800,28,70,50,30,6.5,0.5,20,50,2.04105,1
Allahabad,2009,2.16394,800,28,70,50,30,6.5,0.5,20,50,2.3905100000000004,1
Allahabad,2010,2.25617,800,28,70,50,30,6.5,0.5,20,50,2.16394,1
Allahabad,2011,2.52574,800,28,70,50,30,6.5,0.5,20,50,2.25617,1
Allahabad,2012,2.7048400000000004,800,28,70,50,30,6.5,0.5,20,50,2.52574,1
Allahabad,2013,2.5350300000000003,800,28,70,50,30,6.5,0.5,20,50,2.7048400000000004,1
Allahabad,2014,2.11415,800,28,70,50,30,6.5,0.5,20,50,2.5350300000000003,1
Allahabad,2015,1.90147,800,28,70,50,30,6.5,0.5,20,50,2.11415,1
Allahabad,2016,2.67084,800,28,70,50,30,6.5,0.5,20,50,1.90147,1
Allahabad,2017,2.66789,800,28,70,50,30,6.5,0.5,20,50,2.67084,1
Jhansi,1990,0.60221,800,28,70,50,30,6.5,0.5,20,50,2.66789,1
Jhansi,1991,0.47905000000000003,800,28,70,50,30,6.5,0.5,20,50,0.60221,1
Jhansi,1992,0.86584,800,28,70,50,30,6.5,0.5,20,50,0.47905000000000003,1
Jhansi,1993,0.5931900000000001,800,28,70,50,30,6.5,0.5,20,50,0.86584,1
Jhansi,1994,0.78751,800,28,70,50,30,6.5,0.5,20,50,0.5931900000000001,1
Jhansi,1995,0.66943,800,28,70,50,30,6.5,0.5,20,50,0.78751,1
Jhansi,1996,0.89063,800,28,70,50,30,6.5,0.5,20,50,0.66943,1
Jhansi,1997,0.60089,800,28,70,50,30,6.5,0.5,20,50,0.89063,1
Jhansi,1998,0.7592000000000001,800,28,70,50,30,6.5,0.5,20,50,0.60089,1
Jhansi,1999,0.8181799999999999,800,28,70,50,30,6.5,0.5,20,50,0.7592000000000001,1
Jhansi,2000,0.97866,800,28,70,50,30,6.5,0.5,20,50,0.8181799999999999,1
Jhansi,2001,0.7047,800,28,70,50,30,6.5,0.5,20,50,0.97866,1
Jhansi,2002,0.16077000000000002,800,28,70,50,30,6.5,0.5,20,50,0.7047,1
Jhansi,2003,0.89173,800,28,70,50,30,6.5,0.5,20,50,0.16077000000000002,1
Jhansi,2004,0.4808,800,28,70,50,30,6.5,0.5,20,50,0.89173,1
Jhansi,2005,1.25743,800,28,70,50,30,6.5,0.5,20,50,0.4808,1
Jhansi,2006,0.8718899999999999,800,28,70,50,30,6.5,0.5,20,50,1.25743,1
Jhansi,2007,0.54945,800,28,70,50,30,6.5,0.5,20,50,0.8718899999999999,1
Jhansi,2008,1.1937200000000001,800,28,70,50,30,6.5,0.5,20,50,0.54945,1
Jhansi,2009,1.13656,800,28,70,50,30,6.5,0.5,20,50,1.1937200000000001,1
Jhansi,2010,1.94219,800,28,70,50,30,6.5,0.5,20,50,1.13656,1
Jhansi,2011,1.83894,800,28,70,50,30,6.5,0.5,20,50,1.94219,1
Jhansi,2012,1.87676,800,28,70,50,30,6.5,0.5,20,50,1.83894,1
Jhansi,2013,1.8074400000000002,800,28,70,50,30,6.5,0.5,20,50,1.87676,1
Jhansi,2014,1.74882,800,28,70,50,30,6.5,0.5,20,50,1.8074400000000002,1
Jhansi,2015,1.6656900000000001,800,28,70,50,30,6.5,0.5,20,50,1.74882,1
Jhansi,2016,1.2913,800,28,70,50,30,6.5,0.5,20,50,1.6656900000000001,1
Jhansi,2017,1.58975,800,28,70,50,30,6.5,0.5,20,50,1.2913,1
Jalaun,1990,0.9840399999999999,800,28,70,50,30,6.5,0.5,20,50,1.58975,1
Jalaun,1991,1.11409,800,28,70,50,30,6.5,0.5,20,50,0.9840399999999999,1
Jalaun,1992,1.04286,800,28,70,50,30,6.5,0.5,20,50,1.11409,1
Jalaun,1993,0.85714,800,28,70,50,30,6.5,0.5,20,50,1.04286,1
Jalaun,1994,1.0247899999999999,800,28,70,50,30,6.5,0.5,20,50,0.85714,1
Jalaun,1995,0.71429,800,28,70,50,30,6.5,0.5,20,50,1.0247899999999999,1
Jalaun,1996,1.18254,800,28,70,50,30,6.5,0.5,20,50,0.71429,1
Jalaun,1997,0.6,800,28,70,50,30,6.5,0.5,20,50,1.18254,1
Jalaun,1998,0.75758,800,28,70,50,30,6.5,0.5,20,50,0.6,1
Jalaun,1999,0.81928,800,28,70,50,30,6.5,0.5,20,50,0.75758,1
Jalaun,2000,0.97738,800,28,70,50,30,6.5,0.5,20,50,0.81928,1
Jalaun,2001,0.7064199999999999,800,28,70,50,30,6.5,0.5,20,50,0.97738,1
Jalaun,2002,0.55,800,28,70,50,30,6.5,0.5,20,50,0.7064199999999999,1
Jalaun,2003,0.89535,800,28,70,50,30,6.5,0.5,20,50,0.55,1
Jalaun,2004,0.47826,800,28,70,50,30,6.5,0.5,20,50,0.89535,1
Jalaun,2005,1.26316,800,28,70,50,30,6.5,0.5,20,50,0.47826,1
Jalaun,2006,0.875,800,28,70,50,30,6.5,0.5,20,50,1.26316,1
Jalaun,2007,0.42623,800,28,70,50,30,6.5,0.5,20,50,0.875,1
Jalaun,2008,1.2,800,28,70,50,30,6.5,0.5,20,50,0.42623,1
Jalaun,2009,1.14706,800,28,70,50,30,6.5,0.5,20,50,1.2,1
Jalaun,2010,1.9473699999999998,800,28,70,50,30,6.5,0.5,20,50,1.14706,1
Jalaun,2011,1.84906,800,28,70,50,30,6.5,0.5,20,50,1.9473699999999998,1
Jalaun,2012,1.09804,800,28,70,50,30,6.5,0.5,20,50,1.84906,1
Jalaun,2013,1.78846,800,28,70,50,30,6.5,0.5,20,50,1.09804,1
Jalaun,2014,1.7450999999999999,800,28,70,50,30,6.5,0.5,20,50,1.78846,1
Jalaun,2015,1.79487,800,28,70,50,30,6.5,0.5,20,50,1.7450999999999999,1
Jalaun,2016,1.55213,800,28,70,50,30,6.5,0.5,20,50,1.79487,1
Jalaun,2017,1.26493,800,28,70,50,30,6.5,0.5,20,50,1.55213,1
Hamirpur,1990,0.9810599999999999,800,28,70,50,30,6.5,0.5,20,50,1.26493,1
Hamirpur,1991,0.66038,800,28,70,50,30,6.5,0.5,20,50,0.9810599999999999,1
Hamirpur,1992,1.04484,800,28,70,50,30,6.5,0.5,20,50,0.66038,1
Hamirpur,1993,0.8593,800,28,70,50,30,6.5,0.5,20,50,1.04484,1
Hamirpur,1994,1.02778,800,28,70,50,30,6.5,0.5,20,50,0.8593,1
Hamirpur,1995,0.7173099999999999,800,28,70,50,30,6.5,0.5,20,50,1.02778,1
Hamirpur,1996,1.1845599999999998,800,28,70,50,30,6.5,0.5,20,50,0.7173099999999999,1
Hamirpur,1997,1.12644,800,28,70,50,30,6.5,0.5,20,50,1.1845599999999998,1
Hamirpur,1998,1.6190499999999999,800,28,70,50,30,6.5,0.5,20,50,1.12644,1
Hamirpur,1999,1.08627,800,28,70,50,30,6.5,0.5,20,50,1.6190499999999999,1
Hamirpur,2000,0.9930599999999999,800,28,70,50,30,6.5,0.5,20,50,1.08627,1
Hamirpur,2001,1.3318599999999998,800,28,70,50,30,6.5,0.5,20,50,0.9930599999999999,1
Hamirpur,2002,0.81679,800,28,70,50,30,6.5,0.5,20,50,1.3318599999999998,1
Hamirpur,2003,1.16129,800,28,70,50,30,6.5,0.5,20,50,0.81679,1
Hamirpur,2004,1.13821,800,28,70,50,30,6.5,0.5,20,50,1.16129,1
Hamirpur,2005,0.8,800,28,70,50,30,6.5,0.5,20,50,1.13821,1
Hamirpur,2006,0.77083,800,28,70,50,30,6.5,0.5,20,50,0.8,1
Hamirpur,2007,0.54286,800,28,70,50,30,6.5,0.5,20,50,0.77083,1
Hamirpur,2008,1.2121199999999999,800,28,70,50,30,6.5,0.5,20,50,0.54286,1
Hamirpur,2009,0.93333,800,28,70,50,30,6.5,0.5,20,50,1.2121199999999999,1
Hamirpur,2010,1.1363599999999998,800,28,70,50,30,6.5,0.5,20,50,0.93333,1
Hamirpur,2011,1.35714,800,28,70,50,30,6.5,0.5,20,50,1.1363599999999998,1
Hamirpur,2012,1.8125,800,28,70,50,30,6.5,0.5,20,50,1.35714,1
Hamirpur,2013,1.8461500000000002,800,28,70,50,30,6.5,0.5,20,50,1.8125,1
Hamirpur,2014,1.8,800,28,70,50,30,6.5,0.5,20,50,1.8461500000000002,1
Hamirpur,2015,1.1111099999999998,800,28,70,50,30,6.5,0.5,20,50,1.8,1
Hamirpur,2016,1.77889,800,28,70,50,30,6.5,0.5,20,50,1.1111099999999998,1
Hamirpur,2017,1.94805,800,28,70,50,30,6.5,0.5,20,50,1.77889,1
Banda,1990,1.0410899999999998,800,28,70,50,30,6.5,0.5,20,50,1.94805,1
Banda,1991,0.69529,800,28,70,50,30,6.5,0.5,20,50,1.0410899999999998,1
Banda,1992,1.0628900000000001,800,28,70,50,30,6.5,0.5,20,50,0.69529,1
Banda,1993,0.90108,800,28,70,50,30,6.5,0.5,20,50,1.0628900000000001,1
Banda,1994,1.06002,800,28,70,50,30,6.5,0.5,20,50,0.90108,1
Banda,1995,0.72548,800,28,70,50,30,6.5,0.5,20,50,1.06002,1
Banda,1996,1.2294800000000001,800,28,70,50,30,6.5,0.5,20,50,0.72548,1
Banda,1997,1.1261199999999998,800,28,70,50,30,6.5,0.5,20,50,1.2294800000000001,1
Banda,1998,1.5145899999999999,800,28,70,50,30,6.5,0.5,20,50,1.1261199999999998,1
Banda,1999,1.2809000000000001,800,28,70,50,30,6.5,0.5,20,50,1.5145899999999999,1
Banda,2000,0.97848,800,28,70,50,30,6.5,0.5,20,50,1.2809000000000001,1
Banda,2001,1.34013,800,28,70,50,30,6.5,0.5,20,50,0.97848,1
Banda,2002,0.79765,800,28,70,50,30,6.5,0.5,20,50,1.34013,1
Banda,2003,1.1672,800,28,70,50,30,6.5,0.5,20,50,0.79765,1
Banda,2004,1.1186500000000001,800,28,70,50,30,6.5,0.5,20,50,1.1672,1
Banda,2005,0.81636,800,28,70,50,30,6.5,0.5,20,50,1.1186500000000001,1
Banda,2006,0.80824,800,28,70,50,30,6.5,0.5,20,50,0.81636,1
Banda,2007,0.61761,800,28,70,50,30,6.5,0.5,20,50,0.80824,1
Banda,2008,1.3297999999999999,800,28,70,50,30,6.5,0.5,20,50,0.61761,1
Banda,2009,1.00826,800,28,70,50,30,6.5,0.5,20,50,1.3297999999999999,1
Banda,2010,1.12296,800,28,70,50,30,6.5,0.5,20,50,1.00826,1
Banda,2011,1.4071500000000001,800,28,70,50,30,6.5,0.5,20,50,1.12296,1
Banda,2012,1.71382,800,28,70,50,30,6.5,0.5,20,50,1.4071500000000001,1
Banda,2013,1.80559,800,28,70,50,30,6.5,0.5,20,50,1.71382,1
Banda,2014,1.6168,800,28,70,50,30,6.5,0.5,20,50,1.80559,1
Banda,2015,1.1556600000000001,800,28,70,50,30,6.5,0.5,20,50,1.6168,1
Banda,2016,1.7762200000000001,800,28,70,50,30,6.5,0.5,20,50,1.1556600000000001,1
Banda,2017,1.95757,800,28,70,50,30,6.5,0.5,20,50,1.7762200000000001,1
Varanasi,1990,2.12806,800,28,70,50,30,6.5,0.5,20,50,1.95757,1
Varanasi,1991,2.12936,800,28,70,50,30,6.5,0.5,20,50,2.12806,1
Varanasi,1992,2.01682,800,28,70,50,30,6.5,0.5,20,50,2.12936,1
Varanasi,1993,2.27024,800,28,70,50,30,6.5,0.5,20,50,2.01682,1
Varanasi,1994,2.6044699999999996,800,28,70,50,30,6.5,0.5,20,50,2.27024,1
Varanasi,1995,2.00023,800,28,70,50,30,6.5,0.5,20,50,2.6044699999999996,1
Varanasi,1996,2.7642399999999996,800,28,70,50,30,6.5,0.5,20,50,2.00023,1
Varanasi,1997,2.8556,800,28,70,50,30,6.5,0.5,20,50,2.7642399999999996,1
Varanasi,1998,2.55198,800,28,70,50,30,6.5,0.5,20,50,2.8556,1
Varanasi,1999,2.7793400000000004,800,28,70,50,30,6.5,0.5,20,50,2.55198,1
Varanasi,2000,2.22124,800,28,70,50,30,6.5,0.5,20,50,2.7793400000000004,1
Varanasi,2001,2.64822,800,28,70,50,30,6.5,0.5,20,50,2.22124,1
Varanasi,2002,2.3074,800,28,70,50,30,6.5,0.5,20,50,2.64822,1
Varanasi,2003,2.8594899999999996,800,28,70,50,30,6.5,0.5,20,50,2.3074,1
Varanasi,2004,1.32848,800,28,70,50,30,6.5,0.5,20,50,2.8594899999999996,1
Varanasi,2005,1.91189,800,28,70,50,30,6.5,0.5,20,50,1.32848,1
Varanasi,2006,2.1919299999999997,800,28,70,50,30,6.5,0.5,20,50,1.91189,1
Varanasi,2007,2.24696,800,28,70,50,30,6.5,0.5,20,50,2.1919299999999997,1
Varanasi,2008,2.4234899999999997,800,28,70,50,30,6.5,0.5,20,50,2.24696,1
Varanasi,2009,1.87527,800,28,70,50,30,6.5,0.5,20,50,2.4234899999999997,1
Varanasi,2010,2.45684,800,28,70,50,30,6.5,0.5,20,50,1.87527,1
Varanasi,2011,2.5497199999999998,800,28,70,50,30,6.5,0.5,20,50,2.45684,1
Varanasi,2012,2.67095,800,28,70,50,30,6.5,0.5,20,50,2.5497199999999998,1
Varanasi,2013,2.52629,800,28,70,50,30,6.5,0.5,20,50,2.67095,1
Varanasi,2014,2.68052,800,28,70,50,30,6.5,0.5,20,50,2.52629,1
Varanasi,2015,2.6837199999999997,800,28,70,50,30,6.5,0.5,20,50,2.68052,1
Varanasi,2016,2.6810300000000002,800,28,70,50,30,6.5,0.5,20,50,2.6837199999999997,1
Varanasi,2017,2.9488000000000003,800,28,70,50,30,6.5,0.5,20,50,2.6810300000000002,1
Mirzpur,1990,1.35222,800,28,70,50,30,6.5,0.5,20,50,2.9488000000000003,1
Mirzpur,1991,1.0995,800,28,70,50,30,6.5,0.5,20,50,1.35222,1
Mirzpur,1992,1.233,800,28,70,50,30,6.5,0.5,20,50,1.0995,1
Mirzpur,1993,1.5124600000000001,800,28,70,50,30,6.5,0.5,20,50,1.233,1
Mirzpur,1994,1.8777000000000001,800,28,70,50,30,6.5,0.5,20,50,1.5124600000000001,1
Mirzpur,1995,1.4173,800,28,70,50,30,6.5,0.5,20,50,1.8777000000000001,1
Mirzpur,1996,2.17448,800,28,70,50,30,6.5,0.5,20,50,1.4173,1
Mirzpur,1997,1.73901,800,28,70,50,30,6.5,0.5,20,50,2.17448,1
Mirzpur,1998,2.0308900000000003,800,28,70,50,30,6.5,0.5,20,50,1.73901,1
Mirzpur,1999,2.258,800,28,70,50,30,6.5,0.5,20,50,2.0308900000000003,1
Mirzpur,2000,1.72452,800,28,70,50,30,6.5,0.5,20,50,2.258,1
Mirzpur,2001,2.13909,800,28,70,50,30,6.5,0.5,20,50,1.72452,1
Mirzpur,2002,1.66625,800,28,70,50,30,6.5,0.5,20,50,2.13909,1
Mirzpur,2003,1.99004,800,28,70,50,30,6.5,0.5,20,50,1.66625,1
Mirzpur,2004,0.7721699999999999,800,28,70,50,30,6.5,0.5,20,50,1.99004,1
Mirzpur,2005,1.2784,800,28,70,50,30,6.5,0.5,20,50,0.7721699999999999,1
Mirzpur,2006,1.53385,800,28,70,50,30,6.5,0.5,20,50,1.2784,1
Mirzpur,2007,1.32417,800,28,70,50,30,6.5,0.5,20,50,1.53385,1
Mirzpur,2008,1.84733,800,28,70,50,30,6.5,0.5,20,50,1.32417,1
Mirzpur,2009,1.4410699999999999,800,28,70,50,30,6.5,0.5,20,50,1.84733,1
Mirzpur,2010,1.85951,800,28,70,50,30,6.5,0.5,20,50,1.4410699999999999,1
Mirzpur,2011,2.11588,800,28,70,50,30,6.5,0.5,20,50,1.85951,1
Mirzpur,2012,2.26683,800,28,70,50,30,6.5,0.5,20,50,2.11588,1
Mirzpur,2013,2.26416,800,28,70,50,30,6.5,0.5,20,50,2.26683,1
Mirzpur,2014,2.1717600000000004,800,28,70,50,30,6.5,0.5,20,50,2.26416,1
Mirzpur,2015,1.65279,800,28,70,50,30,6.5,0.5,20,50,2.1717600000000004,1
Mirzpur,2016,2.62842,800,28,70,50,30,6.5,0.5,20,50,1.65279,1
Mirzpur,2017,2.6010999999999997,800,28,70,50,30,6.5,0.5,20,50,2.62842,1
Jaunpur,1990,1.7711400000000002,800,28,70,50,30,6.5,0.5,20,50,2.6010999999999997,1
Jaunpur,1991,1.9635799999999999,800,28,70,50,30,6.5,0.5,20,50,1.7711400000000002,1
Jaunpur,1992,1.74874,800,28,70,50,30,6.5,0.5,20,50,1.9635799999999999,1
Jaunpur,1993,1.92925,800,28,70,50,30,6.5,0.5,20,50,1.74874,1
Jaunpur,1994,1.92262,800,28,70,50,30,6.5,0.5,20,50,1.92925,1
Jaunpur,1995,1.84071,800,28,70,50,30,6.5,0.5,20,50,1.92262,1
Jaunpur,1996,2.28095,800,28,70,50,30,6.5,0.5,20,50,1.84071,1
Jaunpur,1997,2.24748,800,28,70,50,30,6.5,0.5,20,50,2.28095,1
Jaunpur,1998,1.85744,800,28,70,50,30,6.5,0.5,20,50,2.24748,1
Jaunpur,1999,2.4072,800,28,70,50,30,6.5,0.5,20,50,1.85744,1
Jaunpur,2000,2.0504499999999997,800,28,70,50,30,6.5,0.5,20,50,2.4072,1
Jaunpur,2001,2.06928,800,28,70,50,30,6.5,0.5,20,50,2.0504499999999997,1
Jaunpur,2002,1.97141,800,28,70,50,30,6.5,0.5,20,50,2.06928,1
Jaunpur,2003,2.26403,800,28,70,50,30,6.5,0.5,20,50,1.97141,1
Jaunpur,2004,1.09597,800,28,70,50,30,6.5,0.5,20,50,2.26403,1
Jaunpur,2005,1.9137899999999999,800,28,70,50,30,6.5,0.5,20,50,1.09597,1
Jaunpur,2006,1.84584,800,28,70,50,30,6.5,0.5,20,50,1.9137899999999999,1
Jaunpur,2007,1.92723,800,28,70,50,30,6.5,0.5,20,50,1.84584,1
Jaunpur,2008,2.154,800,28,70,50,30,6.5,0.5,20,50,1.92723,1
Jaunpur,2009,1.976,800,28,70,50,30,6.5,0.5,20,50,2.154,1
Jaunpur,2010,2.08713,800,28,70,50,30,6.5,0.5,20,50,1.976,1
Jaunpur,2011,2.2388600000000003,800,28,70,50,30,6.5,0.5,20,50,2.08713,1
Jaunpur,2012,2.33691,800,28,70,50,30,6.5,0.5,20,50,2.2388600000000003,1
Jaunpur,2013,2.28993,800,28,70,50,30,6.5,0.5,20,50,2.33691,1
Jaunpur,2014,2.41394,800,28,70,50,30,6.5,0.5,20,50,2.28993,1
Jaunpur,2015,1.75997,800,28,70,50,30,6.5,0.5,20,50,2.41394,1
Jaunpur,2016,2.342,800,28,70,50,30,6.5,0.5,20,50,1.75997,1
Jaunpur,2017,2.306,800,28,70,50,30,6.5,0.5,20,50,2.342,1
Ghazipur,1990,1.8315299999999999,800,28,70,50,30,6.5,0.5,20,50,2.306,1
Ghazipur,1991,2.06238,800,28,70,50,30,6.5,0.5,20,50,1.8315299999999999,1
Ghazipur,1992,1.86777,800,28,70,50,30,6.5,0.5,20,50,2.06238,1
Ghazipur,1993,1.88649,800,28,70,50,30,6.5,0.5,20,50,1.86777,1
Ghazipur,1994,1.97503,800,28,70,50,30,6.5,0.5,20,50,1.88649,1
Ghazipur,1995,1.67085,800,28,70,50,30,6.5,0.5,20,50,1.97503,1
Ghazipur,1996,2.07619,800,28,70,50,30,6.5,0.5,20,50,1.67085,1
Ghazipur,1997,2.21092,800,28,70,50,30,6.5,0.5,20,50,2.07619,1
Ghazipur,1998,1.9753399999999999,800,28,70,50,30,6.5,0.5,20,50,2.21092,1
Ghazipur,1999,2.30469,800,28,70,50,30,6.5,0.5,20,50,1.9753399999999999,1
Ghazipur,2000,1.89897,800,28,70,50,30,6.5,0.5,20,50,2.30469,1
Ghazipur,2001,2.1979499999999996,800,28,70,50,30,6.5,0.5,20,50,1.89897,1
Ghazipur,2002,1.9791400000000001,800,28,70,50,30,6.5,0.5,20,50,2.1979499999999996,1
Ghazipur,2003,2.21337,800,28,70,50,30,6.5,0.5,20,50,1.9791400000000001,1
Ghazipur,2004,0.97697,800,28,70,50,30,6.5,0.5,20,50,2.21337,1
Ghazipur,2005,1.92662,800,28,70,50,30,6.5,0.5,20,50,0.97697,1
Ghazipur,2006,1.92588,800,28,70,50,30,6.5,0.5,20,50,1.92662,1
Ghazipur,2007,2.16123,800,28,70,50,30,6.5,0.5,20,50,1.92588,1
Ghazipur,2008,2.23508,800,28,70,50,30,6.5,0.5,20,50,2.16123,1
Ghazipur,2009,1.85525,800,28,70,50,30,6.5,0.5,20,50,2.23508,1
Ghazipur,2010,2.102,800,28,70,50,30,6.5,0.5,20,50,1.85525,1
Ghazipur,2011,2.28601,800,28,70,50,30,6.5,0.5,20,50,2.102,1
Ghazipur,2012,2.33691,800,28,70,50,30,6.5,0.5,20,50,2.28601,1
Ghazipur,2013,2.1359299999999997,800,28,70,50,30,6.5,0.5,20,50,2.33691,1
Ghazipur,2014,2.15307,800,28,70,50,30,6.5,0.5,20,50,2.1359299999999997,1
Ghazipur,2015,2.16502,800,28,70,50,30,6.5,0.5,20,50,2.15307,1
Ghazipur,2016,2.147,800,28,70,50,30,6.5,0.5,20,50,2.16502,1
Ghazipur,2017,2.482,800,28,70,50,30,6.5,0.5,20,50,2.147,1
Ballia,1990,1.13673,800,28,70,50,30,6.5,0.5,20,50,2.482,1
Ballia,1991,1.58589,800,28,70,50,30,6.5,0.5,20,50,1.13673,1
Ballia,1992,1.03454,800,28,70,50,30,6.5,0.5,20,50,1.58589,1
Ballia,1993,1.9373699999999998,800,28,70,50,30,6.5,0.5,20,50,1.03454,1
Ballia,1994,1.8568699999999998,800,28,70,50,30,6.5,0.5,20,50,1.9373699999999998,1
Ballia,1995,1.69379,800,28,70,50,30,6.5,0.5,20,50,1.8568699999999998,1
Ballia,1996,1.79638,800,28,70,50,30,6.5,0.5,20,50,1.69379,1
Ballia,1997,1.8934300000000002,800,28,70,50,30,6.5,0.5,20,50,1.79638,1
Ballia,1998,1.83377,800,28,70,50,30,6.5,0.5,20,50,1.8934300000000002,1
Ballia,1999,1.9419600000000001,800,28,70,50,30,6.5,0.5,20,50,1.83377,1
Ballia,2000,1.73196,800,28,70,50,30,6.5,0.5,20,50,1.9419600000000001,1
Ballia,2001,1.93559,800,28,70,50,30,6.5,0.5,20,50,1.73196,1
Ballia,2002,1.44201,800,28,70,50,30,6.5,0.5,20,50,1.93559,1
Ballia,2003,1.7864,800,28,70,50,30,6.5,0.5,20,50,1.44201,1
Ballia,2004,0.54999,800,28,70,50,30,6.5,0.5,20,50,1.7864,1
Ballia,2005,1.45764,800,28,70,50,30,6.5,0.5,20,50,0.54999,1
Ballia,2006,1.33427,800,28,70,50,30,6.5,0.5,20,50,1.45764,1
Ballia,2007,1.85538,800,28,70,50,30,6.5,0.5,20,50,1.33427,1
Ballia,2008,1.993,800,28,70,50,30,6.5,0.5,20,50,1.85538,1
Ballia,2009,1.98199,800,28,70,50,30,6.5,0.5,20,50,1.993,1
Ballia,2010,1.9135199999999999,800,28,70,50,30,6.5,0.5,20,50,1.98199,1
Ballia,2011,2.5404299999999997,800,28,70,50,30,6.5,0.5,20,50,1.9135199999999999,1
Ballia,2012,2.17794,800,28,70,50,30,6.5,0.5,20,50,2.5404299999999997,1
Ballia,2013,2.22,800,28,70,50,30,6.5,0.5,20,50,2.17794,1
Ballia,2014,2.05708,800,28,70,50,30,6.5,0.5,20,50,2.22,1
Ballia,2015,1.69402,800,28,70,50,30,6.5,0.5,20,50,2.05708,1
Ballia,2016,2.386,800,28,70,50,30,6.5,0.5,20,50,1.69402,1
Ballia,2017,2.503,800,28,70,50,30,6.5,0.5,20,50,2.386,1
Gorakhpur,1990,1.76255,800,28,70,50,30,6.5,0.5,20,50,2.503,1
Gorakhpur,1991,1.93784,800,28,70,50,30,6.5,0.5,20,50,1.76255,1
Gorakhpur,1992,1.58662,800,28,70,50,30,6.5,0.5,20,50,1.93784,1
Gorakhpur,1993,2.02467,800,28,70,50,30,6.5,0.5,20,50,1.58662,1
Gorakhpur,1994,1.9,800,28,70,50,30,6.5,0.5,20,50,2.02467,1
Gorakhpur,1995,2.064,800,28,70,50,30,6.5,0.5,20,50,1.9,1
Gorakhpur,1996,2.2335700000000003,800,28,70,50,30,6.5,0.5,20,50,2.064,1
Gorakhpur,1997,1.94908,800,28,70,50,30,6.5,0.5,20,50,2.2335700000000003,1
Gorakhpur,1998,1.79889,800,28,70,50,30,6.5,0.5,20,50,1.94908,1
Gorakhpur,1999,2.33202,800,28,70,50,30,6.5,0.5,20,50,1.79889,1
Gorakhpur,2000,2.20477,800,28,70,50,30,6.5,0.5,20,50,2.33202,1
Gorakhpur,2001,1.97227,800,28,70,50,30,6.5,0.5,20,50,2.20477,1
Gorakhpur,2002,2.11411,800,28,70,50,30,6.5,0.5,20,50,1.97227,1
Gorakhpur,2003,2.39977,800,28,70,50,30,6.5,0.5,20,50,2.11411,1
Gorakhpur,2004,1.88729,800,28,70,50,30,6.5,0.5,20,50,2.39977,1
Gorakhpur,2005,2.0841399999999997,800,28,70,50,30,6.5,0.5,20,50,1.88729,1
Gorakhpur,2006,2.016,800,28,70,50,30,6.5,0.5,20,50,2.0841399999999997,1
Gorakhpur,2007,2.04486,800,28,70,50,30,6.5,0.5,20,50,2.016,1
Gorakhpur,2008,2.14498,800,28,70,50,30,6.5,0.5,20,50,2.04486,1
Gorakhpur,2009,2.1454400000000002,800,28,70,50,30,6.5,0.5,20,50,2.14498,1
Gorakhpur,2010,2.10231,800,28,70,50,30,6.5,0.5,20,50,2.1454400000000002,1
Gorakhpur,2011,2.276,800,28,70,50,30,6.5,0.5,20,50,2.10231,1
Gorakhpur,2012,2.37238,800,28,70,50,30,6.5,0.5,20,50,2.276,1
Gorakhpur,2013,2.4387,800,28,70,50,30,6.5,0.5,20,50,2.37238,1
Gorakhpur,2014,2.33668,800,28,70,50,30,6.5,0.5,20,50,2.4387,1
Gorakhpur,2015,1.96167,800,28,70,50,30,6.5,0.5,20,50,2.33668,1
Gorakhpur,2016,2.20785,800,28,70,50,30,6.5,0.5,20,50,1.96167,1
Gorakhpur,2017,2.51815,800,28,70,50,30,6.5,0.5,20,50,2.20785,1
Deoria,1990,1.87342,800,28,70,50,30,6.5,0.5,20,50,2.51815,1
Deoria,1991,2.31802,800,28,70,50,30,6.5,0.5,20,50,1.87342,1
Deoria,1992,1.50271,800,28,70,50,30,6.5,0.5,20,50,2.31802,1
Deoria,1993,2.074,800,28,70,50,30,6.5,0.5,20,50,1.50271,1
Deoria,1994,1.86758,800,28,70,50,30,6.5,0.5,20,50,2.074,1
Deoria,1995,2.0909,800,28,70,50,30,6.5,0.5,20,50,1.86758,1
Deoria,1996,2.288,800,28,70,50,30,6.5,0.5,20,50,2.0909,1
Deoria,1997,2.2548000000000004,800,28,70,50,30,6.5,0.5,20,50,2.288,1
Deoria,1998,2.14169,800,28,70,50,30,6.5,0.5,20,50,2.2548000000000004,1
Deoria,1999,2.38227,800,28,70,50,30,6.5,0.5,20,50,2.14169,1
Deoria,2000,2.6581799999999998,800,28,70,50,30,6.5,0.5,20,50,2.38227,1
Deoria,2001,2.1769000000000003,800,28,70,50,30,6.5,0.5,20,50,2.6581799999999998,1
Deoria,2002,2.1816999999999998,800,28,70,50,30,6.5,0.5,20,50,2.1769000000000003,1
Deoria,2003,2.38435,800,28,70,50,30,6.5,0.5,20,50,2.1816999999999998,1
Deoria,2004,2.04927,800,28,70,50,30,6.5,0.5,20,50,2.38435,1
Deoria,2005,2.16467,800,28,70,50,30,6.5,0.5,20,50,2.04927,1
Deoria,2006,1.97527,800,28,70,50,30,6.5,0.5,20,50,2.16467,1
Deoria,2007,2.24199,800,28,70,50,30,6.5,0.5,20,50,1.97527,1
Deoria,2008,2.3642399999999997,800,28,70,50,30,6.5,0.5,20,50,2.24199,1
Deoria,2009,1.78954,800,28,70,50,30,6.5,0.5,20,50,2.3642399999999997,1
Deoria,2010,2.1525,800,28,70,50,30,6.5,0.5,20,50,1.78954,1
Deoria,2011,2.29023,800,28,70,50,30,6.5,0.5,20,50,2.1525,1
Deoria,2012,2.35306,800,28,70,50,30,6.5,0.5,20,50,2.29023,1
Deoria,2013,2.53394,800,28,70,50,30,6.5,0.5,20,50,2.35306,1
Deoria,2014,2.07162,800,28,70,50,30,6.5,0.5,20,50,2.53394,1
Deoria,2015,1.15891,800,28,70,50,30,6.5,0.5,20,50,2.07162,1
Deoria,2016,2.0521100000000003,800,28,70,50,30,6.5,0.5,20,50,1.15891,1
Deoria,2017,2.5098000000000003,800,28,70,50,30,6.5,0.5,20,50,2.0521100000000003,1
Basti,1990,1.54674,800,28,70,50,30,6.5,0.5,20,50,2.5098000000000003,1
Basti,1991,1.14767,800,28,70,50,30,6.5,0.5,20,50,1.54674,1
Basti,1992,1.38861,800,28,70,50,30,6.5,0.5,20,50,1.14767,1
Basti,1993,1.2802,800,28,70,50,30,6.5,0.5,20,50,1.38861,1
Basti,1994,1.5761800000000001,800,28,70,50,30,6.5,0.5,20,50,1.2802,1
Basti,1995,1.54844,800,28,70,50,30,6.5,0.5,20,50,1.5761800000000001,1
Basti,1996,1.80232,800,28,70,50,30,6.5,0.5,20,50,1.54844,1
Basti,1997,1.79779,800,28,70,50,30,6.5,0.5,20,50,1.80232,1
Basti,1998,1.2606199999999999,800,28,70,50,30,6.5,0.5,20,50,1.79779,1
Basti,1999,2.16129,800,28,70,50,30,6.5,0.5,20,50,1.2606199999999999,1
Basti,2000,1.90389,800,28,70,50,30,6.5,0.5,20,50,2.16129,1
Basti,2001,2.02703,800,28,70,50,30,6.5,0.5,20,50,1.90389,1
Basti,2002,0.9577,800,28,70,50,30,6.5,0.5,20,50,2.02703,1
Basti,2003,2.17838,800,28,70,50,30,6.5,0.5,20,50,0.9577,1
Basti,2004,1.19324,800,28,70,50,30,6.5,0.5,20,50,2.17838,1
Basti,2005,1.70282,800,28,70,50,30,6.5,0.5,20,50,1.19324,1
Basti,2006,1.42655,800,28,70,50,30,6.5,0.5,20,50,1.70282,1
Basti,2007,1.96057,800,28,70,50,30,6.5,0.5,20,50,1.42655,1
Basti,2008,2.16251,800,28,70,50,30,6.5,0.5,20,50,1.96057,1
Basti,2009,2.07183,800,28,70,50,30,6.5,0.5,20,50,2.16251,1
Basti,2010,2.18666,800,28,70,50,30,6.5,0.5,20,50,2.07183,1
Basti,2011,2.46579,800,28,70,50,30,6.5,0.5,20,50,2.18666,1
Basti,2012,2.45749,800,28,70,50,30,6.5,0.5,20,50,2.46579,1
Basti,2013,2.57405,800,28,70,50,30,6.5,0.5,20,50,2.45749,1
Basti,2014,2.13163,800,28,70,50,30,6.5,0.5,20,50,2.57405,1
Basti,2015,2.04695,800,28,70,50,30,6.5,0.5,20,50,2.13163,1
Basti,2016,2.1876100000000003,800,28,70,50,30,6.5,0.5,20,50,2.04695,1
Basti,2017,2.57661,800,28,70,50,30,6.5,0.5,20,50,2.1876100000000003,1
Azamgarh,1990,1.78209,800,28,70,50,30,6.5,0.5,20,50,2.57661,1
Azamgarh,1991,1.73396,800,28,70,50,30,6.5,0.5,20,50,1.78209,1
Azamgarh,1992,1.61804,800,28,70,50,30,6.5,0.5,20,50,1.73396,1
Azamgarh,1993,1.87399,800,28,70,50,30,6.5,0.5,20,50,1.61804,1
Azamgarh,1994,1.79218,800,28,70,50,30,6.5,0.5,20,50,1.87399,1
Azamgarh,1995,1.31419,800,28,70,50,30,6.5,0.5,20,50,1.79218,1
Azamgarh,1996,1.8008499999999998,800,28,70,50,30,6.5,0.5,20,50,1.31419,1
Azamgarh,1997,1.96871,800,28,70,50,30,6.5,0.5,20,50,1.8008499999999998,1
Azamgarh,1998,1.74935,800,28,70,50,30,6.5,0.5,20,50,1.96871,1
Azamgarh,1999,2.1558800000000002,800,28,70,50,30,6.5,0.5,20,50,1.74935,1
Azamgarh,2000,1.85745,800,28,70,50,30,6.5,0.5,20,50,2.1558800000000002,1
Azamgarh,2001,2.02068,800,28,70,50,30,6.5,0.5,20,50,1.85745,1
Azamgarh,2002,1.8459400000000001,800,28,70,50,30,6.5,0.5,20,50,2.02068,1
Azamgarh,2003,2.05686,800,28,70,50,30,6.5,0.5,20,50,1.8459400000000001,1
Azamgarh,2004,1.01171,800,28,70,50,30,6.5,0.5,20,50,2.05686,1
Azamgarh,2005,1.75266,800,28,70,50,30,6.5,0.5,20,50,1.01171,1
Azamgarh,2006,1.3425799999999999,800,28,70,50,30,6.5,0.5,20,50,1.75266,1
Azamgarh,2007,1.88879,800,28,70,50,30,6.5,0.5,20,50,1.3425799999999999,1
Azamgarh,2008,1.98572,800,28,70,50,30,6.5,0.5,20,50,1.88879,1
Azamgarh,2009,1.66627,800,28,70,50,30,6.5,0.5,20,50,1.98572,1
Azamgarh,2010,1.9909100000000002,800,28,70,50,30,6.5,0.5,20,50,1.66627,1
Azamgarh,2011,2.27512,800,28,70,50,30,6.5,0.5,20,50,1.9909100000000002,1
Azamgarh,2012,2.1476100000000002,800,28,70,50,30,6.5,0.5,20,50,2.27512,1
Azamgarh,2013,2.1720300000000003,800,28,70,50,30,6.5,0.5,20,50,2.1476100000000002,1
Azamgarh,2014,1.90852,800,28,70,50,30,6.5,0.5,20,50,2.1720300000000003,1
Azamgarh,2015,1.81972,800,28,70,50,30,6.5,0.5,20,50,1.90852,1
Azamgarh,2016,2.2608099999999998,800,28,70,50,30,6.5,0.5,20,50,1.81972,1
Azamgarh,2017,2.37545,800,28,70,50,30,6.5,0.5,20,50,2.2608099999999998,1
Lucknow,1990,1.6904000000000001,800,28,70,50,30,6.5,0.5,20,50,2.37545,1
Lucknow,1991,1.3279,800,28,70,50,30,6.5,0.5,20,50,1.6904000000000001,1
Lucknow,1992,1.59253,800,28,70,50,30,6.5,0.5,20,50,1.3279,1
Lucknow,1993,1.5419200000000002,800,28,70,50,30,6.5,0.5,20,50,1.59253,1
Lucknow,1994,1.13485,800,28,70,50,30,6.5,0.5,20,50,1.5419200000000002,1
Lucknow,1995,1.8796300000000001,800,28,70,50,30,6.5,0.5,20,50,1.13485,1
Lucknow,1996,1.70068,800,28,70,50,30,6.5,0.5,20,50,1.8796300000000001,1
Lucknow,1997,1.70519,800,28,70,50,30,6.5,0.5,20,50,1.70068,1
Lucknow,1998,1.6480299999999999,800,28,70,50,30,6.5,0.5,20,50,1.70519,1
Lucknow,1999,1.70445,800,28,70,50,30,6.5,0.5,20,50,1.6480299999999999,1
Lucknow,2000,1.2679500000000001,800,28,70,50,30,6.5,0.5,20,50,1.70445,1
Lucknow,2001,1.72055,800,28,70,50,30,6.5,0.5,20,50,1.2679500000000001,1
Lucknow,2002,1.82287,800,28,70,50,30,6.5,0.5,20,50,1.72055,1
Lucknow,2003,2.11632,800,28,70,50,30,6.5,0.5,20,50,1.82287,1
Lucknow,2004,1.85989,800,28,70,50,30,6.5,0.5,20,50,2.11632,1
Lucknow,2005,1.92423,800,28,70,50,30,6.5,0.5,20,50,1.85989,1
Lucknow,2006,1.9231099999999999,800,28,70,50,30,6.5,0.5,20,50,1.92423,1
Lucknow,2007,1.83032,800,28,70,50,30,6.5,0.5,20,50,1.9231099999999999,1
Lucknow,2008,2.12805,800,28,70,50,30,6.5,0.5,20,50,1.83032,1
Lucknow,2009,2.20585,800,28,70,50,30,6.5,0.5,20,50,2.12805,1
Lucknow,2010,1.9128800000000001,800,28,70,50,30,6.5,0.5,20,50,2.20585,1
Lucknow,2011,2.00853,800,28,70,50,30,6.5,0.5,20,50,1.9128800000000001,1
Lucknow,2012,2.0498600000000002,800,28,70,50,30,6.5,0.5,20,50,2.00853,1
Lucknow,2013,2.02588,800,28,70,50,30,6.5,0.5,20,50,2.0498600000000002,1
Lucknow,2014,2.32477,800,28,70,50,30,6.5,0.5,20,50,2.02588,1
Lucknow,2015,2.02626,800,28,70,50,30,6.5,0.5,20,50,2.32477,1
Lucknow,2016,1.948,800,28,70,50,30,6.5,0.5,20,50,2.02626,1
Lucknow,2017,2.707,800,28,70,50,30,6.5,0.5,20,50,1.948,1
Unnao,1990,1.53657,800,28,70,50,30,6.5,0.5,20,50,2.707,1
Unnao,1991,1.27473,800,28,70,50,30,6.5,0.5,20,50,1.53657,1
Unnao,1992,1.4096300000000002,800,28,70,50,30,6.5,0.5,20,50,1.27473,1
Unnao,1993,1.3020399999999999,800,28,70,50,30,6.5,0.5,20,50,1.4096300000000002,1
Unnao,1994,1.40646,800,28,70,50,30,6.5,0.5,20,50,1.3020399999999999,1
Unnao,1995,1.4381199999999998,800,28,70,50,30,6.5,0.5,20,50,1.40646,1
Unnao,1996,1.5961400000000001,800,28,70,50,30,6.5,0.5,20,50,1.4381199999999998,1
Unnao,1997,1.7022599999999999,800,28,70,50,30,6.5,0.5,20,50,1.5961400000000001,1
Unnao,1998,1.4759200000000001,800,28,70,50,30,6.5,0.5,20,50,1.7022599999999999,1
Unnao,1999,1.50143,800,28,70,50,30,6.5,0.5,20,50,1.4759200000000001,1
Unnao,2000,1.13326,800,28,70,50,30,6.5,0.5,20,50,1.50143,1
Unnao,2001,1.5694000000000001,800,28,70,50,30,6.5,0.5,20,50,1.13326,1
Unnao,2002,1.43411,800,28,70,50,30,6.5,0.5,20,50,1.5694000000000001,1
Unnao,2003,1.94154,800,28,70,50,30,6.5,0.5,20,50,1.43411,1
Unnao,2004,1.72703,800,28,70,50,30,6.5,0.5,20,50,1.94154,1
Unnao,2005,1.72866,800,28,70,50,30,6.5,0.5,20,50,1.72703,1
Unnao,2006,1.453,800,28,70,50,30,6.5,0.5,20,50,1.72866,1
Unnao,2007,1.91483,800,28,70,50,30,6.5,0.5,20,50,1.453,1
Unnao,2008,2.10689,800,28,70,50,30,6.5,0.5,20,50,1.91483,1
Unnao,2009,1.77353,800,28,70,50,30,6.5,0.5,20,50,2.10689,1
Unnao,2010,1.66164,800,28,70,50,30,6.5,0.5,20,50,1.77353,1
Unnao,2011,1.77726,800,28,70,50,30,6.5,0.5,20,50,1.66164,1
Unnao,2012,1.9620499999999998,800,28,70,50,30,6.5,0.5,20,50,1.77726,1
Unnao,2013,2.1299,800,28,70,50,30,6.5,0.5,20,50,1.9620499999999998,1
Unnao,2014,1.6779300000000001,800,28,70,50,30,6.5,0.5,20,50,2.1299,1
Unnao,2015,1.584,800,28,70,50,30,6.5,0.5,20,50,1.6779300000000001,1
Unnao,2016,1.942,800,28,70,50,30,6.5,0.5,20,50,1.584,1
Unnao,2017,2.097,800,28,70,50,30,6.5,0.5,20,50,1.942,1
Rae-Bareily,1990,1.76919,800,28,70,50,30,6.5,0.5,20,50,2.097,1
Rae-Bareily,1991,1.431,800,28,70,50,30,6.5,0.5,20,50,1.76919,1
Rae-Bareily,1992,1.77797,800,28,70,50,30,6.5,0.5,20,50,1.431,1
Rae-Bareily,1993,1.72458,800,28,70,50,30,6.5,0.5,20,50,1.77797,1
Rae-Bareily,1994,1.58804,800,28,70,50,30,6.5,0.5,20,50,1.72458,1
Rae-Bareily,1995,1.6198599999999999,800,28,70,50,30,6.5,0.5,20,50,1.58804,1
Rae-Bareily,1996,1.77448,800,28,70,50,30,6.5,0.5,20,50,1.6198599999999999,1
Rae-Bareily,1997,1.71623,800,28,70,50,30,6.5,0.5,20,50,1.77448,1
Rae-Bareily,1998,1.70597,800,28,70,50,30,6.5,0.5,20,50,1.71623,1
Rae-Bareily,1999,1.85408,800,28,70,50,30,6.5,0.5,20,50,1.70597,1
Rae-Bareily,2000,1.5386900000000001,800,28,70,50,30,6.5,0.5,20,50,1.85408,1
Rae-Bareily,2001,2.09624,800,28,70,50,30,6.5,0.5,20,50,1.5386900000000001,1
Rae-Bareily,2002,1.94764,800,28,70,50,30,6.5,0.5,20,50,2.09624,1
Rae-Bareily,2003,1.99325,800,28,70,50,30,6.5,0.5,20,50,1.94764,1
Rae-Bareily,2004,2.04595,800,28,70,50,30,6.5,0.5,20,50,1.99325,1
Rae-Bareily,2005,2.08327,800,28,70,50,30,6.5,0.5,20,50,2.04595,1
Rae-Bareily,2006,1.82941,800,28,70,50,30,6.5,0.5,20,50,2.08327,1
Rae-Bareily,2007,2.11835,800,28,70,50,30,6.5,0.5,20,50,1.82941,1
Rae-Bareily,2008,2.26299,800,28,70,50,30,6.5,0.5,20,50,2.11835,1
Rae-Bareily,2009,2.19417,800,28,70,50,30,6.5,0.5,20,50,2.26299,1
Rae-Bareily,2010,2.1184000000000003,800,28,70,50,30,6.5,0.5,20,50,2.19417,1
Rae-Bareily,2011,2.27294,800,28,70,50,30,6.5,0.5,20,50,2.1184000000000003,1
Rae-Bareily,2012,2.4932399999999997,800,28,70,50,30,6.5,0.5,20,50,2.27294,1
Rae-Bareily,2013,2.38715,800,28,70,50,30,6.5,0.5,20,50,2.4932399999999997,1
Rae-Bareily,2014,2.11994,800,28,70,50,30,6.5,0.5,20,50,2.38715,1
Rae-Bareily,2015,2.08517,800,28,70,50,30,6.5,0.5,20,50,2.11994,1
Rae-Bareily,2016,2.3787,800,28,70,50,30,6.5,0.5,20,50,2.08517,1
Rae-Bareily,2017,2.4420100000000002,800,28,70,50,30,6.5,0.5,20,50,2.3787,1
Sitapur,1990,1.68289,800,28,70,50,30,6.5,0.5,20,50,2.4420100000000002,1
Sitapur,1991,1.54935,800,28,70,50,30,6.5,0.5,20,50,1.68289,1
Sitapur,1992,1.47376,800,28,70,50,30,6.5,0.5,20,50,1.54935,1
Sitapur,1993,1.64381,800,28,70,50,30,6.5,0.5,20,50,1.47376,1
Sitapur,1994,1.5058099999999999,800,28,70,50,30,6.5,0.5,20,50,1.64381,1
Sitapur,1995,1.56073,800,28,70,50,30,6.5,0.5,20,50,1.5058099999999999,1
Sitapur,1996,1.89587,800,28,70,50,30,6.5,0.5,20,50,1.56073,1
Sitapur,1997,2.2209899999999996,800,28,70,50,30,6.5,0.5,20,50,1.89587,1
Sitapur,1998,1.77483,800,28,70,50,30,6.5,0.5,20,50,2.2209899999999996,1
Sitapur,1999,2.05102,800,28,70,50,30,6.5,0.5,20,50,1.77483,1
Sitapur,2000,1.4249,800,28,70,50,30,6.5,0.5,20,50,2.05102,1
Sitapur,2001,1.7167999999999999,800,28,70,50,30,6.5,0.5,20,50,1.4249,1
Sitapur,2002,1.57608,800,28,70,50,30,6.5,0.5,20,50,1.7167999999999999,1
Sitapur,2003,1.8677300000000001,800,28,70,50,30,6.5,0.5,20,50,1.57608,1
Sitapur,2004,1.51905,800,28,70,50,30,6.5,0.5,20,50,1.8677300000000001,1
Sitapur,2005,1.66102,800,28,70,50,30,6.5,0.5,20,50,1.51905,1
Sitapur,2006,1.62004,800,28,70,50,30,6.5,0.5,20,50,1.66102,1
Sitapur,2007,1.7487300000000001,800,28,70,50,30,6.5,0.5,20,50,1.62004,1
Sitapur,2008,1.73598,800,28,70,50,30,6.5,0.5,20,50,1.7487300000000001,1
Sitapur,2009,1.83941,800,28,70,50,30,6.5,0.5,20,50,1.73598,1
Sitapur,2010,1.97623,800,28,70,50,30,6.5,0.5,20,50,1.83941,1
Sitapur,2011,2.22117,800,28,70,50,30,6.5,0.5,20,50,1.97623,1
Sitapur,2012,2.39499,800,28,70,50,30,6.5,0.5,20,50,2.22117,1
Sitapur,2013,2.43902,800,28,70,50,30,6.5,0.5,20,50,2.39499,1
Sitapur,2014,2.33307,800,28,70,50,30,6.5,0.5,20,50,2.43902,1
Sitapur,2015,2.1580500000000002,800,28,70,50,30,6.5,0.5,20,50,2.33307,1
Sitapur,2016,2.33,800,28,70,50,30,6.5,0.5,20,50,2.1580500000000002,1
Sitapur,2017,2.344,800,28,70,50,30,6.5,0.5,20,50,2.33,1
Hardoi,1990,1.7937,800,28,70,50,30,6.5,0.5,20,50,2.344,1
Hardoi,1991,1.64667,800,28,70,50,30,6.5,0.5,20,50,1.7937,1
Hardoi,1992,1.88577,800,28,70,50,30,6.5,0.5,20,50,1.64667,1
Hardoi,1993,1.77799,800,28,70,50,30,6.5,0.5,20,50,1.88577,1
Hardoi,1994,1.78593,800,28,70,50,30,6.5,0.5,20,50,1.77799,1
Hardoi,1995,1.8693199999999999,800,28,70,50,30,6.5,0.5,20,50,1.78593,1
Hardoi,1996,2.11416,800,28,70,50,30,6.5,0.5,20,50,1.8693199999999999,1
Hardoi,1997,2.19454,800,28,70,50,30,6.5,0.5,20,50,2.11416,1
Hardoi,1998,2.0536999999999996,800,28,70,50,30,6.5,0.5,20,50,2.19454,1
Hardoi,1999,2.00823,800,28,70,50,30,6.5,0.5,20,50,2.0536999999999996,1
Hardoi,2000,1.69714,800,28,70,50,30,6.5,0.5,20,50,2.00823,1
Hardoi,2001,1.7145,800,28,70,50,30,6.5,0.5,20,50,1.69714,1
Hardoi,2002,1.6756300000000002,800,28,70,50,30,6.5,0.5,20,50,1.7145,1
Hardoi,2003,2.05512,800,28,70,50,30,6.5,0.5,20,50,1.6756300000000002,1
Hardoi,2004,2.3239699999999996,800,28,70,50,30,6.5,0.5,20,50,2.05512,1
Hardoi,2005,2.18499,800,28,70,50,30,6.5,0.5,20,50,2.3239699999999996,1
Hardoi,2006,2.0318199999999997,800,28,70,50,30,6.5,0.5,20,50,2.18499,1
Hardoi,2007,1.9478199999999999,800,28,70,50,30,6.5,0.5,20,50,2.0318199999999997,1
Hardoi,2008,2.09296,800,28,70,50,30,6.5,0.5,20,50,1.9478199999999999,1
Hardoi,2009,2.2567,800,28,70,50,30,6.5,0.5,20,50,2.09296,1
Hardoi,2010,2.04505,800,28,70,50,30,6.5,0.5,20,50,2.2567,1
Hardoi,2011,2.2506,800,28,70,50,30,6.5,0.5,20,50,2.04505,1
Hardoi,2012,2.45392,800,28,70,50,30,6.5,0.5,20,50,2.2506,1
Hardoi,2013,2.5161,800,28,70,50,30,6.5,0.5,20,50,2.45392,1
Hardoi,2014,1.96506,800,28,70,50,30,6.5,0.5,20,50,2.5161,1
Hardoi,2015,2.25605,800,28,70,50,30,6.5,0.5,20,50,1.96506,1
Hardoi,2016,2.395,800,28,70,50,30,6.5,0.5,20,50,2.25605,1
Hardoi,2017,2.518,800,28,70,50,30,6.5,0.5,20,50,2.395,1
Kheri,1990,2.2130300000000003,800,28,70,50,30,6.5,0.5,20,50,2.518,1
Kheri,1991,2.05511,800,28,70,50,30,6.5,0.5,20,50,2.2130300000000003,1
Kheri,1992,2.02795,800,28,70,50,30,6.5,0.5,20,50,2.05511,1
Kheri,1993,2.14203,800,28,70,50,30,6.5,0.5,20,50,2.02795,1
Kheri,1994,1.78259,800,28,70,50,30,6.5,0.5,20,50,2.14203,1
Kheri,1995,2.31006,800,28,70,50,30,6.5,0.5,20,50,1.78259,1
Kheri,1996,2.48766,800,28,70,50,30,6.5,0.5,20,50,2.31006,1
Kheri,1997,2.58178,800,28,70,50,30,6.5,0.5,20,50,2.48766,1
Kheri,1998,2.22948,800,28,70,50,30,6.5,0.5,20,50,2.58178,1
Kheri,1999,2.5523800000000003,800,28,70,50,30,6.5,0.5,20,50,2.22948,1
Kheri,2000,2.53975,800,28,70,50,30,6.5,0.5,20,50,2.5523800000000003,1
Kheri,2001,2.58281,800,28,70,50,30,6.5,0.5,20,50,2.53975,1
Kheri,2002,2.10535,800,28,70,50,30,6.5,0.5,20,50,2.58281,1
Kheri,2003,2.38321,800,28,70,50,30,6.5,0.5,20,50,2.10535,1
Kheri,2004,2.0789899999999997,800,28,70,50,30,6.5,0.5,20,50,2.38321,1
Kheri,2005,2.24634,800,28,70,50,30,6.5,0.5,20,50,2.0789899999999997,1
Kheri,2006,2.0392,800,28,70,50,30,6.5,0.5,20,50,2.24634,1
Kheri,2007,2.0537199999999998,800,28,70,50,30,6.5,0.5,20,50,2.0392,1
Kheri,2008,1.796,800,28,70,50,30,6.5,0.5,20,50,2.0537199999999998,1
Kheri,2009,1.98002,800,28,70,50,30,6.5,0.5,20,50,1.796,1
Kheri,2010,2.12942,800,28,70,50,30,6.5,0.5,20,50,1.98002,1
Kheri,2011,2.44123,800,28,70,50,30,6.5,0.5,20,50,2.12942,1
Kheri,2012,2.563,800,28,70,50,30,6.5,0.5,20,50,2.44123,1
Kheri,2013,2.69596,800,28,70,50,30,6.5,0.5,20,50,2.563,1
Kheri,2014,2.72391,800,28,70,50,30,6.5,0.5,20,50,2.69596,1
Kheri,2015,2.6290500000000003,800,28,70,50,30,6.5,0.5,20,50,2.72391,1
Kheri,2016,2.774,800,28,70,50,30,6.5,0.5,20,50,2.6290500000000003,1
Kheri,2017,3.126,800,28,70,50,30,6.5,0.5,20,50,2.774,1
Faizabad,1990,2.1125700000000003,800,28,70,50,30,6.5,0.5,20,50,3.126,1
Faizabad,1991,1.95834,800,28,70,50,30,6.5,0.5,20,50,2.1125700000000003,1
Faizabad,1992,1.80597,800,28,70,50,30,6.5,0.5,20,50,1.95834,1
Faizabad,1993,2.13227,800,28,70,50,30,6.5,0.5,20,50,1.80597,1
Faizabad,1994,2.15261,800,28,70,50,30,6.5,0.5,20,50,2.13227,1
Faizabad,1995,1.83604,800,28,70,50,30,6.5,0.5,20,50,2.15261,1
Faizabad,1996,2.36779,800,28,70,50,30,6.5,0.5,20,50,1.83604,1
Faizabad,1997,2.35838,800,28,70,50,30,6.5,0.5,20,50,2.36779,1
Faizabad,1998,2.11005,800,28,70,50,30,6.5,0.5,20,50,2.35838,1
Faizabad,1999,2.4755100000000003,800,28,70,50,30,6.5,0.5,20,50,2.11005,1
Faizabad,2000,2.31107,800,28,70,50,30,6.5,0.5,20,50,2.4755100000000003,1
Faizabad,2001,2.40956,800,28,70,50,30,6.5,0.5,20,50,2.31107,1
Faizabad,2002,2.19779,800,28,70,50,30,6.5,0.5,20,50,2.40956,1
Faizabad,2003,2.66176,800,28,70,50,30,6.5,0.5,20,50,2.19779,1
Faizabad,2004,2.1244,800,28,70,50,30,6.5,0.5,20,50,2.66176,1
Faizabad,2005,2.42003,800,28,70,50,30,6.5,0.5,20,50,2.1244,1
Faizabad,2006,1.77242,800,28,70,50,30,6.5,0.5,20,50,2.42003,1
Faizabad,2007,2.36091,800,28,70,50,30,6.5,0.5,20,50,1.77242,1
Faizabad,2008,2.55602,800,28,70,50,30,6.5,0.5,20,50,2.36091,1
Faizabad,2009,2.45871,800,28,70,50,30,6.5,0.5,20,50,2.55602,1
Faizabad,2010,2.43025,800,28,70,50,30,6.5,0.5,20,50,2.45871,1
Faizabad,2011,2.55281,800,28,70,50,30,6.5,0.5,20,50,2.43025,1
Faizabad,2012,2.6581,800,28,70,50,30,6.5,0.5,20,50,2.55281,1
Faizabad,2013,2.6771100000000003,800,28,70,50,30,6.5,0.5,20,50,2.6581,1
Faizabad,2014,2.33827,800,28,70,50,30,6.5,0.5,20,50,2.6771100000000003,1
Faizabad,2015,2.10054,800,28,70,50,30,6.5,0.5,20,50,2.33827,1
Faizabad,2016,2.54856,800,28,70,50,30,6.5,0.5,20,50,2.10054,1
Faizabad,2017,2.92154,800,28,70,50,30,6.5,0.5,20,50,2.54856,1
Gonda,1990,1.3943800000000002,800,28,70,50,30,6.5,0.5,20,50,2.92154,1
Gonda,1991,1.2055799999999999,800,28,70,50,30,6.5,0.5,20,50,1.3943800000000002,1
Gonda,1992,1.43388,800,28,70,50,30,6.5,0.5,20,50,1.2055799999999999,1
Gonda,1993,1.6803299999999999,800,28,70,50,30,6.5,0.5,20,50,1.43388,1
Gonda,1994,1.45638,800,28,70,50,30,6.5,0.5,20,50,1.6803299999999999,1
Gonda,1995,1.75545,800,28,70,50,30,6.5,0.5,20,50,1.45638,1
Gonda,1996,1.80305,800,28,70,50,30,6.5,0.5,20,50,1.75545,1
Gonda,1997,2.0808400000000002,800,28,70,50,30,6.5,0.5,20,50,1.80305,1
Gonda,1998,1.77801,800,28,70,50,30,6.5,0.5,20,50,2.0808400000000002,1
Gonda,1999,1.9759,800,28,70,50,30,6.5,0.5,20,50,1.77801,1
Gonda,2000,1.79022,800,28,70,50,30,6.5,0.5,20,50,1.9759,1
Gonda,2001,1.9582899999999999,800,28,70,50,30,6.5,0.5,20,50,1.79022,1
Gonda,2002,1.05767,800,28,70,50,30,6.5,0.5,20,50,1.9582899999999999,1
Gonda,2003,1.8269600000000001,800,28,70,50,30,6.5,0.5,20,50,1.05767,1
Gonda,2004,1.5923,800,28,70,50,30,6.5,0.5,20,50,1.8269600000000001,1
Gonda,2005,1.93924,800,28,70,50,30,6.5,0.5,20,50,1.5923,1
Gonda,2006,1.6744100000000002,800,28,70,50,30,6.5,0.5,20,50,1.93924,1
Gonda,2007,2.01574,800,28,70,50,30,6.5,0.5,20,50,1.6744100000000002,1
Gonda,2008,2.35285,800,28,70,50,30,6.5,0.5,20,50,2.01574,1
Gonda,2009,1.9636300000000002,800,28,70,50,30,6.5,0.5,20,50,2.35285,1
Gonda,2010,2.22317,800,28,70,50,30,6.5,0.5,20,50,1.9636300000000002,1
Gonda,2011,2.24819,800,28,70,50,30,6.5,0.5,20,50,2.22317,1
Gonda,2012,2.3396999999999997,800,28,70,50,30,6.5,0.5,20,50,2.24819,1
Gonda,2013,2.34054,800,28,70,50,30,6.5,0.5,20,50,2.3396999999999997,1
Gonda,2014,1.96541,800,28,70,50,30,6.5,0.5,20,50,2.34054,1
Gonda,2015,1.9416300000000002,800,28,70,50,30,6.5,0.5,20,50,1.96541,1
Gonda,2016,2.23705,800,28,70,50,30,6.5,0.5,20,50,1.9416300000000002,1
Gonda,2017,2.39498,800,28,70,50,30,6.5,0.5,20,50,2.23705,1
Bahraich,1990,1.41262,800,28,70,50,30,6.5,0.5,20,50,2.39498,1
Bahraich,1991,1.11548,800,28,70,50,30,6.5,0.5,20,50,1.41262,1
Bahraich,1992,1.30179,800,28,70,50,30,6.5,0.5,20,50,1.11548,1
Bahraich,1993,1.61255,800,28,70,50,30,6.5,0.5,20,50,1.30179,1
Bahraich,1994,1.2174800000000001,800,28,70,50,30,6.5,0.5,20,50,1.61255,1
Bahraich,1995,1.32917,800,28,70,50,30,6.5,0.5,20,50,1.2174800000000001,1
Bahraich,1996,1.66988,800,28,70,50,30,6.5,0.5,20,50,1.32917,1
Bahraich,1997,1.5825,800,28,70,50,30,6.5,0.5,20,50,1.66988,1
Bahraich,1998,1.65893,800,28,70,50,30,6.5,0.5,20,50,1.5825,1
Bahraich,1999,1.75169,800,28,70,50,30,6.5,0.5,20,50,1.65893,1
Bahraich,2000,1.82102,800,28,70,50,30,6.5,0.5,20,50,1.75169,1
Bahraich,2001,1.95578,800,28,70,50,30,6.5,0.5,20,50,1.82102,1
Bahraich,2002,1.26996,800,28,70,50,30,6.5,0.5,20,50,1.95578,1
Bahraich,2003,1.87483,800,28,70,50,30,6.5,0.5,20,50,1.26996,1
Bahraich,2004,1.75705,800,28,70,50,30,6.5,0.5,20,50,1.87483,1
Bahraich,2005,1.86416,800,28,70,50,30,6.5,0.5,20,50,1.75705,1
Bahraich,2006,1.60165,800,28,70,50,30,6.5,0.5,20,50,1.86416,1
Bahraich,2007,1.84795,800,28,70,50,30,6.5,0.5,20,50,1.60165,1
Bahraich,2008,2.0719499999999997,800,28,70,50,30,6.5,0.5,20,50,1.84795,1
Bahraich,2009,2.05505,800,28,70,50,30,6.5,0.5,20,50,2.0719499999999997,1
Bahraich,2010,2.01747,800,28,70,50,30,6.5,0.5,20,50,2.05505,1
Bahraich,2011,2.08844,800,28,70,50,30,6.5,0.5,20,50,2.01747,1
Bahraich,2012,2.33918,800,28,70,50,30,6.5,0.5,20,50,2.08844,1
Bahraich,2013,2.2659000000000002,800,28,70,50,30,6.5,0.5,20,50,2.33918,1
Bahraich,2014,2.2086900000000003,800,28,70,50,30,6.5,0.5,20,50,2.2659000000000002,1
Bahraich,2015,1.90672,800,28,70,50,30,6.5,0.5,20,50,2.2086900000000003,1
Bahraich,2016,2.37189,800,28,70,50,30,6.5,0.5,20,50,1.90672,1
Bahraich,2017,2.55303,800,28,70,50,30,6.5,0.5,20,50,2.37189,1
Sultanpur,1990,1.7006,800,28,70,50,30,6.5,0.5,20,50,2.55303,1
Sultanpur,1991,1.65306,800,28,70,50,30,6.5,0.5,20,50,1.7006,1
Sultanpur,1992,1.85064,800,28,70,50,30,6.5,0.5,20,50,1.65306,1
Sultanpur,1993,1.64144,800,28,70,50,30,6.5,0.5,20,50,1.85064,1
Sultanpur,1994,1.6464,800,28,70,50,30,6.5,0.5,20,50,1.64144,1
Sultanpur,1995,1.5780699999999999,800,28,70,50,30,6.5,0.5,20,50,1.6464,1
Sultanpur,1996,2.17598,800,28,70,50,30,6.5,0.5,20,50,1.5780699999999999,1
Sultanpur,1997,2.1119,800,28,70,50,30,6.5,0.5,20,50,2.17598,1
Sultanpur,1998,1.98681,800,28,70,50,30,6.5,0.5,20,50,2.1119,1
Sultanpur,1999,2.1314699999999998,800,28,70,50,30,6.5,0.5,20,50,1.98681,1
Sultanpur,2000,2.05591,800,28,70,50,30,6.5,0.5,20,50,2.1314699999999998,1
Sultanpur,2001,2.23296,800,28,70,50,30,6.5,0.5,20,50,2.05591,1
Sultanpur,2002,2.0643800000000003,800,28,70,50,30,6.5,0.5,20,50,2.23296,1
Sultanpur,2003,2.27813,800,28,70,50,30,6.5,0.5,20,50,2.0643800000000003,1
Sultanpur,2004,1.81906,800,28,70,50,30,6.5,0.5,20,50,2.27813,1
Sultanpur,2005,2.12915,800,28,70,50,30,6.5,0.5,20,50,1.81906,1
Sultanpur,2006,1.7843,800,28,70,50,30,6.5,0.5,20,50,2.12915,1
Sultanpur,2007,2.0561100000000003,800,28,70,50,30,6.5,0.5,20,50,1.7843,1
Sultanpur,2008,2.1979699999999998,800,28,70,50,30,6.5,0.5,20,50,2.0561100000000003,1
Sultanpur,2009,2.2725,800,28,70,50,30,6.5,0.5,20,50,2.1979699999999998,1
Sultanpur,2010,2.2722800000000003,800,28,70,50,30,6.5,0.5,20,50,2.2725,1
Sultanpur,2011,2.37639,800,28,70,50,30,6.5,0.5,20,50,2.2722800000000003,1
Sultanpur,2012,2.55409,800,28,70,50,30,6.5,0.5,20,50,2.37639,1
Sultanpur,2013,2.36779,800,28,70,50,30,6.5,0.5,20,50,2.55409,1
Sultanpur,2014,1.67764,800,28,70,50,30,6.5,0.5,20,50,2.36779,1
Sultanpur,2015,2.03913,800,28,70,50,30,6.5,0.5,20,50,1.67764,1
Sultanpur,2016,2.32267,800,28,70,50,30,6.5,0.5,20,50,2.03913,1
Sultanpur,2017,2.88788,800,28,70,50,30,6.5,0.5,20,50,2.32267,1
Pratapgarh,1990,1.78823,800,28,70,50,30,6.5,0.5,20,50,2.88788,1
Pratapgarh,1991,1.64821,800,28,70,50,30,6.5,0.5,20,50,1.78823,1
Pratapgarh,1992,2.0186800000000003,800,28,70,50,30,6.5,0.5,20,50,1.64821,1
Pratapgarh,1993,1.95776,800,28,70,50,30,6.5,0.5,20,50,2.0186800000000003,1
Pratapgarh,1994,1.80808,800,28,70,50,30,6.5,0.5,20,50,1.95776,1
Pratapgarh,1995,1.68124,800,28,70,50,30,6.5,0.5,20,50,1.80808,1
Pratapgarh,1996,2.07934,800,28,70,50,30,6.5,0.5,20,50,1.68124,1
Pratapgarh,1997,2.09079,800,28,70,50,30,6.5,0.5,20,50,2.07934,1
Pratapgarh,1998,1.56366,800,28,70,50,30,6.5,0.5,20,50,2.09079,1
Pratapgarh,1999,2.04021,800,28,70,50,30,6.5,0.5,20,50,1.56366,1
Pratapgarh,2000,1.56803,800,28,70,50,30,6.5,0.5,20,50,2.04021,1
Pratapgarh,2001,1.9928599999999999,800,28,70,50,30,6.5,0.5,20,50,1.56803,1
Pratapgarh,2002,1.80302,800,28,70,50,30,6.5,0.5,20,50,1.9928599999999999,1
Pratapgarh,2003,2.22344,800,28,70,50,30,6.5,0.5,20,50,1.80302,1
Pratapgarh,2004,1.63706,800,28,70,50,30,6.5,0.5,20,50,2.22344,1
Pratapgarh,2005,1.79377,800,28,70,50,30,6.5,0.5,20,50,1.63706,1
Pratapgarh,2006,1.84972,800,28,70,50,30,6.5,0.5,20,50,1.79377,1
Pratapgarh,2007,1.92008,800,28,70,50,30,6.5,0.5,20,50,1.84972,1
Pratapgarh,2008,2.19087,800,28,70,50,30,6.5,0.5,20,50,1.92008,1
Pratapgarh,2009,2.1254899999999997,800,28,70,50,30,6.5,0.5,20,50,2.19087,1
Pratapgarh,2010,2.00965,800,28,70,50,30,6.5,0.5,20,50,2.1254899999999997,1
Pratapgarh,2011,2.31694,800,28,70,50,30,6.5,0.5,20,50,2.00965,1
Pratapgarh,2012,2.43007,800,28,70,50,30,6.5,0.5,20,50,2.31694,1
Pratapgarh,2013,2.39587,800,28,70,50,30,6.5,0.5,20,50,2.43007,1
Pratapgarh,2014,2.26311,800,28,70,50,30,6.5,0.5,20,50,2.39587,1
Pratapgarh,2015,1.79904,800,28,70,50,30,6.5,0.5,20,50,2.26311,1
Pratapgarh,2016,2.192,800,28,70,50,30,6.5,0.5,20,50,1.79904,1
Pratapgarh,2017,2.364,800,28,70,50,30,6.5,0.5,20,50,2.192,1
Barabanki,1990,1.77648,800,28,70,50,30,6.5,0.5,20,50,2.364,1
Barabanki,1991,2.08798,800,28,70,50,30,6.5,0.5,20,50,1.77648,1
Barabanki,1992,1.8738299999999999,800,28,70,50,30,6.5,0.5,20,50,2.08798,1
Barabanki,1993,2.11017,800,28,70,50,30,6.5,0.5,20,50,1.8738299999999999,1
Barabanki,1994,1.99299,800,28,70,50,30,6.5,0.5,20,50,2.11017,1
Barabanki,1995,1.91972,800,28,70,50,30,6.5,0.5,20,50,1.99299,1
Barabanki,1996,2.10076,800,28,70,50,30,6.5,0.5,20,50,1.91972,1
Barabanki,1997,1.9853800000000001,800,28,70,50,30,6.5,0.5,20,50,2.10076,1
Barabanki,1998,2.15173,800,28,70,50,30,6.5,0.5,20,50,1.9853800000000001,1
Barabanki,1999,2.14583,800,28,70,50,30,6.5,0.5,20,50,2.15173,1
Barabanki,2000,1.77781,800,28,70,50,30,6.5,0.5,20,50,2.14583,1
Barabanki,2001,2.12121,800,28,70,50,30,6.5,0.5,20,50,1.77781,1
Barabanki,2002,2.1229299999999998,800,28,70,50,30,6.5,0.5,20,50,2.12121,1
Barabanki,2003,2.35066,800,28,70,50,30,6.5,0.5,20,50,2.1229299999999998,1
Barabanki,2004,2.47504,800,28,70,50,30,6.5,0.5,20,50,2.35066,1
Barabanki,2005,2.32504,800,28,70,50,30,6.5,0.5,20,50,2.47504,1
Barabanki,2006,2.0686799999999996,800,28,70,50,30,6.5,0.5,20,50,2.32504,1
Barabanki,2007,1.5065899999999999,800,28,70,50,30,6.5,0.5,20,50,2.0686799999999996,1
Barabanki,2008,2.05202,800,28,70,50,30,6.5,0.5,20,50,1.5065899999999999,1
Barabanki,2009,2.3028899999999997,800,28,70,50,30,6.5,0.5,20,50,2.05202,1
Barabanki,2010,2.36673,800,28,70,50,30,6.5,0.5,20,50,2.3028899999999997,1
Barabanki,2011,2.76204,800,28,70,50,30,6.5,0.5,20,50,2.36673,1
Barabanki,2012,3.05702,800,28,70,50,30,6.5,0.5,20,50,2.76204,1
Barabanki,2013,2.85792,800,28,70,50,30,6.5,0.5,20,50,3.05702,1
Barabanki,2014,2.7600599999999997,800,28,70,50,30,6.5,0.5,20,50,2.85792,1
Barabanki,2015,2.75095,800,28,70,50,30,6.5,0.5,20,50,2.7600599999999997,1
Barabanki,2016,2.726,800,28,70,50,30,6.5,0.5,20,50,2.75095,1
Barabanki,2017,2.867,800,28,70,50,30,6.5,0.5,20,50,2.726,1
Nainital,1990,3.06518,800,28,70,50,30,6.5,0.5,20,50,2.867,1
Nainital,1991,3.03089,800,28,70,50,30,6.5,0.5,20,50,3.06518,1
Nainital,1992,2.96009,800,28,70,50,30,6.5,0.5,20,50,3.03089,1
Nainital,1993,3.1244699999999996,800,28,70,50,30,6.5,0.5,20,50,2.96009,1
Nainital,1994,2.99176,800,28,70,50,30,6.5,0.5,20,50,3.1244699999999996,1
Nainital,1995,2.9229499999999997,800,28,70,50,30,6.5,0.5,20,50,2.99176,1
Nainital,1996,2.86142,800,28,70,50,30,6.5,0.5,20,50,2.9229499999999997,1
Nainital,1997,3.01925,800,28,70,50,30,6.5,0.5,20,50,2.86142,1
Nainital,1998,2.38639,800,28,70,50,30,6.5,0.5,20,50,3.01925,1
Nainital,1999,2.86254,800,28,70,50,30,6.5,0.5,20,50,2.38639,1
Nainital,2000,2.98517,800,28,70,50,30,6.5,0.5,20,50,2.86254,1
Nainital,2001,2.96983,800,28,70,50,30,6.5,0.5,20,50,2.98517,1
Nainital,2002,2.97526,800,28,70,50,30,6.5,0.5,20,50,2.96983,1
Nainital,2003,2.71745,800,28,70,50,30,6.5,0.5,20,50,2.97526,1
Nainital,2004,2.62485,800,28,70,50,30,6.5,0.5,20,50,2.71745,1
Nainital,2005,2.6706,800,28,70,50,30,6.5,0.5,20,50,2.62485,1
Nainital,2006,2.64061,800,28,70,50,30,6.5,0.5,20,50,2.6706,1
Nainital,2007,2.80826,800,28,70,50,30,6.5,0.5,20,50,2.64061,1
Nainital,2008,2.6088299999999998,800,28,70,50,30,6.5,0.5,20,50,2.80826,1
Nainital,2009,2.91968,800,28,70,50,30,6.5,0.5,20,50,2.6088299999999998,1
Nainital,2010,2.54728,800,28,70,50,30,6.5,0.5,20,50,2.91968,1
Nainital,2011,2.9409699999999996,800,28,70,50,30,6.5,0.5,20,50,2.54728,1
Nainital,2012,3.08633,800,28,70,50,30,6.5,0.5,20,50,2.9409699999999996,1
Nainital,2013,3.11179,800,28,70,50,30,6.5,0.5,20,50,3.08633,1
Nainital,2014,3.2038,800,28,70,50,30,6.5,0.5,20,50,3.11179,1
Nainital,2015,3.3943600000000003,800,28,70,50,30,6.5,0.5,20,50,3.2038,1
Nainital,2016,3.29598,800,28,70,50,30,6.5,0.5,20,50,3.3943600000000003,1
Nainital,2017,3.4965100000000002,800,28,70,50,30,6.5,0.5,20,50,3.29598,1
Almorah,1990,1.14229,800,28,70,50,30,6.5,0.5,20,50,3.4965100000000002,1
Almorah,1991,1.22222,800,28,70,50,30,6.5,0.5,20,50,1.14229,1
Almorah,1992,1.23433,800,28,70,50,30,6.5,0.5,20,50,1.22222,1
Almorah,1993,0.9817899999999999,800,28,70,50,30,6.5,0.5,20,50,1.23433,1
Almorah,1994,1.12549,800,28,70,50,30,6.5,0.5,20,50,0.9817899999999999,1
Almorah,1995,1.21609,800,28,70,50,30,6.5,0.5,20,50,1.12549,1
Almorah,1996,1.06006,800,28,70,50,30,6.5,0.5,20,50,1.21609,1
Almorah,1997,1.12669,800,28,70,50,30,6.5,0.5,20,50,1.06006,1
Almorah,1998,1.20066,800,28,70,50,30,6.5,0.5,20,50,1.12669,1
Almorah,1999,1.17459,800,28,70,50,30,6.5,0.5,20,50,1.20066,1
Almorah,2000,1.35752,800,28,70,50,30,6.5,0.5,20,50,1.17459,1
Almorah,2001,1.24556,800,28,70,50,30,6.5,0.5,20,50,1.35752,1
Almorah,2002,0.78322,800,28,70,50,30,6.5,0.5,20,50,1.24556,1
Almorah,2003,0.84411,800,28,70,50,30,6.5,0.5,20,50,0.78322,1
Almorah,2004,1.17354,800,28,70,50,30,6.5,0.5,20,50,0.84411,1
Almorah,2005,1.1357300000000001,800,28,70,50,30,6.5,0.5,20,50,1.17354,1
Almorah,2006,1.17072,800,28,70,50,30,6.5,0.5,20,50,1.1357300000000001,1
Almorah,2007,1.20024,800,28,70,50,30,6.5,0.5,20,50,1.17072,1
Almorah,2008,1.1715799999999998,800,28,70,50,30,6.5,0.5,20,50,1.20024,1
Almorah,2009,1.13758,800,28,70,50,30,6.5,0.5,20,50,1.1715799999999998,1
Almorah,2010,1.1036700000000002,800,28,70,50,30,6.5,0.5,20,50,1.13758,1
Almorah,2011,1.25377,800,28,70,50,30,6.5,0.5,20,50,1.1036700000000002,1
Almorah,2012,1.24842,800,28,70,50,30,6.5,0.5,20,50,1.25377,1
Almorah,2013,1.30363,800,28,70,50,30,6.5,0.5,20,50,1.24842,1
Almorah,2014,1.32201,800,28,70,50,30,6.5,0.5,20,50,1.30363,1
Almorah,2015,1.22821,800,28,70,50,30,6.5,0.5,20,50,1.32201,1
Almorah,2016,1.3748,800,28,70,50,30,6.5,0.5,20,50,1.22821,1
Almorah,2017,1.2736800000000001,800,28,70,50,30,6.5,0.5,20,50,1.3748,1
Pithorgarh,1990,1.1200999999999999,800,28,70,50,30,6.5,0.5,20,50,1.2736800000000001,1
Pithorgarh,1991,1.21177,800,28,70,50,30,6.5,0.5,20,50,1.1200999999999999,1
Pithorgarh,1992,1.2429700000000001,800,28,70,50,30,6.5,0.5,20,50,1.21177,1
Pithorgarh,1993,1.1731500000000001,800,28,70,50,30,6.5,0.5,20,50,1.2429700000000001,1
Pithorgarh,1994,1.34782,800,28,70,50,30,6.5,0.5,20,50,1.1731500000000001,1
Pithorgarh,1995,1.3547799999999999,800,28,70,50,30,6.5,0.5,20,50,1.34782,1
Pithorgarh,1996,1.28511,800,28,70,50,30,6.5,0.5,20,50,1.3547799999999999,1
Pithorgarh,1997,1.1753099999999999,800,28,70,50,30,6.5,0.5,20,50,1.28511,1
Pithorgarh,1998,1.2465,800,28,70,50,30,6.5,0.5,20,50,1.1753099999999999,1
Pithorgarh,1999,1.08324,800,28,70,50,30,6.5,0.5,20,50,1.2465,1
Pithorgarh,2000,1.17451,800,28,70,50,30,6.5,0.5,20,50,1.08324,1
Pithorgarh,2001,1.21228,800,28,70,50,30,6.5,0.5,20,50,1.17451,1
Pithorgarh,2002,1.22311,800,28,70,50,30,6.5,0.5,20,50,1.21228,1
Pithorgarh,2003,1.2716800000000001,800,28,70,50,30,6.5,0.5,20,50,1.22311,1
Pithorgarh,2004,1.3068199999999999,800,28,70,50,30,6.5,0.5,20,50,1.2716800000000001,1
Pithorgarh,2005,1.26494,800,28,70,50,30,6.5,0.5,20,50,1.3068199999999999,1
Pithorgarh,2006,1.2581300000000002,800,28,70,50,30,6.5,0.5,20,50,1.26494,1
Pithorgarh,2007,1.35867,800,28,70,50,30,6.5,0.5,20,50,1.2581300000000002,1
Pithorgarh,2008,1.28681,800,28,70,50,30,6.5,0.5,20,50,1.35867,1
Pithorgarh,2009,1.3024,800,28,70,50,30,6.5,0.5,20,50,1.28681,1
Pithorgarh,2010,1.20665,800,28,70,50,30,6.5,0.5,20,50,1.3024,1
Pithorgarh,2011,1.2761500000000001,800,28,70,50,30,6.5,0.5,20,50,1.20665,1
Pithorgarh,2012,1.30408,800,28,70,50,30,6.5,0.5,20,50,1.2761500000000001,1
Pithorgarh,2013,1.39578,800,28,70,50,30,6.5,0.5,20,50,1.30408,1
Pithorgarh,2014,1.2761,800,28,70,50,30,6.5,0.5,20,50,1.39578,1
Pithorgarh,2015,1.3239,800,28,70,50,30,6.5,0.5,20,50,1.2761,1
Pithorgarh,2016,1.34727,800,28,70,50,30,6.5,0.5,20,50,1.3239,1
Pithorgarh,2017,1.28644,800,28,70,50,30,6.5,0.5,20,50,1.34727,1
Chamoli,1990,1.22783,800,28,70,50,30,6.5,0.5,20,50,1.28644,1
Chamoli,1991,1.34474,800,28,70,50,30,6.5,0.5,20,50,1.22783,1
Chamoli,1992,1.3421500000000002,800,28,70,50,30,6.5,0.5,20,50,1.34474,1
Chamoli,1993,1.3539400000000001,800,28,70,50,30,6.5,0.5,20,50,1.3421500000000002,1
Chamoli,1994,1.363,800,28,70,50,30,6.5,0.5,20,50,1.3539400000000001,1
Chamoli,1995,1.3336700000000001,800,28,70,50,30,6.5,0.5,20,50,1.363,1
Chamoli,1996,1.20502,800,28,70,50,30,6.5,0.5,20,50,1.3336700000000001,1
Chamoli,1997,1.24959,800,28,70,50,30,6.5,0.5,20,50,1.20502,1
Chamoli,1998,1.2533699999999999,800,28,70,50,30,6.5,0.5,20,50,1.24959,1
Chamoli,1999,1.35979,800,28,70,50,30,6.5,0.5,20,50,1.2533699999999999,1
Chamoli,2000,1.15571,800,28,70,50,30,6.5,0.5,20,50,1.35979,1
Chamoli,2001,1.22037,800,28,70,50,30,6.5,0.5,20,50,1.15571,1
Chamoli,2002,1.198,800,28,70,50,30,6.5,0.5,20,50,1.22037,1
Chamoli,2003,1.20603,800,28,70,50,30,6.5,0.5,20,50,1.198,1
Chamoli,2004,1.27464,800,28,70,50,30,6.5,0.5,20,50,1.20603,1
Chamoli,2005,1.30926,800,28,70,50,30,6.5,0.5,20,50,1.27464,1
Chamoli,2006,1.39648,800,28,70,50,30,6.5,0.5,20,50,1.30926,1
Chamoli,2007,1.54653,800,28,70,50,30,6.5,0.5,20,50,1.39648,1
Chamoli,2008,1.47036,800,28,70,50,30,6.5,0.5,20,50,1.54653,1
Chamoli,2009,1.2877,800,28,70,50,30,6.5,0.5,20,50,1.47036,1
Chamoli,2010,1.46477,800,28,70,50,30,6.5,0.5,20,50,1.2877,1
Chamoli,2011,1.3596400000000002,800,28,70,50,30,6.5,0.5,20,50,1.46477,1
Chamoli,2012,1.35765,800,28,70,50,30,6.5,0.5,20,50,1.3596400000000002,1
Chamoli,2013,1.31361,800,28,70,50,30,6.5,0.5,20,50,1.35765,1
Chamoli,2014,1.29095,800,28,70,50,30,6.5,0.5,20,50,1.31361,1
Chamoli,2015,1.3791099999999998,800,28,70,50,30,6.5,0.5,20,50,1.29095,1
Chamoli,2016,1.33457,800,28,70,50,30,6.5,0.5,20,50,1.3791099999999998,1
Chamoli,2017,1.3896400000000002,800,28,70,50,30,6.5,0.5,20,50,1.33457,1
Uttar Kashi,1990,1.42655,800,28,70,50,30,6.5,0.5,20,50,1.3896400000000002,1
Uttar Kashi,1991,1.35721,800,28,70,50,30,6.5,0.5,20,50,1.42655,1
Uttar Kashi,1992,1.55014,800,28,70,50,30,6.5,0.5,20,50,1.35721,1
Uttar Kashi,1993,1.2558099999999999,800,28,70,50,30,6.5,0.5,20,50,1.55014,1
Uttar Kashi,1994,1.2983699999999998,800,28,70,50,30,6.5,0.5,20,50,1.2558099999999999,1
Uttar Kashi,1995,1.6533900000000001,800,28,70,50,30,6.5,0.5,20,50,1.2983699999999998,1
Uttar Kashi,1996,1.44917,800,28,70,50,30,6.5,0.5,20,50,1.6533900000000001,1
Uttar Kashi,1997,1.57051,800,28,70,50,30,6.5,0.5,20,50,1.44917,1
Uttar Kashi,1998,1.63249,800,28,70,50,30,6.5,0.5,20,50,1.57051,1
Uttar Kashi,1999,1.58806,800,28,70,50,30,6.5,0.5,20,50,1.63249,1
Uttar Kashi,2000,1.4758099999999998,800,28,70,50,30,6.5,0.5,20,50,1.58806,1
Uttar Kashi,2001,1.43992,800,28,70,50,30,6.5,0.5,20,50,1.4758099999999998,1
Uttar Kashi,2002,1.0618800000000002,800,28,70,50,30,6.5,0.5,20,50,1.43992,1
Uttar Kashi,2003,0.98327,800,28,70,50,30,6.5,0.5,20,50,1.0618800000000002,1
Uttar Kashi,2004,1.66802,800,28,70,50,30,6.5,0.5,20,50,0.98327,1
Uttar Kashi,2005,1.3588900000000002,800,28,70,50,30,6.5,0.5,20,50,1.66802,1
Uttar Kashi,2006,1.62707,800,28,70,50,30,6.5,0.5,20,50,1.3588900000000002,1
Uttar Kashi,2007,1.74895,800,28,70,50,30,6.5,0.5,20,50,1.62707,1
Uttar Kashi,2008,1.66897,800,28,70,50,30,6.5,0.5,20,50,1.74895,1
Uttar Kashi,2009,1.3796300000000001,800,28,70,50,30,6.5,0.5,20,50,1.66897,1
Uttar Kashi,2010,1.64712,800,28,70,50,30,6.5,0.5,20,50,1.3796300000000001,1
Uttar Kashi,2011,1.61676,800,28,70,50,30,6.5,0.5,20,50,1.64712,1
Uttar Kashi,2012,1.875,800,28,70,50,30,6.5,0.5,20,50,1.61676,1
Uttar Kashi,2013,1.77358,800,28,70,50,30,6.5,0.5,20,50,1.875,1
Uttar Kashi,2014,1.6633099999999998,800,28,70,50,30,6.5,0.5,20,50,1.77358,1
Uttar Kashi,2015,1.76723,800,28,70,50,30,6.5,0.5,20,50,1.6633099999999998,1
Uttar Kashi,2016,1.76986,800,28,70,50,30,6.5,0.5,20,50,1.76723,1
Uttar Kashi,2017,1.71451,800,28,70,50,30,6.5,0.5,20,50,1.76986,1
Tehri Garhwal,1990,1.26166,800,28,70,50,30,6.5,0.5,20,50,1.71451,1
Tehri Garhwal,1991,1.2047,800,28,70,50,30,6.5,0.5,20,50,1.26166,1
Tehri Garhwal,1992,1.40472,800,28,70,50,30,6.5,0.5,20,50,1.2047,1
Tehri Garhwal,1993,1.28829,800,28,70,50,30,6.5,0.5,20,50,1.40472,1
Tehri Garhwal,1994,1.28707,800,28,70,50,30,6.5,0.5,20,50,1.28829,1
Tehri Garhwal,1995,1.41389,800,28,70,50,30,6.5,0.5,20,50,1.28707,1
Tehri Garhwal,1996,1.5146600000000001,800,28,70,50,30,6.5,0.5,20,50,1.41389,1
Tehri Garhwal,1997,1.36658,800,28,70,50,30,6.5,0.5,20,50,1.5146600000000001,1
Tehri Garhwal,1998,1.44776,800,28,70,50,30,6.5,0.5,20,50,1.36658,1
Tehri Garhwal,1999,1.57614,800,28,70,50,30,6.5,0.5,20,50,1.44776,1
Tehri Garhwal,2000,1.7431800000000002,800,28,70,50,30,6.5,0.5,20,50,1.57614,1
Tehri Garhwal,2001,1.62745,800,28,70,50,30,6.5,0.5,20,50,1.7431800000000002,1
Tehri Garhwal,2002,1.2049,800,28,70,50,30,6.5,0.5,20,50,1.62745,1
Tehri Garhwal,2003,1.1033199999999999,800,28,70,50,30,6.5,0.5,20,50,1.2049,1
Tehri Garhwal,2004,1.48804,800,28,70,50,30,6.5,0.5,20,50,1.1033199999999999,1
Tehri Garhwal,2005,1.40521,800,28,70,50,30,6.5,0.5,20,50,1.48804,1
Tehri Garhwal,2006,1.45147,800,28,70,50,30,6.5,0.5,20,50,1.40521,1
Tehri Garhwal,2007,1.59593,800,28,70,50,30,6.5,0.5,20,50,1.45147,1
Tehri Garhwal,2008,1.63678,800,28,70,50,30,6.5,0.5,20,50,1.59593,1
Tehri Garhwal,2009,1.22947,800,28,70,50,30,6.5,0.5,20,50,1.63678,1
Tehri Garhwal,2010,1.4614,800,28,70,50,30,6.5,0.5,20,50,1.22947,1
Tehri Garhwal,2011,1.48708,800,28,70,50,30,6.5,0.5,20,50,1.4614,1
Tehri Garhwal,2012,1.4410399999999999,800,28,70,50,30,6.5,0.5,20,50,1.48708,1
Tehri Garhwal,2013,1.5506600000000001,800,28,70,50,30,6.5,0.5,20,50,1.4410399999999999,1
Tehri Garhwal,2014,1.68202,800,28,70,50,30,6.5,0.5,20,50,1.5506600000000001,1
Tehri Garhwal,2015,1.7093699999999998,800,28,70,50,30,6.5,0.5,20,50,1.68202,1
Tehri Garhwal,2016,1.57121,800,28,70,50,30,6.5,0.5,20,50,1.7093699999999998,1
Tehri Garhwal,2017,1.96697,800,28,70,50,30,6.5,0.5,20,50,1.57121,1
Garhwal,1990,1.22324,800,28,70,50,30,6.5,0.5,20,50,1.96697,1
Garhwal,1991,0.9843,800,28,70,50,30,6.5,0.5,20,50,1.22324,1
Garhwal,1992,1.17616,800,28,70,50,30,6.5,0.5,20,50,0.9843,1
Garhwal,1993,1.1085999999999998,800,28,70,50,30,6.5,0.5,20,50,1.17616,1
Garhwal,1994,1.1031099999999998,800,28,70,50,30,6.5,0.5,20,50,1.1085999999999998,1
Garhwal,1995,1.0221799999999999,800,28,70,50,30,6.5,0.5,20,50,1.1031099999999998,1
Garhwal,1996,1.07199,800,28,70,50,30,6.5,0.5,20,50,1.0221799999999999,1
Garhwal,1997,1.07372,800,28,70,50,30,6.5,0.5,20,50,1.07199,1
Garhwal,1998,1.12673,800,28,70,50,30,6.5,0.5,20,50,1.07372,1
Garhwal,1999,1.0904800000000001,800,28,70,50,30,6.5,0.5,20,50,1.12673,1
Garhwal,2000,1.07298,800,28,70,50,30,6.5,0.5,20,50,1.0904800000000001,1
Garhwal,2001,1.10694,800,28,70,50,30,6.5,0.5,20,50,1.07298,1
Garhwal,2002,0.73537,800,28,70,50,30,6.5,0.5,20,50,1.10694,1
Garhwal,2003,0.64508,800,28,70,50,30,6.5,0.5,20,50,0.73537,1
Garhwal,2004,1.1394300000000002,800,28,70,50,30,6.5,0.5,20,50,0.64508,1
Garhwal,2005,1.0381300000000002,800,28,70,50,30,6.5,0.5,20,50,1.1394300000000002,1
Garhwal,2006,1.02459,800,28,70,50,30,6.5,0.5,20,50,1.0381300000000002,1
Garhwal,2007,0.9411,800,28,70,50,30,6.5,0.5,20,50,1.02459,1
Garhwal,2008,1.0745,800,28,70,50,30,6.5,0.5,20,50,0.9411,1
Garhwal,2009,1.07454,800,28,70,50,30,6.5,0.5,20,50,1.0745,1
Garhwal,2010,1.0855599999999999,800,28,70,50,30,6.5,0.5,20,50,1.07454,1
Garhwal,2011,1.15394,800,28,70,50,30,6.5,0.5,20,50,1.0855599999999999,1
Garhwal,2012,1.17257,800,28,70,50,30,6.5,0.5,20,50,1.15394,1
Garhwal,2013,1.28664,800,28,70,50,30,6.5,0.5,20,50,1.17257,1
Garhwal,2014,1.19149,800,28,70,50,30,6.5,0.5,20,50,1.28664,1
Garhwal,2015,1.3386600000000002,800,28,70,50,30,6.5,0.5,20,50,1.19149,1
Garhwal,2016,1.3983599999999998,800,28,70,50,30,6.5,0.5,20,50,1.3386600000000002,1
Garhwal,2017,1.38461,800,28,70,50,30,6.5,0.5,20,50,1.3983599999999998,1
Dehradun,1990,2.01518,800,28,70,50,30,6.5,0.5,20,50,1.38461,1
Dehradun,1991,1.52807,800,28,70,50,30,6.5,0.5,20,50,2.01518,1
Dehradun,1992,1.56071,800,28,70,50,30,6.5,0.5,20,50,1.52807,1
Dehradun,1993,1.76478,800,28,70,50,30,6.5,0.5,20,50,1.56071,1
Dehradun,1994,1.70735,800,28,70,50,30,6.5,0.5,20,50,1.76478,1
Dehradun,1995,1.7398699999999998,800,28,70,50,30,6.5,0.5,20,50,1.70735,1
Dehradun,1996,1.62869,800,28,70,50,30,6.5,0.5,20,50,1.7398699999999998,1
Dehradun,1997,2.19217,800,28,70,50,30,6.5,0.5,20,50,1.62869,1
Dehradun,1998,2.05809,800,28,70,50,30,6.5,0.5,20,50,2.19217,1
Dehradun,1999,2.0793000000000004,800,28,70,50,30,6.5,0.5,20,50,2.05809,1
Dehradun,2000,1.85714,800,28,70,50,30,6.5,0.5,20,50,2.0793000000000004,1
Dehradun,2001,1.82635,800,28,70,50,30,6.5,0.5,20,50,1.85714,1
Dehradun,2002,1.92525,800,28,70,50,30,6.5,0.5,20,50,1.82635,1
Dehradun,2003,1.98431,800,28,70,50,30,6.5,0.5,20,50,1.92525,1
Dehradun,2004,2.1123600000000002,800,28,70,50,30,6.5,0.5,20,50,1.98431,1
Dehradun,2005,1.8556,800,28,70,50,30,6.5,0.5,20,50,2.1123600000000002,1
Dehradun,2006,2.07898,800,28,70,50,30,6.5,0.5,20,50,1.8556,1
Dehradun,2007,2.14229,800,28,70,50,30,6.5,0.5,20,50,2.07898,1
Dehradun,2008,2.06627,800,28,70,50,30,6.5,0.5,20,50,2.14229,1
Dehradun,2009,1.91061,800,28,70,50,30,6.5,0.5,20,50,2.06627,1
Dehradun,2010,1.95085,800,28,70,50,30,6.5,0.5,20,50,1.91061,1
Dehradun,2011,2.11549,800,28,70,50,30,6.5,0.5,20,50,1.95085,1
Dehradun,2012,2.0543,800,28,70,50,30,6.5,0.5,20,50,2.11549,1
Dehradun,2013,2.13056,800,28,70,50,30,6.5,0.5,20,50,2.0543,1
Dehradun,2014,1.9248399999999999,800,28,70,50,30,6.5,0.5,20,50,2.13056,1
Dehradun,2015,2.15902,800,28,70,50,30,6.5,0.5,20,50,1.9248399999999999,1
Dehradun,2016,2.03613,800,28,70,50,30,6.5,0.5,20,50,2.15902,1
Dehradun,2017,2.10525,800,28,70,50,30,6.5,0.5,20,50,2.03613,1
Cachar,1990,1.58521,800,28,70,50,30,6.5,0.5,20,50,2.10525,1
Cachar,1991,1.65256,800,28,70,50,30,6.5,0.5,20,50,1.58521,1
Cachar,1992,1.71007,800,28,70,50,30,6.5,0.5,20,50,1.65256,1
Cachar,1993,1.26956,800,28,70,50,30,6.5,0.5,20,50,1.71007,1
Cachar,1994,1.67869,800,28,70,50,30,6.5,0.5,20,50,1.26956,1
Cachar,1995,1.68267,800,28,70,50,30,6.5,0.5,20,50,1.67869,1
Cachar,1996,1.84384,800,28,70,50,30,6.5,0.5,20,50,1.68267,1
Cachar,1997,1.62756,800,28,70,50,30,6.5,0.5,20,50,1.84384,1
Cachar,1998,1.75301,800,28,70,50,30,6.5,0.5,20,50,1.62756,1
Cachar,1999,1.67648,800,28,70,50,30,6.5,0.5,20,50,1.75301,1
Cachar,2000,2.06496,800,28,70,50,30,6.5,0.5,20,50,1.67648,1
Cachar,2001,2.15926,800,28,70,50,30,6.5,0.5,20,50,2.06496,1
Cachar,2002,2.1215100000000002,800,28,70,50,30,6.5,0.5,20,50,2.15926,1
Cachar,2003,2.0724099999999996,800,28,70,50,30,6.5,0.5,20,50,2.1215100000000002,1
Cachar,2004,1.7866300000000002,800,28,70,50,30,6.5,0.5,20,50,2.0724099999999996,1
Cachar,2005,1.85549,800,28,70,50,30,6.5,0.5,20,50,1.7866300000000002,1
Cachar,2006,1.7979,800,28,70,50,30,6.5,0.5,20,50,1.85549,1
Cachar,2007,1.3874300000000002,800,28,70,50,30,6.5,0.5,20,50,1.7979,1
Cachar,2008,2.27338,800,28,70,50,30,6.5,0.5,20,50,1.3874300000000002,1
Cachar,2009,2.21916,800,28,70,50,30,6.5,0.5,20,50,2.27338,1
Cachar,2010,2.14096,800,28,70,50,30,6.5,0.5,20,50,2.21916,1
Cachar,2011,2.23854,800,28,70,50,30,6.5,0.5,20,50,2.14096,1
Cachar,2012,2.15191,800,28,70,50,30,6.5,0.5,20,50,2.23854,1
Cachar,2013,2.01273,800,28,70,50,30,6.5,0.5,20,50,2.15191,1
Cachar,2014,2.23493,800,28,70,50,30,6.5,0.5,20,50,2.01273,1
Cachar,2015,1.97157,800,28,70,50,30,6.5,0.5,20,50,2.23493,1
Cachar,2016,2.00413,800,28,70,50,30,6.5,0.5,20,50,1.97157,1
Cachar,2017,1.8604100000000001,800,28,70,50,30,6.5,0.5,20,50,2.00413,1
Darrang,1990,1.1844700000000001,800,28,70,50,30,6.5,0.5,20,50,1.8604100000000001,1
Darrang,1991,1.12151,800,28,70,50,30,6.5,0.5,20,50,1.1844700000000001,1
Darrang,1992,1.14273,800,28,70,50,30,6.5,0.5,20,50,1.12151,1
Darrang,1993,1.3126300000000002,800,28,70,50,30,6.5,0.5,20,50,1.14273,1
Darrang,1994,1.2180799999999998,800,28,70,50,30,6.5,0.5,20,50,1.3126300000000002,1
Darrang,1995,1.1875,800,28,70,50,30,6.5,0.5,20,50,1.2180799999999998,1
Darrang,1996,1.11669,800,28,70,50,30,6.5,0.5,20,50,1.1875,1
Darrang,1997,1.2737,800,28,70,50,30,6.5,0.5,20,50,1.11669,1
Darrang,1998,1.19808,800,28,70,50,30,6.5,0.5,20,50,1.2737,1
Darrang,1999,1.2439,800,28,70,50,30,6.5,0.5,20,50,1.19808,1
Darrang,2000,1.28362,800,28,70,50,30,6.5,0.5,20,50,1.2439,1
Darrang,2001,1.33051,800,28,70,50,30,6.5,0.5,20,50,1.28362,1
Darrang,2002,1.2558399999999998,800,28,70,50,30,6.5,0.5,20,50,1.33051,1
Darrang,2003,1.4250999999999998,800,28,70,50,30,6.5,0.5,20,50,1.2558399999999998,1
Darrang,2004,1.25002,800,28,70,50,30,6.5,0.5,20,50,1.4250999999999998,1
Darrang,2005,1.34695,800,28,70,50,30,6.5,0.5,20,50,1.25002,1
Darrang,2006,1.01754,800,28,70,50,30,6.5,0.5,20,50,1.34695,1
Darrang,2007,1.36541,800,28,70,50,30,6.5,0.5,20,50,1.01754,1
Darrang,2008,1.44022,800,28,70,50,30,6.5,0.5,20,50,1.36541,1
Darrang,2009,1.44027,800,28,70,50,30,6.5,0.5,20,50,1.44022,1
Darrang,2010,1.9233900000000002,800,28,70,50,30,6.5,0.5,20,50,1.44027,1
Darrang,2011,1.79542,800,28,70,50,30,6.5,0.5,20,50,1.9233900000000002,1
Darrang,2012,2.07735,800,28,70,50,30,6.5,0.5,20,50,1.79542,1
Darrang,2013,1.9393,800,28,70,50,30,6.5,0.5,20,50,2.07735,1
Darrang,2014,2.13544,800,28,70,50,30,6.5,0.5,20,50,1.9393,1
Darrang,2015,2.16741,800,28,70,50,30,6.5,0.5,20,50,2.13544,1
Darrang,2016,2.07387,800,28,70,50,30,6.5,0.5,20,50,2.16741,1
Darrang,2017,2.16554,800,28,70,50,30,6.5,0.5,20,50,2.07387,1
Dibrugarh,1990,1.4736600000000002,800,28,70,50,30,6.5,0.5,20,50,2.16554,1
Dibrugarh,1991,1.52464,800,28,70,50,30,6.5,0.5,20,50,1.4736600000000002,1
Dibrugarh,1992,1.6391099999999998,800,28,70,50,30,6.5,0.5,20,50,1.52464,1
Dibrugarh,1993,1.4665599999999999,800,28,70,50,30,6.5,0.5,20,50,1.6391099999999998,1
Dibrugarh,1994,1.4723199999999999,800,28,70,50,30,6.5,0.5,20,50,1.4665599999999999,1
Dibrugarh,1995,1.5457400000000001,800,28,70,50,30,6.5,0.5,20,50,1.4723199999999999,1
Dibrugarh,1996,1.56824,800,28,70,50,30,6.5,0.5,20,50,1.5457400000000001,1
Dibrugarh,1997,1.52131,800,28,70,50,30,6.5,0.5,20,50,1.56824,1
Dibrugarh,1998,1.53072,800,28,70,50,30,6.5,0.5,20,50,1.52131,1
Dibrugarh,1999,1.54504,800,28,70,50,30,6.5,0.5,20,50,1.53072,1
Dibrugarh,2000,1.62648,800,28,70,50,30,6.5,0.5,20,50,1.54504,1
Dibrugarh,2001,1.62317,800,28,70,50,30,6.5,0.5,20,50,1.62648,1
Dibrugarh,2002,1.35792,800,28,70,50,30,6.5,0.5,20,50,1.62317,1
Dibrugarh,2003,1.61107,800,28,70,50,30,6.5,0.5,20,50,1.35792,1
Dibrugarh,2004,1.65738,800,28,70,50,30,6.5,0.5,20,50,1.61107,1
Dibrugarh,2005,1.4891800000000002,800,28,70,50,30,6.5,0.5,20,50,1.65738,1
Dibrugarh,2006,1.41097,800,28,70,50,30,6.5,0.5,20,50,1.4891800000000002,1
Dibrugarh,2007,1.48431,800,28,70,50,30,6.5,0.5,20,50,1.41097,1
Dibrugarh,2008,1.70676,800,28,70,50,30,6.5,0.5,20,50,1.48431,1
Dibrugarh,2009,1.76689,800,28,70,50,30,6.5,0.5,20,50,1.70676,1
Dibrugarh,2010,2.0716300000000003,800,28,70,50,30,6.5,0.5,20,50,1.76689,1
Dibrugarh,2011,1.57184,800,28,70,50,30,6.5,0.5,20,50,2.0716300000000003,1
Dibrugarh,2012,1.8805699999999999,800,28,70,50,30,6.5,0.5,20,50,1.57184,1
Dibrugarh,2013,1.80846,800,28,70,50,30,6.5,0.5,20,50,1.8805699999999999,1
Dibrugarh,2014,1.69727,800,28,70,50,30,6.5,0.5,20,50,1.80846,1
Dibrugarh,2015,1.8872200000000001,800,28,70,50,30,6.5,0.5,20,50,1.69727,1
Dibrugarh,2016,1.7905799999999998,800,28,70,50,30,6.5,0.5,20,50,1.8872200000000001,1
Dibrugarh,2017,1.88221,800,28,70,50,30,6.5,0.5,20,50,1.7905799999999998,1
Goalpara,1990,0.97213,800,28,70,50,30,6.5,0.5,20,50,1.88221,1
Goalpara,1991,0.94969,800,28,70,50,30,6.5,0.5,20,50,0.97213,1
Goalpara,1992,0.984,800,28,70,50,30,6.5,0.5,20,50,0.94969,1
Goalpara,1993,1.10424,800,28,70,50,30,6.5,0.5,20,50,0.984,1
Goalpara,1994,1.1173,800,28,70,50,30,6.5,0.5,20,50,1.10424,1
Goalpara,1995,1.0156699999999999,800,28,70,50,30,6.5,0.5,20,50,1.1173,1
Goalpara,1996,1.0313800000000002,800,28,70,50,30,6.5,0.5,20,50,1.0156699999999999,1
Goalpara,1997,0.97746,800,28,70,50,30,6.5,0.5,20,50,1.0313800000000002,1
Goalpara,1998,1.0669300000000002,800,28,70,50,30,6.5,0.5,20,50,0.97746,1
Goalpara,1999,1.27325,800,28,70,50,30,6.5,0.5,20,50,1.0669300000000002,1
Goalpara,2000,1.31108,800,28,70,50,30,6.5,0.5,20,50,1.27325,1
Goalpara,2001,1.3333599999999999,800,28,70,50,30,6.5,0.5,20,50,1.31108,1
Goalpara,2002,1.42917,800,28,70,50,30,6.5,0.5,20,50,1.3333599999999999,1
Goalpara,2003,1.34291,800,28,70,50,30,6.5,0.5,20,50,1.42917,1
Goalpara,2004,1.32197,800,28,70,50,30,6.5,0.5,20,50,1.34291,1
Goalpara,2005,1.3368699999999998,800,28,70,50,30,6.5,0.5,20,50,1.32197,1
Goalpara,2006,1.30769,800,28,70,50,30,6.5,0.5,20,50,1.3368699999999998,1
Goalpara,2007,1.38222,800,28,70,50,30,6.5,0.5,20,50,1.30769,1
Goalpara,2008,1.47546,800,28,70,50,30,6.5,0.5,20,50,1.38222,1
Goalpara,2009,1.5345,800,28,70,50,30,6.5,0.5,20,50,1.47546,1
Goalpara,2010,2.00635,800,28,70,50,30,6.5,0.5,20,50,1.5345,1
Goalpara,2011,1.8694000000000002,800,28,70,50,30,6.5,0.5,20,50,2.00635,1
Goalpara,2012,2.03509,800,28,70,50,30,6.5,0.5,20,50,1.8694000000000002,1
Goalpara,2013,2.29502,800,28,70,50,30,6.5,0.5,20,50,2.03509,1
Goalpara,2014,2.2373499999999997,800,28,70,50,30,6.5,0.5,20,50,2.29502,1
Goalpara,2015,2.07104,800,28,70,50,30,6.5,0.5,20,50,2.2373499999999997,1
Goalpara,2016,2.26203,800,28,70,50,30,6.5,0.5,20,50,2.07104,1
Goalpara,2017,2.19313,800,28,70,50,30,6.5,0.5,20,50,2.26203,1
Kamrup,1990,1.08404,800,28,70,50,30,6.5,0.5,20,50,2.19313,1
Kamrup,1991,0.94938,800,28,70,50,30,6.5,0.5,20,50,1.08404,1
Kamrup,1992,1.07518,800,28,70,50,30,6.5,0.5,20,50,0.94938,1
Kamrup,1993,1.10781,800,28,70,50,30,6.5,0.5,20,50,1.07518,1
Kamrup,1994,1.06778,800,28,70,50,30,6.5,0.5,20,50,1.10781,1
Kamrup,1995,1.03994,800,28,70,50,30,6.5,0.5,20,50,1.06778,1
Kamrup,1996,1.0553800000000002,800,28,70,50,30,6.5,0.5,20,50,1.03994,1
Kamrup,1997,1.21355,800,28,70,50,30,6.5,0.5,20,50,1.0553800000000002,1
Kamrup,1998,1.06444,800,28,70,50,30,6.5,0.5,20,50,1.21355,1
Kamrup,1999,1.25125,800,28,70,50,30,6.5,0.5,20,50,1.06444,1
Kamrup,2000,1.28605,800,28,70,50,30,6.5,0.5,20,50,1.25125,1
Kamrup,2001,1.2846600000000001,800,28,70,50,30,6.5,0.5,20,50,1.28605,1
Kamrup,2002,1.2249,800,28,70,50,30,6.5,0.5,20,50,1.2846600000000001,1
Kamrup,2003,1.33253,800,28,70,50,30,6.5,0.5,20,50,1.2249,1
Kamrup,2004,1.1745,800,28,70,50,30,6.5,0.5,20,50,1.33253,1
Kamrup,2005,1.37625,800,28,70,50,30,6.5,0.5,20,50,1.1745,1
Kamrup,2006,1.29197,800,28,70,50,30,6.5,0.5,20,50,1.37625,1
Kamrup,2007,1.49782,800,28,70,50,30,6.5,0.5,20,50,1.29197,1
Kamrup,2008,1.65658,800,28,70,50,30,6.5,0.5,20,50,1.49782,1
Kamrup,2009,1.7156099999999999,800,28,70,50,30,6.5,0.5,20,50,1.65658,1
Kamrup,2010,2.01952,800,28,70,50,30,6.5,0.5,20,50,1.7156099999999999,1
Kamrup,2011,1.86998,800,28,70,50,30,6.5,0.5,20,50,2.01952,1
Kamrup,2012,2.04586,800,28,70,50,30,6.5,0.5,20,50,1.86998,1
Kamrup,2013,2.1201,800,28,70,50,30,6.5,0.5,20,50,2.04586,1
Kamrup,2014,2.18066,800,28,70,50,30,6.5,0.5,20,50,2.1201,1
Kamrup,2015,2.12485,800,28,70,50,30,6.5,0.5,20,50,2.18066,1
Kamrup,2016,2.14715,800,28,70,50,30,6.5,0.5,20,50,2.12485,1
Kamrup,2017,2.45938,800,28,70,50,30,6.5,0.5,20,50,2.14715,1
Karbi Anglong,1990,1.3989500000000001,800,28,70,50,30,6.5,0.5,20,50,2.45938,1
Karbi Anglong,1991,1.2381,800,28,70,50,30,6.5,0.5,20,50,1.3989500000000001,1
Karbi Anglong,1992,1.3083699999999998,800,28,70,50,30,6.5,0.5,20,50,1.2381,1
Karbi Anglong,1993,1.39312,800,28,70,50,30,6.5,0.5,20,50,1.3083699999999998,1
Karbi Anglong,1994,1.72448,800,28,70,50,30,6.5,0.5,20,50,1.39312,1
Karbi Anglong,1995,1.52927,800,28,70,50,30,6.5,0.5,20,50,1.72448,1
Karbi Anglong,1996,1.4083299999999999,800,28,70,50,30,6.5,0.5,20,50,1.52927,1
Karbi Anglong,1997,1.47544,800,28,70,50,30,6.5,0.5,20,50,1.4083299999999999,1
Karbi Anglong,1998,1.37782,800,28,70,50,30,6.5,0.5,20,50,1.47544,1
Karbi Anglong,1999,1.48895,800,28,70,50,30,6.5,0.5,20,50,1.37782,1
Karbi Anglong,2000,1.4606,800,28,70,50,30,6.5,0.5,20,50,1.48895,1
Karbi Anglong,2001,1.40548,800,28,70,50,30,6.5,0.5,20,50,1.4606,1
Karbi Anglong,2002,1.49591,800,28,70,50,30,6.5,0.5,20,50,1.40548,1
Karbi Anglong,2003,1.37796,800,28,70,50,30,6.5,0.5,20,50,1.49591,1
Karbi Anglong,2004,1.4221300000000001,800,28,70,50,30,6.5,0.5,20,50,1.37796,1
Karbi Anglong,2005,1.45649,800,28,70,50,30,6.5,0.5,20,50,1.4221300000000001,1
Karbi Anglong,2006,1.44528,800,28,70,50,30,6.5,0.5,20,50,1.45649,1
Karbi Anglong,2007,1.5521099999999999,800,28,70,50,30,6.5,0.5,20,50,1.44528,1
Karbi Anglong,2008,1.5332000000000001,800,28,70,50,30,6.5,0.5,20,50,1.5521099999999999,1
Karbi Anglong,2009,1.9781600000000001,800,28,70,50,30,6.5,0.5,20,50,1.5332000000000001,1
Karbi Anglong,2010,1.88224,800,28,70,50,30,6.5,0.5,20,50,1.9781600000000001,1
Karbi Anglong,2011,1.4345599999999998,800,28,70,50,30,6.5,0.5,20,50,1.88224,1
Karbi Anglong,2012,1.5509300000000001,800,28,70,50,30,6.5,0.5,20,50,1.4345599999999998,1
Karbi Anglong,2013,1.68909,800,28,70,50,30,6.5,0.5,20,50,1.5509300000000001,1
Karbi Anglong,2014,1.70461,800,28,70,50,30,6.5,0.5,20,50,1.68909,1
Karbi Anglong,2015,1.6450799999999999,800,28,70,50,30,6.5,0.5,20,50,1.70461,1
Karbi Anglong,2016,1.8520699999999999,800,28,70,50,30,6.5,0.5,20,50,1.6450799999999999,1
Karbi Anglong,2017,1.91927,800,28,70,50,30,6.5,0.5,20,50,1.8520699999999999,1
Lakhimpur,1990,1.11886,800,28,70,50,30,6.5,0.5,20,50,1.91927,1
Lakhimpur,1991,1.1884000000000001,800,28,70,50,30,6.5,0.5,20,50,1.11886,1
Lakhimpur,1992,1.12995,800,28,70,50,30,6.5,0.5,20,50,1.1884000000000001,1
Lakhimpur,1993,1.42818,800,28,70,50,30,6.5,0.5,20,50,1.12995,1
Lakhimpur,1994,1.21731,800,28,70,50,30,6.5,0.5,20,50,1.42818,1
Lakhimpur,1995,1.3144500000000001,800,28,70,50,30,6.5,0.5,20,50,1.21731,1
Lakhimpur,1996,1.15421,800,28,70,50,30,6.5,0.5,20,50,1.3144500000000001,1
Lakhimpur,1997,1.2085299999999999,800,28,70,50,30,6.5,0.5,20,50,1.15421,1
Lakhimpur,1998,1.04583,800,28,70,50,30,6.5,0.5,20,50,1.2085299999999999,1
Lakhimpur,1999,1.18846,800,28,70,50,30,6.5,0.5,20,50,1.04583,1
Lakhimpur,2000,1.15754,800,28,70,50,30,6.5,0.5,20,50,1.18846,1
Lakhimpur,2001,1.10636,800,28,70,50,30,6.5,0.5,20,50,1.15754,1
Lakhimpur,2002,0.97497,800,28,70,50,30,6.5,0.5,20,50,1.10636,1
Lakhimpur,2003,0.99661,800,28,70,50,30,6.5,0.5,20,50,0.97497,1
Lakhimpur,2004,1.03604,800,28,70,50,30,6.5,0.5,20,50,0.99661,1
Lakhimpur,2005,1.0621800000000001,800,28,70,50,30,6.5,0.5,20,50,1.03604,1
Lakhimpur,2006,0.8899600000000001,800,28,70,50,30,6.5,0.5,20,50,1.0621800000000001,1
Lakhimpur,2007,0.94838,800,28,70,50,30,6.5,0.5,20,50,0.8899600000000001,1
Lakhimpur,2008,0.78083,800,28,70,50,30,6.5,0.5,20,50,0.94838,1
Lakhimpur,2009,1.28962,800,28,70,50,30,6.5,0.5,20,50,0.78083,1
Lakhimpur,2010,1.5866099999999999,800,28,70,50,30,6.5,0.5,20,50,1.28962,1
Lakhimpur,2011,1.60541,800,28,70,50,30,6.5,0.5,20,50,1.5866099999999999,1
Lakhimpur,2012,1.9485999999999999,800,28,70,50,30,6.5,0.5,20,50,1.60541,1
Lakhimpur,2013,1.7441,800,28,70,50,30,6.5,0.5,20,50,1.9485999999999999,1
Lakhimpur,2014,1.8713,800,28,70,50,30,6.5,0.5,20,50,1.7441,1
Lakhimpur,2015,1.81329,800,28,70,50,30,6.5,0.5,20,50,1.8713,1
Lakhimpur,2016,1.7219200000000001,800,28,70,50,30,6.5,0.5,20,50,1.81329,1
Lakhimpur,2017,1.8108199999999999,800,28,70,50,30,6.5,0.5,20,50,1.7219200000000001,1
North Cachar Hil / Dima hasao,1990,1.3942999999999999,800,28,70,50,30,6.5,0.5,20,50,1.8108199999999999,1
North Cachar Hil / Dima hasao,1991,1.39431,800,28,70,50,30,6.5,0.5,20,50,1.3942999999999999,1
North Cachar Hil / Dima hasao,1992,1.36792,800,28,70,50,30,6.5,0.5,20,50,1.39431,1
North Cachar Hil / Dima hasao,1993,1.48173,800,28,70,50,30,6.5,0.5,20,50,1.36792,1
North Cachar Hil / Dima hasao,1994,1.84235,800,28,70,50,30,6.5,0.5,20,50,1.48173,1
North Cachar Hil / Dima hasao,1995,1.95442,800,28,70,50,30,6.5,0.5,20,50,1.84235,1
North Cachar Hil / Dima hasao,1996,1.81079,800,28,70,50,30,6.5,0.5,20,50,1.95442,1
North Cachar Hil / Dima hasao,1997,1.70247,800,28,70,50,30,6.5,0.5,20,50,1.81079,1
North Cachar Hil / Dima hasao,1998,1.66189,800,28,70,50,30,6.5,0.5,20,50,1.70247,1
North Cachar Hil / Dima hasao,1999,1.61605,800,28,70,50,30,6.5,0.5,20,50,1.66189,1
North Cachar Hil / Dima hasao,2000,1.57849,800,28,70,50,30,6.5,0.5,20,50,1.61605,1
North Cachar Hil / Dima hasao,2001,1.71622,800,28,70,50,30,6.5,0.5,20,50,1.57849,1
North Cachar Hil / Dima hasao,2002,1.69481,800,28,70,50,30,6.5,0.5,20,50,1.71622,1
North Cachar Hil / Dima hasao,2003,1.51364,800,28,70,50,30,6.5,0.5,20,50,1.69481,1
North Cachar Hil / Dima hasao,2004,1.70625,800,28,70,50,30,6.5,0.5,20,50,1.51364,1
North Cachar Hil / Dima hasao,2005,1.69151,800,28,70,50,30,6.5,0.5,20,50,1.70625,1
North Cachar Hil / Dima hasao,2006,1.32595,800,28,70,50,30,6.5,0.5,20,50,1.69151,1
North Cachar Hil / Dima hasao,2007,1.8396400000000002,800,28,70,50,30,6.5,0.5,20,50,1.32595,1
North Cachar Hil / Dima hasao,2008,1.78473,800,28,70,50,30,6.5,0.5,20,50,1.8396400000000002,1
North Cachar Hil / Dima hasao,2009,1.8066300000000002,800,28,70,50,30,6.5,0.5,20,50,1.78473,1
North Cachar Hil / Dima hasao,2010,1.4203299999999999,800,28,70,50,30,6.5,0.5,20,50,1.8066300000000002,1
North Cachar Hil / Dima hasao,2011,2.31792,800,28,70,50,30,6.5,0.5,20,50,1.4203299999999999,1
North Cachar Hil / Dima hasao,2012,2.28289,800,28,70,50,30,6.5,0.5,20,50,2.31792,1
North Cachar Hil / Dima hasao,2013,2.01264,800,28,70,50,30,6.5,0.5,20,50,2.28289,1
North Cachar Hil / Dima hasao,2014,2.34762,800,28,70,50,30,6.5,0.5,20,50,2.01264,1
North Cachar Hil / Dima hasao,2015,2.1786399999999997,800,28,70,50,30,6.5,0.5,20,50,2.34762,1
North Cachar Hil / Dima hasao,2016,2.10861,800,28,70,50,30,6.5,0.5,20,50,2.1786399999999997,1
North Cachar Hil / Dima hasao,2017,2.2543,800,28,70,50,30,6.5,0.5,20,50,2.10861,1
Nagaon,1990,1.36031,800,28,70,50,30,6.5,0.5,20,50,2.2543,1
Nagaon,1991,1.3368699999999998,800,28,70,50,30,6.5,0.5,20,50,1.36031,1
Nagaon,1992,1.4588299999999998,800,28,70,50,30,6.5,0.5,20,50,1.3368699999999998,1
Nagaon,1993,1.41973,800,28,70,50,30,6.5,0.5,20,50,1.4588299999999998,1
Nagaon,1994,2.58338,800,28,70,50,30,6.5,0.5,20,50,1.41973,1
Nagaon,1995,1.4831500000000002,800,28,70,50,30,6.5,0.5,20,50,2.58338,1
Nagaon,1996,1.3888399999999999,800,28,70,50,30,6.5,0.5,20,50,1.4831500000000002,1
Nagaon,1997,1.50883,800,28,70,50,30,6.5,0.5,20,50,1.3888399999999999,1
Nagaon,1998,1.57377,800,28,70,50,30,6.5,0.5,20,50,1.50883,1
Nagaon,1999,1.87392,800,28,70,50,30,6.5,0.5,20,50,1.57377,1
Nagaon,2000,1.85076,800,28,70,50,30,6.5,0.5,20,50,1.87392,1
Nagaon,2001,1.75971,800,28,70,50,30,6.5,0.5,20,50,1.85076,1
Nagaon,2002,1.6727400000000001,800,28,70,50,30,6.5,0.5,20,50,1.75971,1
Nagaon,2003,1.71661,800,28,70,50,30,6.5,0.5,20,50,1.6727400000000001,1
Nagaon,2004,1.67426,800,28,70,50,30,6.5,0.5,20,50,1.71661,1
Nagaon,2005,1.5723099999999999,800,28,70,50,30,6.5,0.5,20,50,1.67426,1
Nagaon,2006,1.5363699999999998,800,28,70,50,30,6.5,0.5,20,50,1.5723099999999999,1
Nagaon,2007,1.55961,800,28,70,50,30,6.5,0.5,20,50,1.5363699999999998,1
Nagaon,2008,1.6891800000000001,800,28,70,50,30,6.5,0.5,20,50,1.55961,1
Nagaon,2009,2.048,800,28,70,50,30,6.5,0.5,20,50,1.6891800000000001,1
Nagaon,2010,1.9838,800,28,70,50,30,6.5,0.5,20,50,2.048,1
Nagaon,2011,1.87954,800,28,70,50,30,6.5,0.5,20,50,1.9838,1
Nagaon,2012,2.1753,800,28,70,50,30,6.5,0.5,20,50,1.87954,1
Nagaon,2013,2.38735,800,28,70,50,30,6.5,0.5,20,50,2.1753,1
Nagaon,2014,2.14229,800,28,70,50,30,6.5,0.5,20,50,2.38735,1
Nagaon,2015,2.3245,800,28,70,50,30,6.5,0.5,20,50,2.14229,1
Nagaon,2016,2.34739,800,28,70,50,30,6.5,0.5,20,50,2.3245,1
Nagaon,2017,2.47897,800,28,70,50,30,6.5,0.5,20,50,2.34739,1
Sibsagar,1990,1.83046,800,28,70,50,30,6.5,0.5,20,50,2.47897,1
Sibsagar,1991,1.69933,800,28,70,50,30,6.5,0.5,20,50,1.83046,1
Sibsagar,1992,1.5775899999999998,800,28,70,50,30,6.5,0.5,20,50,1.69933,1
Sibsagar,1993,1.65369,800,28,70,50,30,6.5,0.5,20,50,1.5775899999999998,1
Sibsagar,1994,1.6311,800,28,70,50,30,6.5,0.5,20,50,1.65369,1
Sibsagar,1995,1.81253,800,28,70,50,30,6.5,0.5,20,50,1.6311,1
Sibsagar,1996,1.80421,800,28,70,50,30,6.5,0.5,20,50,1.81253,1
Sibsagar,1997,1.63253,800,28,70,50,30,6.5,0.5,20,50,1.80421,1
Sibsagar,1998,1.69916,800,28,70,50,30,6.5,0.5,20,50,1.63253,1
Sibsagar,1999,1.7902,800,28,70,50,30,6.5,0.5,20,50,1.69916,1
Sibsagar,2000,1.87422,800,28,70,50,30,6.5,0.5,20,50,1.7902,1
Sibsagar,2001,1.90677,800,28,70,50,30,6.5,0.5,20,50,1.87422,1
Sibsagar,2002,1.8426600000000002,800,28,70,50,30,6.5,0.5,20,50,1.90677,1
Sibsagar,2003,2.03045,800,28,70,50,30,6.5,0.5,20,50,1.8426600000000002,1
Sibsagar,2004,1.98254,800,28,70,50,30,6.5,0.5,20,50,2.03045,1
Sibsagar,2005,1.78808,800,28,70,50,30,6.5,0.5,20,50,1.98254,1
Sibsagar,2006,1.4156900000000001,800,28,70,50,30,6.5,0.5,20,50,1.78808,1
Sibsagar,2007,1.64144,800,28,70,50,30,6.5,0.5,20,50,1.4156900000000001,1
Sibsagar,2008,2.06948,800,28,70,50,30,6.5,0.5,20,50,1.64144,1
Sibsagar,2009,2.12446,800,28,70,50,30,6.5,0.5,20,50,2.06948,1
Sibsagar,2010,2.20185,800,28,70,50,30,6.5,0.5,20,50,2.12446,1
Sibsagar,2011,2.05908,800,28,70,50,30,6.5,0.5,20,50,2.20185,1
Sibsagar,2012,2.34473,800,28,70,50,30,6.5,0.5,20,50,2.05908,1
Sibsagar,2013,2.19527,800,28,70,50,30,6.5,0.5,20,50,2.34473,1
Sibsagar,2014,2.10263,800,28,70,50,30,6.5,0.5,20,50,2.19527,1
Sibsagar,2015,2.11177,800,28,70,50,30,6.5,0.5,20,50,2.10263,1
Sibsagar,2016,2.04711,800,28,70,50,30,6.5,0.5,20,50,2.11177,1
Sibsagar,2017,2.17297,800,28,70,50,30,6.5,0.5,20,50,2.04711,1
Bilashpur,1990,1.56098,800,28,70,50,30,6.5,0.5,20,50,2.17297,1
Bilashpur,1991,1.1119100000000002,800,28,70,50,30,6.5,0.5,20,50,1.56098,1
Bilashpur,1992,1.1231900000000001,800,28,70,50,30,6.5,0.5,20,50,1.1119100000000002,1
Bilashpur,1993,0.94721,800,28,70,50,30,6.5,0.5,20,50,1.1231900000000001,1
Bilashpur,1994,0.88106,800,28,70,50,30,6.5,0.5,20,50,0.94721,1
Bilashpur,1995,1.2447300000000001,800,28,70,50,30,6.5,0.5,20,50,0.88106,1
Bilashpur,1996,1.05957,800,28,70,50,30,6.5,0.5,20,50,1.2447300000000001,1
Bilashpur,1997,1.5910799999999998,800,28,70,50,30,6.5,0.5,20,50,1.05957,1
Bilashpur,1998,1.24638,800,28,70,50,30,6.5,0.5,20,50,1.5910799999999998,1
Bilashpur,1999,1.59868,800,28,70,50,30,6.5,0.5,20,50,1.24638,1
Bilashpur,2000,1.5,800,28,70,50,30,6.5,0.5,20,50,1.59868,1
Bilashpur,2001,1.35028,800,28,70,50,30,6.5,0.5,20,50,1.5,1
Bilashpur,2002,0.44444,800,28,70,50,30,6.5,0.5,20,50,1.35028,1
Bilashpur,2003,1.6181800000000002,800,28,70,50,30,6.5,0.5,20,50,0.44444,1
Bilashpur,2004,1.35333,800,28,70,50,30,6.5,0.5,20,50,1.6181800000000002,1
Bilashpur,2005,1.3662,800,28,70,50,30,6.5,0.5,20,50,1.35333,1
Bilashpur,2006,2.60135,800,28,70,50,30,6.5,0.5,20,50,1.3662,1
Bilashpur,2007,2.25,800,28,70,50,30,6.5,0.5,20,50,2.60135,1
Bilashpur,2008,2.08974,800,28,70,50,30,6.5,0.5,20,50,2.25,1
Bilashpur,2009,1.97368,800,28,70,50,30,6.5,0.5,20,50,2.08974,1
Bilashpur,2010,2.07285,800,28,70,50,30,6.5,0.5,20,50,1.97368,1
Bilashpur,2011,2.07333,800,28,70,50,30,6.5,0.5,20,50,2.07285,1
Bilashpur,2012,2.1066700000000003,800,28,70,50,30,6.5,0.5,20,50,2.07333,1
Bilashpur,2013,2.07534,800,28,70,50,30,6.5,0.5,20,50,2.1066700000000003,1
Bilashpur,2014,2.29167,800,28,70,50,30,6.5,0.5,20,50,2.07534,1
Bilashpur,2015,2.07692,800,28,70,50,30,6.5,0.5,20,50,2.29167,1
Bilashpur,2016,2.0785,800,28,70,50,30,6.5,0.5,20,50,2.07692,1
Bilashpur,2017,2.0903400000000003,800,28,70,50,30,6.5,0.5,20,50,2.0785,1
Chamba,1990,1.34122,800,28,70,50,30,6.5,0.5,20,50,2.0903400000000003,1
Chamba,1991,1.0677999999999999,800,28,70,50,30,6.5,0.5,20,50,1.34122,1
Chamba,1992,1.3153800000000002,800,28,70,50,30,6.5,0.5,20,50,1.0677999999999999,1
Chamba,1993,1.1901199999999998,800,28,70,50,30,6.5,0.5,20,50,1.3153800000000002,1
Chamba,1994,1.1093199999999999,800,28,70,50,30,6.5,0.5,20,50,1.1901199999999998,1
Chamba,1995,1.53821,800,28,70,50,30,6.5,0.5,20,50,1.1093199999999999,1
Chamba,1996,1.49104,800,28,70,50,30,6.5,0.5,20,50,1.53821,1
Chamba,1997,1.47917,800,28,70,50,30,6.5,0.5,20,50,1.49104,1
Chamba,1998,1.34256,800,28,70,50,30,6.5,0.5,20,50,1.47917,1
Chamba,1999,1.39929,800,28,70,50,30,6.5,0.5,20,50,1.34256,1
Chamba,2000,1.4671800000000002,800,28,70,50,30,6.5,0.5,20,50,1.39929,1
Chamba,2001,1.41429,800,28,70,50,30,6.5,0.5,20,50,1.4671800000000002,1
Chamba,2002,1.7793599999999998,800,28,70,50,30,6.5,0.5,20,50,1.41429,1
Chamba,2003,1.66052,800,28,70,50,30,6.5,0.5,20,50,1.7793599999999998,1
Chamba,2004,1.51812,800,28,70,50,30,6.5,0.5,20,50,1.66052,1
Chamba,2005,1.65704,800,28,70,50,30,6.5,0.5,20,50,1.51812,1
Chamba,2006,1.4761900000000001,800,28,70,50,30,6.5,0.5,20,50,1.65704,1
Chamba,2007,1.2361600000000001,800,28,70,50,30,6.5,0.5,20,50,1.4761900000000001,1
Chamba,2008,1.23221,800,28,70,50,30,6.5,0.5,20,50,1.2361600000000001,1
Chamba,2009,1.1434000000000002,800,28,70,50,30,6.5,0.5,20,50,1.23221,1
Chamba,2010,1.2061099999999998,800,28,70,50,30,6.5,0.5,20,50,1.1434000000000002,1
Chamba,2011,1.2030699999999999,800,28,70,50,30,6.5,0.5,20,50,1.2061099999999998,1
Chamba,2012,1.21756,800,28,70,50,30,6.5,0.5,20,50,1.2030699999999999,1
Chamba,2013,1.20472,800,28,70,50,30,6.5,0.5,20,50,1.21756,1
Chamba,2014,1.32143,800,28,70,50,30,6.5,0.5,20,50,1.20472,1
Chamba,2015,1.20482,800,28,70,50,30,6.5,0.5,20,50,1.32143,1
Chamba,2016,1.20365,800,28,70,50,30,6.5,0.5,20,50,1.20482,1
Chamba,2017,1.2039300000000002,800,28,70,50,30,6.5,0.5,20,50,1.20365,1
Kangra,1990,0.9422200000000001,800,28,70,50,30,6.5,0.5,20,50,1.2039300000000002,1
Kangra,1991,1.32196,800,28,70,50,30,6.5,0.5,20,50,0.9422200000000001,1
Kangra,1992,1.36444,800,28,70,50,30,6.5,0.5,20,50,1.32196,1
Kangra,1993,1.2844200000000001,800,28,70,50,30,6.5,0.5,20,50,1.36444,1
Kangra,1994,1.41225,800,28,70,50,30,6.5,0.5,20,50,1.2844200000000001,1
Kangra,1995,1.3379100000000002,800,28,70,50,30,6.5,0.5,20,50,1.41225,1
Kangra,1996,1.3440699999999999,800,28,70,50,30,6.5,0.5,20,50,1.3379100000000002,1
Kangra,1997,1.34354,800,28,70,50,30,6.5,0.5,20,50,1.3440699999999999,1
Kangra,1998,1.43003,800,28,70,50,30,6.5,0.5,20,50,1.34354,1
Kangra,1999,1.50693,800,28,70,50,30,6.5,0.5,20,50,1.43003,1
Kangra,2000,1.4951500000000002,800,28,70,50,30,6.5,0.5,20,50,1.50693,1
Kangra,2001,1.70702,800,28,70,50,30,6.5,0.5,20,50,1.4951500000000002,1
Kangra,2002,0.9308,800,28,70,50,30,6.5,0.5,20,50,1.70702,1
Kangra,2003,1.49214,800,28,70,50,30,6.5,0.5,20,50,0.9308,1
Kangra,2004,1.32036,800,28,70,50,30,6.5,0.5,20,50,1.49214,1
Kangra,2005,1.3886500000000002,800,28,70,50,30,6.5,0.5,20,50,1.32036,1
Kangra,2006,1.90873,800,28,70,50,30,6.5,0.5,20,50,1.3886500000000002,1
Kangra,2007,1.50146,800,28,70,50,30,6.5,0.5,20,50,1.90873,1
Kangra,2008,1.54402,800,28,70,50,30,6.5,0.5,20,50,1.50146,1
Kangra,2009,1.4603499999999998,800,28,70,50,30,6.5,0.5,20,50,1.54402,1
Kangra,2010,1.5371,800,28,70,50,30,6.5,0.5,20,50,1.4603499999999998,1
Kangra,2011,1.53689,800,28,70,50,30,6.5,0.5,20,50,1.5371,1
Kangra,2012,1.55267,800,28,70,50,30,6.5,0.5,20,50,1.53689,1
Kangra,2013,1.53761,800,28,70,50,30,6.5,0.5,20,50,1.55267,1
Kangra,2014,1.69074,800,28,70,50,30,6.5,0.5,20,50,1.53761,1
Kangra,2015,1.53705,800,28,70,50,30,6.5,0.5,20,50,1.69074,1
Kangra,2016,1.53713,800,28,70,50,30,6.5,0.5,20,50,1.53705,1
Kangra,2017,1.53986,800,28,70,50,30,6.5,0.5,20,50,1.53713,1
Kinnaur,1990,1.5,800,28,70,50,30,6.5,0.5,20,50,1.53986,1
Kinnaur,1991,1.33333,800,28,70,50,30,6.5,0.5,20,50,1.5,1
Kinnaur,1992,1.33333,800,28,70,50,30,6.5,0.5,20,50,1.33333,1
Kinnaur,1993,1.0,800,28,70,50,30,6.5,0.5,20,50,1.33333,1
Kinnaur,1994,1.33333,800,28,70,50,30,6.5,0.5,20,50,1.0,1
Kinnaur,1995,1.33333,800,28,70,50,30,6.5,0.5,20,50,1.33333,1
Kinnaur,1996,1.5,800,28,70,50,30,6.5,0.5,20,50,1.33333,1
Kinnaur,1997,1.5,800,28,70,50,30,6.5,0.5,20,50,1.5,1
Kinnaur,1998,1.5,800,28,70,50,30,6.5,0.5,20,50,1.5,1
Kinnaur,1999,1.66667,800,28,70,50,30,6.5,0.5,20,50,1.5,1
Kinnaur,2000,2.0,800,28,70,50,30,6.5,0.5,20,50,1.66667,1
Kinnaur,2001,1.66667,800,28,70,50,30,6.5,0.5,20,50,2.0,1
Kinnaur,2002,1.0,800,28,70,50,30,6.5,0.5,20,50,1.66667,1
Kinnaur,2003,1.33333,800,28,70,50,30,6.5,0.5,20,50,1.0,1
Kinnaur,2004,1.33333,800,28,70,50,30,6.5,0.5,20,50,1.33333,1
Kinnaur,2005,1.5,800,28,70,50,30,6.5,0.5,20,50,1.33333,1
Kinnaur,2006,1.33333,800,28,70,50,30,6.5,0.5,20,50,1.5,1
Kinnaur,2007,2.0,800,28,70,50,30,6.5,0.5,20,50,1.33333,1
Kinnaur,2008,1.0,800,28,70,50,30,6.5,0.5,20,50,2.0,1
Kinnaur,2009,1.0,800,28,70,50,30,6.5,0.5,20,50,1.0,1
Kinnaur,2010,1.0,800,28,70,50,30,6.5,0.5,20,50,1.0,1
Kinnaur,2011,1.0,800,28,70,50,30,6.5,0.5,20,50,1.0,1
Kinnaur,2012,1.0,800,28,70,50,30,6.5,0.5,20,50,1.0,1
Kinnaur,2013,2.0,800,28,70,50,30,6.5,0.5,20,50,1.0,1
Kinnaur,2014,2.0,800,28,70,50,30,6.5,0.5,20,50,2.0,1
Kinnaur,2015,2.0,800,28,70,50,30,6.5,0.5,20,50,2.0,1
Kinnaur,2016,1.5,800,28,70,50,30,6.5,0.5,20,50,2.0,1
Kinnaur,2017,1.57143,800,28,70,50,30,6.5,0.5,20,50,1.5,1
Kullu,1990,1.131,800,28,70,50,30,6.5,0.5,20,50,1.57143,1
Kullu,1991,1.6653699999999998,800,28,70,50,30,6.5,0.5,20,50,1.131,1
Kullu,1992,1.723,800,28,70,50,30,6.5,0.5,20,50,1.6653699999999998,1
Kullu,1993,1.3,800,28,70,50,30,6.5,0.5,20,50,1.723,1
Kullu,1994,1.42857,800,28,70,50,30,6.5,0.5,20,50,1.3,1
Kullu,1995,1.5948699999999998,800,28,70,50,30,6.5,0.5,20,50,1.42857,1
Kullu,1996,1.0,800,28,70,50,30,6.5,0.5,20,50,1.5948699999999998,1
Kullu,1997,1.32751,800,28,70,50,30,6.5,0.5,20,50,1.0,1
Kullu,1998,1.18675,800,28,70,50,30,6.5,0.5,20,50,1.32751,1
Kullu,1999,1.30233,800,28,70,50,30,6.5,0.5,20,50,1.18675,1
Kullu,2000,1.51656,800,28,70,50,30,6.5,0.5,20,50,1.30233,1
Kullu,2001,1.49383,800,28,70,50,30,6.5,0.5,20,50,1.51656,1
Kullu,2002,1.61628,800,28,70,50,30,6.5,0.5,20,50,1.49383,1
Kullu,2003,1.3140999999999998,800,28,70,50,30,6.5,0.5,20,50,1.61628,1
Kullu,2004,1.6580599999999999,800,28,70,50,30,6.5,0.5,20,50,1.3140999999999998,1
Kullu,2005,0.96026,800,28,70,50,30,6.5,0.5,20,50,1.6580599999999999,1
Kullu,2006,1.30405,800,28,70,50,30,6.5,0.5,20,50,0.96026,1
Kullu,2007,1.34694,800,28,70,50,30,6.5,0.5,20,50,1.30405,1
Kullu,2008,1.36806,800,28,70,50,30,6.5,0.5,20,50,1.34694,1
Kullu,2009,1.24476,800,28,70,50,30,6.5,0.5,20,50,1.36806,1
Kullu,2010,1.3028199999999999,800,28,70,50,30,6.5,0.5,20,50,1.24476,1
Kullu,2011,1.3049600000000001,800,28,70,50,30,6.5,0.5,20,50,1.3028199999999999,1
Kullu,2012,1.3169000000000002,800,28,70,50,30,6.5,0.5,20,50,1.3049600000000001,1
Kullu,2013,1.3138699999999999,800,28,70,50,30,6.5,0.5,20,50,1.3169000000000002,1
Kullu,2014,1.4411800000000001,800,28,70,50,30,6.5,0.5,20,50,1.3138699999999999,1
Kullu,2015,1.31343,800,28,70,50,30,6.5,0.5,20,50,1.4411800000000001,1
Kullu,2016,1.30752,800,28,70,50,30,6.5,0.5,20,50,1.31343,1
Kullu,2017,1.3080399999999999,800,28,70,50,30,6.5,0.5,20,50,1.30752,1
Lahul & Spiti,1990,0.0,800,28,70,50,30,6.5,0.5,20,50,1.3080399999999999,1
Lahul & Spiti,1991,0.0,800,28,70,50,30,6.5,0.5,20,50,0.0,1
Lahul & Spiti,1992,0.0,800,28,70,50,30,6.5,0.5,20,50,0.0,1
Lahul & Spiti,1993,0.0,800,28,70,50,30,6.5,0.5,20,50,0.0,1
Lahul & Spiti,1994,0.0,800,28,70,50,30,6.5,0.5,20,50,0.0,1
Lahul & Spiti,1995,0.0,800,28,70,50,30,6.5,0.5,20,50,0.0,1
Lahul & Spiti,1996,0.0,800,28,70,50,30,6.5,0.5,20,50,0.0,1
Lahul & Spiti,1997,0.0,800,28,70,50,30,6.5,0.5,20,50,0.0,1
Lahul & Spiti,1998,0.0,800,28,70,50,30,6.5,0.5,20,50,0.0,1
Lahul & Spiti,1999,0.0,800,28,70,50,30,6.5,0.5,20,50,0.0,1
Lahul & Spiti,2000,0.0,800,28,70,50,30,6.5,0.5,20,50,0.0,1
Lahul & Spiti,2001,0.0,800,28,70,50,30,6.5,0.5,20,50,0.0,1
Lahul & Spiti,2002,0.0,800,28,70,50,30,6.5,0.5,20,50,0.0,1
Lahul & Spiti,2003,0.0,800,28,70,50,30,6.5,0.5,20,50,0.0,1
Lahul & Spiti,2004,0.0,800,28,70,50,30,6.5,0.5,20,50,0.0,1
Lahul & Spiti,2005,0.0,800,28,70,50,30,6.5,0.5,20,50,0.0,1
Lahul & Spiti,2006,0.0,800,28,70,50,30,6.5,0.5,20,50,0.0,1
Lahul & Spiti,2007,0.0,800,28,70,50,30,6.5,0.5,20,50,0.0,1
Lahul & Spiti,2008,0.0,800,28,70,50,30,6.5,0.5,20,50,0.0,1
Lahul & Spiti,2009,0.0,800,28,70,50,30,6.5,0.5,20,50,0.0,1
Lahul & Spiti,2010,0.0,800,28,70,50,30,6.5,0.5,20,50,0.0,1
Lahul & Spiti,2011,0.0,800,28,70,50,30,6.5,0.5,20,50,0.0,1
Lahul & Spiti,2012,0.0,800,28,70,50,30,6.5,0.5,20,50,0.0,1
Lahul & Spiti,2013,0.0,800,28,70,50,30,6.5,0.5,20,50,0.0,1
Lahul & Spiti,2014,0.0,800,28,70,50,30,6.5,0.5,20,50,0.0,1
Lahul & Spiti,2015,0.0,800,28,70,50,30,6.5,0.5,20,50,0.0,1
Lahul & Spiti,2016,0.0,800,28,70,50,30,6.5,0.5,20,50,0.0,1
Lahul & Spiti,2017,0.0,800,28,70,50,30,6.5,0.5,20,50,0.0,1
Solan,1990,1.3041099999999999,800,28,70,50,30,6.5,0.5,20,50,0.0,1
Solan,1991,1.1586400000000001,800,28,70,50,30,6.5,0.5,20,50,1.3041099999999999,1
Solan,1992,1.62069,800,28,70,50,30,6.5,0.5,20,50,1.1586400000000001,1
Solan,1993,1.53056,800,28,70,50,30,6.5,0.5,20,50,1.62069,1
Solan,1994,1.32828,800,28,70,50,30,6.5,0.5,20,50,1.53056,1
Solan,1995,1.47872,800,28,70,50,30,6.5,0.5,20,50,1.32828,1
Solan,1996,1.8258599999999998,800,28,70,50,30,6.5,0.5,20,50,1.47872,1
Solan,1997,1.91919,800,28,70,50,30,6.5,0.5,20,50,1.8258599999999998,1
Solan,1998,1.6904100000000002,800,28,70,50,30,6.5,0.5,20,50,1.91919,1
Solan,1999,1.8505699999999998,800,28,70,50,30,6.5,0.5,20,50,1.6904100000000002,1
Solan,2000,2.11549,800,28,70,50,30,6.5,0.5,20,50,1.8505699999999998,1
Solan,2001,1.86103,800,28,70,50,30,6.5,0.5,20,50,2.11549,1
Solan,2002,1.59172,800,28,70,50,30,6.5,0.5,20,50,1.86103,1
Solan,2003,1.46828,800,28,70,50,30,6.5,0.5,20,50,1.59172,1
Solan,2004,2.19409,800,28,70,50,30,6.5,0.5,20,50,1.46828,1
Solan,2005,1.75424,800,28,70,50,30,6.5,0.5,20,50,2.19409,1
Solan,2006,2.3693299999999997,800,28,70,50,30,6.5,0.5,20,50,1.75424,1
Solan,2007,2.32874,800,28,70,50,30,6.5,0.5,20,50,2.3693299999999997,1
Solan,2008,2.48122,800,28,70,50,30,6.5,0.5,20,50,2.32874,1
Solan,2009,2.39518,800,28,70,50,30,6.5,0.5,20,50,2.48122,1
Solan,2010,2.52068,800,28,70,50,30,6.5,0.5,20,50,2.39518,1
Solan,2011,2.5207800000000002,800,28,70,50,30,6.5,0.5,20,50,2.52068,1
Solan,2012,2.5450100000000004,800,28,70,50,30,6.5,0.5,20,50,2.5207800000000002,1
Solan,2013,2.5251300000000003,800,28,70,50,30,6.5,0.5,20,50,2.5450100000000004,1
Solan,2014,2.77665,800,28,70,50,30,6.5,0.5,20,50,2.5251300000000003,1
Solan,2015,2.5230799999999998,800,28,70,50,30,6.5,0.5,20,50,2.77665,1
Solan,2016,2.5212399999999997,800,28,70,50,30,6.5,0.5,20,50,2.5230799999999998,1
Solan,2017,2.5214000000000003,800,28,70,50,30,6.5,0.5,20,50,2.5212399999999997,1
Mandi,1990,0.8570099999999999,800,28,70,50,30,6.5,0.5,20,50,2.5214000000000003,1
Mandi,1991,1.0104,800,28,70,50,30,6.5,0.5,20,50,0.8570099999999999,1
Mandi,1992,1.21998,800,28,70,50,30,6.5,0.5,20,50,1.0104,1
Mandi,1993,1.16932,800,28,70,50,30,6.5,0.5,20,50,1.21998,1
Mandi,1994,1.442,800,28,70,50,30,6.5,0.5,20,50,1.16932,1
Mandi,1995,1.2633299999999998,800,28,70,50,30,6.5,0.5,20,50,1.442,1
Mandi,1996,1.28889,800,28,70,50,30,6.5,0.5,20,50,1.2633299999999998,1
Mandi,1997,1.33047,800,28,70,50,30,6.5,0.5,20,50,1.28889,1
Mandi,1998,1.4227100000000001,800,28,70,50,30,6.5,0.5,20,50,1.33047,1
Mandi,1999,1.49878,800,28,70,50,30,6.5,0.5,20,50,1.4227100000000001,1
Mandi,2000,1.5672300000000001,800,28,70,50,30,6.5,0.5,20,50,1.49878,1
Mandi,2001,1.70901,800,28,70,50,30,6.5,0.5,20,50,1.5672300000000001,1
Mandi,2002,1.07259,800,28,70,50,30,6.5,0.5,20,50,1.70901,1
Mandi,2003,1.46438,800,28,70,50,30,6.5,0.5,20,50,1.07259,1
Mandi,2004,1.25834,800,28,70,50,30,6.5,0.5,20,50,1.46438,1
Mandi,2005,1.4383599999999999,800,28,70,50,30,6.5,0.5,20,50,1.25834,1
Mandi,2006,1.38324,800,28,70,50,30,6.5,0.5,20,50,1.4383599999999999,1
Mandi,2007,1.28403,800,28,70,50,30,6.5,0.5,20,50,1.38324,1
Mandi,2008,1.35895,800,28,70,50,30,6.5,0.5,20,50,1.28403,1
Mandi,2009,1.14534,800,28,70,50,30,6.5,0.5,20,50,1.35895,1
Mandi,2010,1.20541,800,28,70,50,30,6.5,0.5,20,50,1.14534,1
Mandi,2011,1.20544,800,28,70,50,30,6.5,0.5,20,50,1.20541,1
Mandi,2012,1.21704,800,28,70,50,30,6.5,0.5,20,50,1.20544,1
Mandi,2013,1.20568,800,28,70,50,30,6.5,0.5,20,50,1.21704,1
Mandi,2014,1.32585,800,28,70,50,30,6.5,0.5,20,50,1.20568,1
Mandi,2015,1.73298,800,28,70,50,30,6.5,0.5,20,50,1.32585,1
Mandi,2016,1.2053399999999999,800,28,70,50,30,6.5,0.5,20,50,1.73298,1
Mandi,2017,1.73309,800,28,70,50,30,6.5,0.5,20,50,1.2053399999999999,1
Shimla,1990,0.89197,800,28,70,50,30,6.5,0.5,20,50,1.73309,1
Shimla,1991,1.1953399999999998,800,28,70,50,30,6.5,0.5,20,50,0.89197,1
Shimla,1992,1.23054,800,28,70,50,30,6.5,0.5,20,50,1.1953399999999998,1
Shimla,1993,0.7633099999999999,800,28,70,50,30,6.5,0.5,20,50,1.23054,1
Shimla,1994,1.2705199999999999,800,28,70,50,30,6.5,0.5,20,50,0.7633099999999999,1
Shimla,1995,1.4366199999999998,800,28,70,50,30,6.5,0.5,20,50,1.2705199999999999,1
Shimla,1996,1.57738,800,28,70,50,30,6.5,0.5,20,50,1.4366199999999998,1
Shimla,1997,1.2129,800,28,70,50,30,6.5,0.5,20,50,1.57738,1
Shimla,1998,1.28276,800,28,70,50,30,6.5,0.5,20,50,1.2129,1
Shimla,1999,1.1404100000000001,800,28,70,50,30,6.5,0.5,20,50,1.28276,1
Shimla,2000,0.9186,800,28,70,50,30,6.5,0.5,20,50,1.1404100000000001,1
Shimla,2001,1.2573800000000002,800,28,70,50,30,6.5,0.5,20,50,0.9186,1
Shimla,2002,0.85437,800,28,70,50,30,6.5,0.5,20,50,1.2573800000000002,1
Shimla,2003,0.97788,800,28,70,50,30,6.5,0.5,20,50,0.85437,1
Shimla,2004,1.07071,800,28,70,50,30,6.5,0.5,20,50,0.97788,1
Shimla,2005,1.0884,800,28,70,50,30,6.5,0.5,20,50,1.07071,1
Shimla,2006,1.14545,800,28,70,50,30,6.5,0.5,20,50,1.0884,1
Shimla,2007,0.97561,800,28,70,50,30,6.5,0.5,20,50,1.14545,1
Shimla,2008,1.0,800,28,70,50,30,6.5,0.5,20,50,0.97561,1
Shimla,2009,0.8677699999999999,800,28,70,50,30,6.5,0.5,20,50,1.0,1
Shimla,2010,0.91667,800,28,70,50,30,6.5,0.5,20,50,0.8677699999999999,1
Shimla,2011,0.9159700000000001,800,28,70,50,30,6.5,0.5,20,50,0.91667,1
Shimla,2012,0.925,800,28,70,50,30,6.5,0.5,20,50,0.9159700000000001,1
Shimla,2013,0.92241,800,28,70,50,30,6.5,0.5,20,50,0.925,1
Shimla,2014,1.0087000000000002,800,28,70,50,30,6.5,0.5,20,50,0.92241,1
Shimla,2015,0.91228,800,28,70,50,30,6.5,0.5,20,50,1.0087000000000002,1
Shimla,2016,0.91726,800,28,70,50,30,6.5,0.5,20,50,0.91228,1
Shimla,2017,0.91725,800,28,70,50,30,6.5,0.5,20,50,0.91726,1
Sirmaur,1990,1.7025899999999998,800,28,70,50,30,6.5,0.5,20,50,0.91725,1
Sirmaur,1991,1.61765,800,28,70,50,30,6.5,0.5,20,50,1.7025899999999998,1
Sirmaur,1992,1.63693,800,28,70,50,30,6.5,0.5,20,50,1.61765,1
Sirmaur,1993,1.39273,800,28,70,50,30,6.5,0.5,20,50,1.63693,1
Sirmaur,1994,0.89758,800,28,70,50,30,6.5,0.5,20,50,1.39273,1
Sirmaur,1995,1.4366700000000001,800,28,70,50,30,6.5,0.5,20,50,0.89758,1
Sirmaur,1996,1.01397,800,28,70,50,30,6.5,0.5,20,50,1.4366700000000001,1
Sirmaur,1997,1.74704,800,28,70,50,30,6.5,0.5,20,50,1.01397,1
Sirmaur,1998,1.47126,800,28,70,50,30,6.5,0.5,20,50,1.74704,1
Sirmaur,1999,1.5101300000000002,800,28,70,50,30,6.5,0.5,20,50,1.47126,1
Sirmaur,2000,1.6465699999999999,800,28,70,50,30,6.5,0.5,20,50,1.5101300000000002,1
Sirmaur,2001,1.90832,800,28,70,50,30,6.5,0.5,20,50,1.6465699999999999,1
Sirmaur,2002,1.1,800,28,70,50,30,6.5,0.5,20,50,1.90832,1
Sirmaur,2003,1.6226800000000001,800,28,70,50,30,6.5,0.5,20,50,1.1,1
Sirmaur,2004,1.4301300000000001,800,28,70,50,30,6.5,0.5,20,50,1.6226800000000001,1
Sirmaur,2005,1.32721,800,28,70,50,30,6.5,0.5,20,50,1.4301300000000001,1
Sirmaur,2006,2.25328,800,28,70,50,30,6.5,0.5,20,50,1.32721,1
Sirmaur,2007,2.27531,800,28,70,50,30,6.5,0.5,20,50,2.25328,1
Sirmaur,2008,1.35777,800,28,70,50,30,6.5,0.5,20,50,2.27531,1
Sirmaur,2009,1.12434,800,28,70,50,30,6.5,0.5,20,50,1.35777,1
Sirmaur,2010,1.18407,800,28,70,50,30,6.5,0.5,20,50,1.12434,1
Sirmaur,2011,1.0,800,28,70,50,30,6.5,0.5,20,50,1.18407,1
Sirmaur,2012,1.19469,800,28,70,50,30,6.5,0.5,20,50,1.0,1
Sirmaur,2013,1.18431,800,28,70,50,30,6.5,0.5,20,50,1.19469,1
Sirmaur,2014,1.3001800000000001,800,28,70,50,30,6.5,0.5,20,50,1.18431,1
Sirmaur,2015,1.1825,800,28,70,50,30,6.5,0.5,20,50,1.3001800000000001,1
Sirmaur,2016,1.18399,800,28,70,50,30,6.5,0.5,20,50,1.1825,1
Sirmaur,2017,1.1839000000000002,800,28,70,50,30,6.5,0.5,20,50,1.18399,1
Alappuzha,1990,2.16974,800,28,70,50,30,6.5,0.5,20,50,1.1839000000000002,1
Alappuzha,1991,2.0778600000000003,800,28,70,50,30,6.5,0.5,20,50,2.16974,1
Alappuzha,1992,2.30934,800,28,70,50,30,6.5,0.5,20,50,2.0778600000000003,1
Alappuzha,1993,2.1833400000000003,800,28,70,50,30,6.5,0.5,20,50,2.30934,1
Alappuzha,1994,1.80897,800,28,70,50,30,6.5,0.5,20,50,2.1833400000000003,1
Alappuzha,1995,2.74303,800,28,70,50,30,6.5,0.5,20,50,1.80897,1
Alappuzha,1996,2.05525,800,28,70,50,30,6.5,0.5,20,50,2.74303,1
Alappuzha,1997,2.20106,800,28,70,50,30,6.5,0.5,20,50,2.05525,1
Alappuzha,1998,2.60974,800,28,70,50,30,6.5,0.5,20,50,2.20106,1
Alappuzha,1999,2.60657,800,28,70,50,30,6.5,0.5,20,50,2.60974,1
Alappuzha,2000,2.74351,800,28,70,50,30,6.5,0.5,20,50,2.60657,1
Alappuzha,2001,2.19873,800,28,70,50,30,6.5,0.5,20,50,2.74351,1
Alappuzha,2002,3.08907,800,28,70,50,30,6.5,0.5,20,50,2.19873,1
Alappuzha,2003,1.96415,800,28,70,50,30,6.5,0.5,20,50,3.08907,1
Alappuzha,2004,2.44061,800,28,70,50,30,6.5,0.5,20,50,1.96415,1
Alappuzha,2005,2.49392,800,28,70,50,30,6.5,0.5,20,50,2.44061,1
Alappuzha,2006,2.90277,800,28,70,50,30,6.5,0.5,20,50,2.49392,1
Alappuzha,2007,1.8677300000000001,800,28,70,50,30,6.5,0.5,20,50,2.90277,1
Alappuzha,2008,3.0536,800,28,70,50,30,6.5,0.5,20,50,1.8677300000000001,1
Alappuzha,2009,2.93002,800,28,70,50,30,6.5,0.5,20,50,3.0536,1
Alappuzha,2010,2.4643800000000002,800,28,70,50,30,6.5,0.5,20,50,2.93002,1
Alappuzha,2011,3.0890999999999997,800,28,70,50,30,6.5,0.5,20,50,2.4643800000000002,1
Alappuzha,2012,2.88923,800,28,70,50,30,6.5,0.5,20,50,3.0890999999999997,1
Alappuzha,2013,2.85749,800,28,70,50,30,6.5,0.5,20,50,2.88923,1
Alappuzha,2014,2.9953499999999997,800,28,70,50,30,6.5,0.5,20,50,2.85749,1
Alappuzha,2015,2.81652,800,28,70,50,30,6.5,0.5,20,50,2.9953499999999997,1
Alappuzha,2016,3.15653,800,28,70,50,30,6.5,0.5,20,50,2.81652,1
Alappuzha,2017,2.9091799999999997,800,28,70,50,30,6.5,0.5,20,50,3.15653,1
Kannur,1990,1.7431500000000002,800,28,70,50,30,6.5,0.5,20,50,2.9091799999999997,1
Kannur,1991,1.72665,800,28,70,50,30,6.5,0.5,20,50,1.7431500000000002,1
Kannur,1992,1.79826,800,28,70,50,30,6.5,0.5,20,50,1.72665,1
Kannur,1993,1.81072,800,28,70,50,30,6.5,0.5,20,50,1.79826,1
Kannur,1994,1.72089,800,28,70,50,30,6.5,0.5,20,50,1.81072,1
Kannur,1995,1.74105,800,28,70,50,30,6.5,0.5,20,50,1.72089,1
Kannur,1996,1.85694,800,28,70,50,30,6.5,0.5,20,50,1.74105,1
Kannur,1997,1.81468,800,28,70,50,30,6.5,0.5,20,50,1.85694,1
Kannur,1998,1.85355,800,28,70,50,30,6.5,0.5,20,50,1.81468,1
Kannur,1999,1.96839,800,28,70,50,30,6.5,0.5,20,50,1.85355,1
Kannur,2000,1.9083299999999999,800,28,70,50,30,6.5,0.5,20,50,1.96839,1
Kannur,2001,2.02339,800,28,70,50,30,6.5,0.5,20,50,1.9083299999999999,1
Kannur,2002,2.05505,800,28,70,50,30,6.5,0.5,20,50,2.02339,1
Kannur,2003,2.03913,800,28,70,50,30,6.5,0.5,20,50,2.05505,1
Kannur,2004,2.1307300000000002,800,28,70,50,30,6.5,0.5,20,50,2.03913,1
Kannur,2005,2.1329499999999997,800,28,70,50,30,6.5,0.5,20,50,2.1307300000000002,1
Kannur,2006,2.201,800,28,70,50,30,6.5,0.5,20,50,2.1329499999999997,1
Kannur,2007,2.16967,800,28,70,50,30,6.5,0.5,20,50,2.201,1
Kannur,2008,2.1366199999999997,800,28,70,50,30,6.5,0.5,20,50,2.16967,1
Kannur,2009,2.16018,800,28,70,50,30,6.5,0.5,20,50,2.1366199999999997,1
Kannur,2010,2.29077,800,28,70,50,30,6.5,0.5,20,50,2.16018,1
Kannur,2011,2.27219,800,28,70,50,30,6.5,0.5,20,50,2.29077,1
Kannur,2012,2.33718,800,28,70,50,30,6.5,0.5,20,50,2.27219,1
Kannur,2013,2.36713,800,28,70,50,30,6.5,0.5,20,50,2.33718,1
Kannur,2014,2.39751,800,28,70,50,30,6.5,0.5,20,50,2.36713,1
Kannur,2015,2.2631300000000003,800,28,70,50,30,6.5,0.5,20,50,2.39751,1
Kannur,2016,2.37241,800,28,70,50,30,6.5,0.5,20,50,2.2631300000000003,1
Kannur,2017,2.36744,800,28,70,50,30,6.5,0.5,20,50,2.37241,1
Eranakulam,1990,1.6362999999999999,800,28,70,50,30,6.5,0.5,20,50,2.36744,1
Eranakulam,1991,1.69268,800,28,70,50,30,6.5,0.5,20,50,1.6362999999999999,1
Eranakulam,1992,1.72685,800,28,70,50,30,6.5,0.5,20,50,1.69268,1
Eranakulam,1993,1.65882,800,28,70,50,30,6.5,0.5,20,50,1.72685,1
Eranakulam,1994,1.69078,800,28,70,50,30,6.5,0.5,20,50,1.65882,1
Eranakulam,1995,1.8118800000000002,800,28,70,50,30,6.5,0.5,20,50,1.69078,1
Eranakulam,1996,1.73598,800,28,70,50,30,6.5,0.5,20,50,1.8118800000000002,1
Eranakulam,1997,1.61664,800,28,70,50,30,6.5,0.5,20,50,1.73598,1
Eranakulam,1998,1.7095,800,28,70,50,30,6.5,0.5,20,50,1.61664,1
Eranakulam,1999,1.9290699999999998,800,28,70,50,30,6.5,0.5,20,50,1.7095,1
Eranakulam,2000,1.75449,800,28,70,50,30,6.5,0.5,20,50,1.9290699999999998,1
Eranakulam,2001,1.83101,800,28,70,50,30,6.5,0.5,20,50,1.75449,1
Eranakulam,2002,1.90703,800,28,70,50,30,6.5,0.5,20,50,1.83101,1
Eranakulam,2003,1.84257,800,28,70,50,30,6.5,0.5,20,50,1.90703,1
Eranakulam,2004,1.94747,800,28,70,50,30,6.5,0.5,20,50,1.84257,1
Eranakulam,2005,1.94113,800,28,70,50,30,6.5,0.5,20,50,1.94747,1
Eranakulam,2006,2.0249200000000003,800,28,70,50,30,6.5,0.5,20,50,1.94113,1
Eranakulam,2007,2.0036,800,28,70,50,30,6.5,0.5,20,50,2.0249200000000003,1
Eranakulam,2008,2.01643,800,28,70,50,30,6.5,0.5,20,50,2.0036,1
Eranakulam,2009,1.97655,800,28,70,50,30,6.5,0.5,20,50,2.01643,1
Eranakulam,2010,2.0,800,28,70,50,30,6.5,0.5,20,50,1.97655,1
Eranakulam,2011,2.1546,800,28,70,50,30,6.5,0.5,20,50,2.0,1
Eranakulam,2012,2.19492,800,28,70,50,30,6.5,0.5,20,50,2.1546,1
Eranakulam,2013,2.25251,800,28,70,50,30,6.5,0.5,20,50,2.19492,1
Eranakulam,2014,2.16109,800,28,70,50,30,6.5,0.5,20,50,2.25251,1
Eranakulam,2015,2.1361,800,28,70,50,30,6.5,0.5,20,50,2.16109,1
Eranakulam,2016,2.26354,800,28,70,50,30,6.5,0.5,20,50,2.1361,1
Eranakulam,2017,2.39229,800,28,70,50,30,6.5,0.5,20,50,2.26354,1
Kottayam,1990,2.3572100000000002,800,28,70,50,30,6.5,0.5,20,50,2.39229,1
Kottayam,1991,2.30404,800,28,70,50,30,6.5,0.5,20,50,2.3572100000000002,1
Kottayam,1992,2.3525,800,28,70,50,30,6.5,0.5,20,50,2.30404,1
Kottayam,1993,2.3888499999999997,800,28,70,50,30,6.5,0.5,20,50,2.3525,1
Kottayam,1994,2.2308000000000003,800,28,70,50,30,6.5,0.5,20,50,2.3888499999999997,1
Kottayam,1995,2.2464299999999997,800,28,70,50,30,6.5,0.5,20,50,2.2308000000000003,1
Kottayam,1996,2.14967,800,28,70,50,30,6.5,0.5,20,50,2.2464299999999997,1
Kottayam,1997,2.1054899999999996,800,28,70,50,30,6.5,0.5,20,50,2.14967,1
Kottayam,1998,2.45335,800,28,70,50,30,6.5,0.5,20,50,2.1054899999999996,1
Kottayam,1999,2.59865,800,28,70,50,30,6.5,0.5,20,50,2.45335,1
Kottayam,2000,2.53762,800,28,70,50,30,6.5,0.5,20,50,2.59865,1
Kottayam,2001,2.3043400000000003,800,28,70,50,30,6.5,0.5,20,50,2.53762,1
Kottayam,2002,2.4677,800,28,70,50,30,6.5,0.5,20,50,2.3043400000000003,1
Kottayam,2003,2.2879899999999997,800,28,70,50,30,6.5,0.5,20,50,2.4677,1
Kottayam,2004,2.4856,800,28,70,50,30,6.5,0.5,20,50,2.2879899999999997,1
Kottayam,2005,2.5,800,28,70,50,30,6.5,0.5,20,50,2.4856,1
Kottayam,2006,2.579,800,28,70,50,30,6.5,0.5,20,50,2.5,1
Kottayam,2007,2.6095,800,28,70,50,30,6.5,0.5,20,50,2.579,1
Kottayam,2008,2.8896100000000002,800,28,70,50,30,6.5,0.5,20,50,2.6095,1
Kottayam,2009,2.55694,800,28,70,50,30,6.5,0.5,20,50,2.8896100000000002,1
Kottayam,2010,2.75696,800,28,70,50,30,6.5,0.5,20,50,2.55694,1
Kottayam,2011,2.94817,800,28,70,50,30,6.5,0.5,20,50,2.75696,1
Kottayam,2012,2.89316,800,28,70,50,30,6.5,0.5,20,50,2.94817,1
Kottayam,2013,3.20494,800,28,70,50,30,6.5,0.5,20,50,2.89316,1
Kottayam,2014,2.8460199999999998,800,28,70,50,30,6.5,0.5,20,50,3.20494,1
Kottayam,2015,3.0190799999999998,800,28,70,50,30,6.5,0.5,20,50,2.8460199999999998,1
Kottayam,2016,2.77598,800,28,70,50,30,6.5,0.5,20,50,3.0190799999999998,1
Kottayam,2017,2.83885,800,28,70,50,30,6.5,0.5,20,50,2.77598,1
Kozhikode,1990,1.66518,800,28,70,50,30,6.5,0.5,20,50,2.83885,1
Kozhikode,1991,1.7136500000000001,800,28,70,50,30,6.5,0.5,20,50,1.66518,1
Kozhikode,1992,1.86578,800,28,70,50,30,6.5,0.5,20,50,1.7136500000000001,1
Kozhikode,1993,1.80728,800,28,70,50,30,6.5,0.5,20,50,1.86578,1
Kozhikode,1994,1.86349,800,28,70,50,30,6.5,0.5,20,50,1.80728,1
Kozhikode,1995,1.85873,800,28,70,50,30,6.5,0.5,20,50,1.86349,1
Kozhikode,1996,1.79348,800,28,70,50,30,6.5,0.5,20,50,1.85873,1
Kozhikode,1997,1.80573,800,28,70,50,30,6.5,0.5,20,50,1.79348,1
Kozhikode,1998,1.7857,800,28,70,50,30,6.5,0.5,20,50,1.80573,1
Kozhikode,1999,2.13025,800,28,70,50,30,6.5,0.5,20,50,1.7857,1
Kozhikode,2000,1.8805999999999998,800,28,70,50,30,6.5,0.5,20,50,2.13025,1
Kozhikode,2001,1.97516,800,28,70,50,30,6.5,0.5,20,50,1.8805999999999998,1
Kozhikode,2002,2.03396,800,28,70,50,30,6.5,0.5,20,50,1.97516,1
Kozhikode,2003,1.97157,800,28,70,50,30,6.5,0.5,20,50,2.03396,1
Kozhikode,2004,2.1451599999999997,800,28,70,50,30,6.5,0.5,20,50,1.97157,1
Kozhikode,2005,2.0333099999999997,800,28,70,50,30,6.5,0.5,20,50,2.1451599999999997,1
Kozhikode,2006,2.17273,800,28,70,50,30,6.5,0.5,20,50,2.0333099999999997,1
Kozhikode,2007,2.18633,800,28,70,50,30,6.5,0.5,20,50,2.17273,1
Kozhikode,2008,2.23975,800,28,70,50,30,6.5,0.5,20,50,2.18633,1
Kozhikode,2009,2.20348,800,28,70,50,30,6.5,0.5,20,50,2.23975,1
Kozhikode,2010,2.15516,800,28,70,50,30,6.5,0.5,20,50,2.20348,1
Kozhikode,2011,2.23021,800,28,70,50,30,6.5,0.5,20,50,2.15516,1
Kozhikode,2012,2.31858,800,28,70,50,30,6.5,0.5,20,50,2.23021,1
Kozhikode,2013,2.4099299999999997,800,28,70,50,30,6.5,0.5,20,50,2.31858,1
Kozhikode,2014,2.36995,800,28,70,50,30,6.5,0.5,20,50,2.4099299999999997,1
Kozhikode,2015,2.1478800000000002,800,28,70,50,30,6.5,0.5,20,50,2.36995,1
Kozhikode,2016,2.31237,800,28,70,50,30,6.5,0.5,20,50,2.1478800000000002,1
Kozhikode,2017,2.3396,800,28,70,50,30,6.5,0.5,20,50,2.31237,1
Malappuram,1990,1.55652,800,28,70,50,30,6.5,0.5,20,50,2.3396,1
Malappuram,1991,1.59551,800,28,70,50,30,6.5,0.5,20,50,1.55652,1
Malappuram,1992,1.61324,800,28,70,50,30,6.5,0.5,20,50,1.59551,1
Malappuram,1993,1.6240899999999998,800,28,70,50,30,6.5,0.5,20,50,1.61324,1
Malappuram,1994,1.68402,800,28,70,50,30,6.5,0.5,20,50,1.6240899999999998,1
Malappuram,1995,1.71967,800,28,70,50,30,6.5,0.5,20,50,1.68402,1
Malappuram,1996,1.71833,800,28,70,50,30,6.5,0.5,20,50,1.71967,1
Malappuram,1997,1.6696600000000001,800,28,70,50,30,6.5,0.5,20,50,1.71833,1
Malappuram,1998,1.7775,800,28,70,50,30,6.5,0.5,20,50,1.6696600000000001,1
Malappuram,1999,1.7923399999999998,800,28,70,50,30,6.5,0.5,20,50,1.7775,1
Malappuram,2000,1.89201,800,28,70,50,30,6.5,0.5,20,50,1.7923399999999998,1
Malappuram,2001,1.94525,800,28,70,50,30,6.5,0.5,20,50,1.89201,1
Malappuram,2002,1.98069,800,28,70,50,30,6.5,0.5,20,50,1.94525,1
Malappuram,2003,2.07923,800,28,70,50,30,6.5,0.5,20,50,1.98069,1
Malappuram,2004,2.1814899999999997,800,28,70,50,30,6.5,0.5,20,50,2.07923,1
Malappuram,2005,2.1074499999999996,800,28,70,50,30,6.5,0.5,20,50,2.1814899999999997,1
Malappuram,2006,2.1919299999999997,800,28,70,50,30,6.5,0.5,20,50,2.1074499999999996,1
Malappuram,2007,2.2894699999999997,800,28,70,50,30,6.5,0.5,20,50,2.1919299999999997,1
Malappuram,2008,2.1135300000000004,800,28,70,50,30,6.5,0.5,20,50,2.2894699999999997,1
Malappuram,2009,2.25,800,28,70,50,30,6.5,0.5,20,50,2.1135300000000004,1
Malappuram,2010,2.35419,800,28,70,50,30,6.5,0.5,20,50,2.25,1
Malappuram,2011,2.46746,800,28,70,50,30,6.5,0.5,20,50,2.35419,1
Malappuram,2012,2.30585,800,28,70,50,30,6.5,0.5,20,50,2.46746,1
Malappuram,2013,2.6106,800,28,70,50,30,6.5,0.5,20,50,2.30585,1
Malappuram,2014,2.65238,800,28,70,50,30,6.5,0.5,20,50,2.6106,1
Malappuram,2015,2.72152,800,28,70,50,30,6.5,0.5,20,50,2.65238,1
Malappuram,2016,2.4105,800,28,70,50,30,6.5,0.5,20,50,2.72152,1
Malappuram,2017,3.0258000000000003,800,28,70,50,30,6.5,0.5,20,50,2.4105,1
Palakkad,1990,2.23015,800,28,70,50,30,6.5,0.5,20,50,3.0258000000000003,1
Palakkad,1991,2.34405,800,28,70,50,30,6.5,0.5,20,50,2.23015,1
Palakkad,1992,2.2974,800,28,70,50,30,6.5,0.5,20,50,2.34405,1
Palakkad,1993,2.26765,800,28,70,50,30,6.5,0.5,20,50,2.2974,1
Palakkad,1994,2.2400900000000004,800,28,70,50,30,6.5,0.5,20,50,2.26765,1
Palakkad,1995,2.06746,800,28,70,50,30,6.5,0.5,20,50,2.2400900000000004,1
Palakkad,1996,2.2909800000000002,800,28,70,50,30,6.5,0.5,20,50,2.06746,1
Palakkad,1997,2.17275,800,28,70,50,30,6.5,0.5,20,50,2.2909800000000002,1
Palakkad,1998,2.21262,800,28,70,50,30,6.5,0.5,20,50,2.17275,1
Palakkad,1999,2.2872399999999997,800,28,70,50,30,6.5,0.5,20,50,2.21262,1
Palakkad,2000,2.2086799999999998,800,28,70,50,30,6.5,0.5,20,50,2.2872399999999997,1
Palakkad,2001,2.32355,800,28,70,50,30,6.5,0.5,20,50,2.2086799999999998,1
Palakkad,2002,2.10448,800,28,70,50,30,6.5,0.5,20,50,2.32355,1
Palakkad,2003,1.80196,800,28,70,50,30,6.5,0.5,20,50,2.10448,1
Palakkad,2004,2.34279,800,28,70,50,30,6.5,0.5,20,50,1.80196,1
Palakkad,2005,2.3405,800,28,70,50,30,6.5,0.5,20,50,2.34279,1
Palakkad,2006,2.47322,800,28,70,50,30,6.5,0.5,20,50,2.3405,1
Palakkad,2007,2.4628400000000004,800,28,70,50,30,6.5,0.5,20,50,2.47322,1
Palakkad,2008,2.49652,800,28,70,50,30,6.5,0.5,20,50,2.4628400000000004,1
Palakkad,2009,2.64853,800,28,70,50,30,6.5,0.5,20,50,2.49652,1
Palakkad,2010,2.4929699999999997,800,28,70,50,30,6.5,0.5,20,50,2.64853,1
Palakkad,2011,2.6715500000000003,800,28,70,50,30,6.5,0.5,20,50,2.4929699999999997,1
Palakkad,2012,2.38927,800,28,70,50,30,6.5,0.5,20,50,2.6715500000000003,1
Palakkad,2013,2.87177,800,28,70,50,30,6.5,0.5,20,50,2.38927,1
Palakkad,2014,2.85128,800,28,70,50,30,6.5,0.5,20,50,2.87177,1
Palakkad,2015,2.81632,800,28,70,50,30,6.5,0.5,20,50,2.85128,1
Palakkad,2016,2.20223,800,28,70,50,30,6.5,0.5,20,50,2.81632,1
Palakkad,2017,2.6386399999999997,800,28,70,50,30,6.5,0.5,20,50,2.20223,1
Kollam,1990,2.04783,800,28,70,50,30,6.5,0.5,20,50,2.6386399999999997,1
Kollam,1991,1.8790799999999999,800,28,70,50,30,6.5,0.5,20,50,2.04783,1
Kollam,1992,2.13809,800,28,70,50,30,6.5,0.5,20,50,1.8790799999999999,1
Kollam,1993,2.05594,800,28,70,50,30,6.5,0.5,20,50,2.13809,1
Kollam,1994,1.9766,800,28,70,50,30,6.5,0.5,20,50,2.05594,1
Kollam,1995,2.1278200000000003,800,28,70,50,30,6.5,0.5,20,50,1.9766,1
Kollam,1996,1.98525,800,28,70,50,30,6.5,0.5,20,50,2.1278200000000003,1
Kollam,1997,1.9293,800,28,70,50,30,6.5,0.5,20,50,1.98525,1
Kollam,1998,2.10531,800,28,70,50,30,6.5,0.5,20,50,1.9293,1
Kollam,1999,2.22443,800,28,70,50,30,6.5,0.5,20,50,2.10531,1
Kollam,2000,2.2605999999999997,800,28,70,50,30,6.5,0.5,20,50,2.22443,1
Kollam,2001,2.26559,800,28,70,50,30,6.5,0.5,20,50,2.2605999999999997,1
Kollam,2002,2.23327,800,28,70,50,30,6.5,0.5,20,50,2.26559,1
Kollam,2003,2.26926,800,28,70,50,30,6.5,0.5,20,50,2.23327,1
Kollam,2004,2.3649400000000003,800,28,70,50,30,6.5,0.5,20,50,2.26926,1
Kollam,2005,2.24358,800,28,70,50,30,6.5,0.5,20,50,2.3649400000000003,1
Kollam,2006,2.4236500000000003,800,28,70,50,30,6.5,0.5,20,50,2.24358,1
Kollam,2007,2.27798,800,28,70,50,30,6.5,0.5,20,50,2.4236500000000003,1
Kollam,2008,2.39908,800,28,70,50,30,6.5,0.5,20,50,2.27798,1
Kollam,2009,2.43256,800,28,70,50,30,6.5,0.5,20,50,2.39908,1
Kollam,2010,2.17852,800,28,70,50,30,6.5,0.5,20,50,2.43256,1
Kollam,2011,2.80816,800,28,70,50,30,6.5,0.5,20,50,2.17852,1
Kollam,2012,2.44414,800,28,70,50,30,6.5,0.5,20,50,2.80816,1
Kollam,2013,2.8146199999999997,800,28,70,50,30,6.5,0.5,20,50,2.44414,1
Kollam,2014,2.73469,800,28,70,50,30,6.5,0.5,20,50,2.8146199999999997,1
Kollam,2015,2.87286,800,28,70,50,30,6.5,0.5,20,50,2.73469,1
Kollam,2016,2.8495700000000004,800,28,70,50,30,6.5,0.5,20,50,2.87286,1
Kollam,2017,2.62375,800,28,70,50,30,6.5,0.5,20,50,2.8495700000000004,1
Thrissur,1990,1.74622,800,28,70,50,30,6.5,0.5,20,50,2.62375,1
Thrissur,1991,1.76227,800,28,70,50,30,6.5,0.5,20,50,1.74622,1
Thrissur,1992,1.77722,800,28,70,50,30,6.5,0.5,20,50,1.76227,1
Thrissur,1993,1.72618,800,28,70,50,30,6.5,0.5,20,50,1.77722,1
Thrissur,1994,1.8355299999999999,800,28,70,50,30,6.5,0.5,20,50,1.72618,1
Thrissur,1995,1.8858599999999999,800,28,70,50,30,6.5,0.5,20,50,1.8355299999999999,1
Thrissur,1996,2.03667,800,28,70,50,30,6.5,0.5,20,50,1.8858599999999999,1
Thrissur,1997,2.0251300000000003,800,28,70,50,30,6.5,0.5,20,50,2.03667,1
Thrissur,1998,1.8916400000000002,800,28,70,50,30,6.5,0.5,20,50,2.0251300000000003,1
Thrissur,1999,2.1499200000000003,800,28,70,50,30,6.5,0.5,20,50,1.8916400000000002,1
Thrissur,2000,2.08507,800,28,70,50,30,6.5,0.5,20,50,2.1499200000000003,1
Thrissur,2001,2.27722,800,28,70,50,30,6.5,0.5,20,50,2.08507,1
Thrissur,2002,2.34156,800,28,70,50,30,6.5,0.5,20,50,2.27722,1
Thrissur,2003,2.33724,800,28,70,50,30,6.5,0.5,20,50,2.34156,1
Thrissur,2004,2.40605,800,28,70,50,30,6.5,0.5,20,50,2.33724,1
Thrissur,2005,2.3479200000000002,800,28,70,50,30,6.5,0.5,20,50,2.40605,1
Thrissur,2006,2.3815500000000003,800,28,70,50,30,6.5,0.5,20,50,2.3479200000000002,1
Thrissur,2007,2.43161,800,28,70,50,30,6.5,0.5,20,50,2.3815500000000003,1
Thrissur,2008,2.57465,800,28,70,50,30,6.5,0.5,20,50,2.43161,1
Thrissur,2009,2.50983,800,28,70,50,30,6.5,0.5,20,50,2.57465,1
Thrissur,2010,2.61994,800,28,70,50,30,6.5,0.5,20,50,2.50983,1
Thrissur,2011,2.94379,800,28,70,50,30,6.5,0.5,20,50,2.61994,1
Thrissur,2012,2.92511,800,28,70,50,30,6.5,0.5,20,50,2.94379,1
Thrissur,2013,2.99282,800,28,70,50,30,6.5,0.5,20,50,2.92511,1
Thrissur,2014,3.14783,800,28,70,50,30,6.5,0.5,20,50,2.99282,1
Thrissur,2015,3.203,800,28,70,50,30,6.5,0.5,20,50,3.14783,1
Thrissur,2016,2.72408,800,28,70,50,30,6.5,0.5,20,50,3.203,1
Thrissur,2017,3.2179,800,28,70,50,30,6.5,0.5,20,50,2.72408,1
Thiruvananthapuram,1990,1.7693699999999999,800,28,70,50,30,6.5,0.5,20,50,3.2179,1
Thiruvananthapuram,1991,1.71173,800,28,70,50,30,6.5,0.5,20,50,1.7693699999999999,1
Thiruvananthapuram,1992,1.89651,800,28,70,50,30,6.5,0.5,20,50,1.71173,1
Thiruvananthapuram,1993,1.7635399999999999,800,28,70,50,30,6.5,0.5,20,50,1.89651,1
Thiruvananthapuram,1994,1.74279,800,28,70,50,30,6.5,0.5,20,50,1.7635399999999999,1
Thiruvananthapuram,1995,1.87345,800,28,70,50,30,6.5,0.5,20,50,1.74279,1
Thiruvananthapuram,1996,1.78223,800,28,70,50,30,6.5,0.5,20,50,1.87345,1
Thiruvananthapuram,1997,1.72471,800,28,70,50,30,6.5,0.5,20,50,1.78223,1
Thiruvananthapuram,1998,1.84271,800,28,70,50,30,6.5,0.5,20,50,1.72471,1
Thiruvananthapuram,1999,2.20201,800,28,70,50,30,6.5,0.5,20,50,1.84271,1
Thiruvananthapuram,2000,2.0671399999999998,800,28,70,50,30,6.5,0.5,20,50,2.20201,1
Thiruvananthapuram,2001,2.15712,800,28,70,50,30,6.5,0.5,20,50,2.0671399999999998,1
Thiruvananthapuram,2002,2.19938,800,28,70,50,30,6.5,0.5,20,50,2.15712,1
Thiruvananthapuram,2003,2.1005599999999998,800,28,70,50,30,6.5,0.5,20,50,2.19938,1
Thiruvananthapuram,2004,2.37692,800,28,70,50,30,6.5,0.5,20,50,2.1005599999999998,1
Thiruvananthapuram,2005,2.34183,800,28,70,50,30,6.5,0.5,20,50,2.37692,1
Thiruvananthapuram,2006,2.6181799999999997,800,28,70,50,30,6.5,0.5,20,50,2.34183,1
Thiruvananthapuram,2007,2.50174,800,28,70,50,30,6.5,0.5,20,50,2.6181799999999997,1
Thiruvananthapuram,2008,2.42333,800,28,70,50,30,6.5,0.5,20,50,2.50174,1
Thiruvananthapuram,2009,2.57143,800,28,70,50,30,6.5,0.5,20,50,2.42333,1
Thiruvananthapuram,2010,2.36986,800,28,70,50,30,6.5,0.5,20,50,2.57143,1
Thiruvananthapuram,2011,2.5583299999999998,800,28,70,50,30,6.5,0.5,20,50,2.36986,1
Thiruvananthapuram,2012,2.25275,800,28,70,50,30,6.5,0.5,20,50,2.5583299999999998,1
Thiruvananthapuram,2013,2.665,800,28,70,50,30,6.5,0.5,20,50,2.25275,1
Thiruvananthapuram,2014,2.66029,800,28,70,50,30,6.5,0.5,20,50,2.665,1
Thiruvananthapuram,2015,2.57075,800,28,70,50,30,6.5,0.5,20,50,2.66029,1
Thiruvananthapuram,2016,2.2047399999999997,800,28,70,50,30,6.5,0.5,20,50,2.57075,1
Thiruvananthapuram,2017,2.6200300000000003,800,28,70,50,30,6.5,0.5,20,50,2.2047399999999997,1
Balasore,1990,0.88397,800,28,70,50,30,6.5,0.5,20,50,2.6200300000000003,1
Balasore,1991,1.4044100000000002,800,28,70,50,30,6.5,0.5,20,50,0.88397,1
Balasore,1992,1.3603900000000002,800,28,70,50,30,6.5,0.5,20,50,1.4044100000000002,1
Balasore,1993,1.44672,800,28,70,50,30,6.5,0.5,20,50,1.3603900000000002,1
Balasore,1994,1.43197,800,28,70,50,30,6.5,0.5,20,50,1.44672,1
Balasore,1995,1.39156,800,28,70,50,30,6.5,0.5,20,50,1.43197,1
Balasore,1996,1.02473,800,28,70,50,30,6.5,0.5,20,50,1.39156,1
Balasore,1997,1.61853,800,28,70,50,30,6.5,0.5,20,50,1.02473,1
Balasore,1998,1.0663399999999998,800,28,70,50,30,6.5,0.5,20,50,1.61853,1
Balasore,1999,0.88506,800,28,70,50,30,6.5,0.5,20,50,1.0663399999999998,1
Balasore,2000,1.52238,800,28,70,50,30,6.5,0.5,20,50,0.88506,1
Balasore,2001,1.82196,800,28,70,50,30,6.5,0.5,20,50,1.52238,1
Balasore,2002,1.07124,800,28,70,50,30,6.5,0.5,20,50,1.82196,1
Balasore,2003,1.6649800000000001,800,28,70,50,30,6.5,0.5,20,50,1.07124,1
Balasore,2004,1.86748,800,28,70,50,30,6.5,0.5,20,50,1.6649800000000001,1
Balasore,2005,1.70089,800,28,70,50,30,6.5,0.5,20,50,1.86748,1
Balasore,2006,1.5806300000000002,800,28,70,50,30,6.5,0.5,20,50,1.70089,1
Balasore,2007,1.6908699999999999,800,28,70,50,30,6.5,0.5,20,50,1.5806300000000002,1
Balasore,2008,1.63791,800,28,70,50,30,6.5,0.5,20,50,1.6908699999999999,1
Balasore,2009,1.73042,800,28,70,50,30,6.5,0.5,20,50,1.63791,1
Balasore,2010,1.85293,800,28,70,50,30,6.5,0.5,20,50,1.73042,1
Balasore,2011,1.9433399999999998,800,28,70,50,30,6.5,0.5,20,50,1.85293,1
Balasore,2012,1.92404,800,28,70,50,30,6.5,0.5,20,50,1.9433399999999998,1
Balasore,2013,1.34097,800,28,70,50,30,6.5,0.5,20,50,1.92404,1
Balasore,2014,1.91827,800,28,70,50,30,6.5,0.5,20,50,1.34097,1
Balasore,2015,2.04292,800,28,70,50,30,6.5,0.5,20,50,1.91827,1
Balasore,2016,2.91614,800,28,70,50,30,6.5,0.5,20,50,2.04292,1
Balasore,2017,2.16391,800,28,70,50,30,6.5,0.5,20,50,2.91614,1
Bolangir,1990,1.46908,800,28,70,50,30,6.5,0.5,20,50,2.16391,1
Bolangir,1991,1.47679,800,28,70,50,30,6.5,0.5,20,50,1.46908,1
Bolangir,1992,1.06833,800,28,70,50,30,6.5,0.5,20,50,1.47679,1
Bolangir,1993,1.4188800000000001,800,28,70,50,30,6.5,0.5,20,50,1.06833,1
Bolangir,1994,1.5335999999999999,800,28,70,50,30,6.5,0.5,20,50,1.4188800000000001,1
Bolangir,1995,1.5345499999999999,800,28,70,50,30,6.5,0.5,20,50,1.5335999999999999,1
Bolangir,1996,0.82784,800,28,70,50,30,6.5,0.5,20,50,1.5345499999999999,1
Bolangir,1997,1.4374500000000001,800,28,70,50,30,6.5,0.5,20,50,0.82784,1
Bolangir,1998,0.9922000000000001,800,28,70,50,30,6.5,0.5,20,50,1.4374500000000001,1
Bolangir,1999,1.48493,800,28,70,50,30,6.5,0.5,20,50,0.9922000000000001,1
Bolangir,2000,0.66472,800,28,70,50,30,6.5,0.5,20,50,1.48493,1
Bolangir,2001,1.6554,800,28,70,50,30,6.5,0.5,20,50,0.66472,1
Bolangir,2002,0.56679,800,28,70,50,30,6.5,0.5,20,50,1.6554,1
Bolangir,2003,1.438,800,28,70,50,30,6.5,0.5,20,50,0.56679,1
Bolangir,2004,1.3031400000000002,800,28,70,50,30,6.5,0.5,20,50,1.438,1
Bolangir,2005,1.61262,800,28,70,50,30,6.5,0.5,20,50,1.3031400000000002,1
Bolangir,2006,1.72458,800,28,70,50,30,6.5,0.5,20,50,1.61262,1
Bolangir,2007,1.8991500000000001,800,28,70,50,30,6.5,0.5,20,50,1.72458,1
Bolangir,2008,1.64007,800,28,70,50,30,6.5,0.5,20,50,1.8991500000000001,1
Bolangir,2009,1.8456400000000002,800,28,70,50,30,6.5,0.5,20,50,1.64007,1
Bolangir,2010,2.1053800000000003,800,28,70,50,30,6.5,0.5,20,50,1.8456400000000002,1
Bolangir,2011,1.19128,800,28,70,50,30,6.5,0.5,20,50,2.1053800000000003,1
Bolangir,2012,3.60649,800,28,70,50,30,6.5,0.5,20,50,1.19128,1
Bolangir,2013,3.1424499999999997,800,28,70,50,30,6.5,0.5,20,50,3.60649,1
Bolangir,2014,3.20879,800,28,70,50,30,6.5,0.5,20,50,3.1424499999999997,1
Bolangir,2015,1.57968,800,28,70,50,30,6.5,0.5,20,50,3.20879,1
Bolangir,2016,2.65838,800,28,70,50,30,6.5,0.5,20,50,1.57968,1
Bolangir,2017,1.4908299999999999,800,28,70,50,30,6.5,0.5,20,50,2.65838,1
Cuttack,1990,1.1453499999999999,800,28,70,50,30,6.5,0.5,20,50,1.4908299999999999,1
Cuttack,1991,1.42005,800,28,70,50,30,6.5,0.5,20,50,1.1453499999999999,1
Cuttack,1992,1.27844,800,28,70,50,30,6.5,0.5,20,50,1.42005,1
Cuttack,1993,1.59503,800,28,70,50,30,6.5,0.5,20,50,1.27844,1
Cuttack,1994,1.37622,800,28,70,50,30,6.5,0.5,20,50,1.59503,1
Cuttack,1995,1.41875,800,28,70,50,30,6.5,0.5,20,50,1.37622,1
Cuttack,1996,1.0434700000000001,800,28,70,50,30,6.5,0.5,20,50,1.41875,1
Cuttack,1997,1.25121,800,28,70,50,30,6.5,0.5,20,50,1.0434700000000001,1
Cuttack,1998,1.43911,800,28,70,50,30,6.5,0.5,20,50,1.25121,1
Cuttack,1999,0.57204,800,28,70,50,30,6.5,0.5,20,50,1.43911,1
Cuttack,2000,1.0678699999999999,800,28,70,50,30,6.5,0.5,20,50,0.57204,1
Cuttack,2001,1.5958599999999998,800,28,70,50,30,6.5,0.5,20,50,1.0678699999999999,1
Cuttack,2002,0.98987,800,28,70,50,30,6.5,0.5,20,50,1.5958599999999998,1
Cuttack,2003,1.23523,800,28,70,50,30,6.5,0.5,20,50,0.98987,1
Cuttack,2004,1.61691,800,28,70,50,30,6.5,0.5,20,50,1.23523,1
Cuttack,2005,1.8368499999999999,800,28,70,50,30,6.5,0.5,20,50,1.61691,1
Cuttack,2006,1.36402,800,28,70,50,30,6.5,0.5,20,50,1.8368499999999999,1
Cuttack,2007,1.59053,800,28,70,50,30,6.5,0.5,20,50,1.36402,1
Cuttack,2008,1.54419,800,28,70,50,30,6.5,0.5,20,50,1.59053,1
Cuttack,2009,1.88968,800,28,70,50,30,6.5,0.5,20,50,1.54419,1
Cuttack,2010,1.5143,800,28,70,50,30,6.5,0.5,20,50,1.88968,1
Cuttack,2011,1.6916300000000002,800,28,70,50,30,6.5,0.5,20,50,1.5143,1
Cuttack,2012,2.29667,800,28,70,50,30,6.5,0.5,20,50,1.6916300000000002,1
Cuttack,2013,1.36288,800,28,70,50,30,6.5,0.5,20,50,2.29667,1
Cuttack,2014,1.97156,800,28,70,50,30,6.5,0.5,20,50,1.36288,1
Cuttack,2015,1.87,800,28,70,50,30,6.5,0.5,20,50,1.97156,1
Cuttack,2016,2.86756,800,28,70,50,30,6.5,0.5,20,50,1.87,1
Cuttack,2017,1.6985899999999998,800,28,70,50,30,6.5,0.5,20,50,2.86756,1
Dhenkanal,1990,1.04549,800,28,70,50,30,6.5,0.5,20,50,1.6985899999999998,1
Dhenkanal,1991,1.49841,800,28,70,50,30,6.5,0.5,20,50,1.04549,1
Dhenkanal,1992,1.12558,800,28,70,50,30,6.5,0.5,20,50,1.49841,1
Dhenkanal,1993,1.38774,800,28,70,50,30,6.5,0.5,20,50,1.12558,1
Dhenkanal,1994,1.41219,800,28,70,50,30,6.5,0.5,20,50,1.38774,1
Dhenkanal,1995,1.20575,800,28,70,50,30,6.5,0.5,20,50,1.41219,1
Dhenkanal,1996,0.77546,800,28,70,50,30,6.5,0.5,20,50,1.20575,1
Dhenkanal,1997,1.39064,800,28,70,50,30,6.5,0.5,20,50,0.77546,1
Dhenkanal,1998,1.1508900000000002,800,28,70,50,30,6.5,0.5,20,50,1.39064,1
Dhenkanal,1999,1.06399,800,28,70,50,30,6.5,0.5,20,50,1.1508900000000002,1
Dhenkanal,2000,0.50347,800,28,70,50,30,6.5,0.5,20,50,1.06399,1
Dhenkanal,2001,1.7523,800,28,70,50,30,6.5,0.5,20,50,0.50347,1
Dhenkanal,2002,0.44039,800,28,70,50,30,6.5,0.5,20,50,1.7523,1
Dhenkanal,2003,1.6685,800,28,70,50,30,6.5,0.5,20,50,0.44039,1
Dhenkanal,2004,1.31928,800,28,70,50,30,6.5,0.5,20,50,1.6685,1
Dhenkanal,2005,1.72572,800,28,70,50,30,6.5,0.5,20,50,1.31928,1
Dhenkanal,2006,1.4081700000000001,800,28,70,50,30,6.5,0.5,20,50,1.72572,1
Dhenkanal,2007,1.4105699999999999,800,28,70,50,30,6.5,0.5,20,50,1.4081700000000001,1
Dhenkanal,2008,1.5141,800,28,70,50,30,6.5,0.5,20,50,1.4105699999999999,1
Dhenkanal,2009,1.28867,800,28,70,50,30,6.5,0.5,20,50,1.5141,1
Dhenkanal,2010,1.00999,800,28,70,50,30,6.5,0.5,20,50,1.28867,1
Dhenkanal,2011,1.59178,800,28,70,50,30,6.5,0.5,20,50,1.00999,1
Dhenkanal,2012,2.3956500000000003,800,28,70,50,30,6.5,0.5,20,50,1.59178,1
Dhenkanal,2013,2.32728,800,28,70,50,30,6.5,0.5,20,50,2.3956500000000003,1
Dhenkanal,2014,2.9162,800,28,70,50,30,6.5,0.5,20,50,2.32728,1
Dhenkanal,2015,1.2080199999999999,800,28,70,50,30,6.5,0.5,20,50,2.9162,1
Dhenkanal,2016,2.59224,800,28,70,50,30,6.5,0.5,20,50,1.2080199999999999,1
Dhenkanal,2017,1.36939,800,28,70,50,30,6.5,0.5,20,50,2.59224,1
Ganjam,1990,1.53321,800,28,70,50,30,6.5,0.5,20,50,1.36939,1
Ganjam,1991,2.27488,800,28,70,50,30,6.5,0.5,20,50,1.53321,1
Ganjam,1992,2.00351,800,28,70,50,30,6.5,0.5,20,50,2.27488,1
Ganjam,1993,1.9513900000000002,800,28,70,50,30,6.5,0.5,20,50,2.00351,1
Ganjam,1994,1.88452,800,28,70,50,30,6.5,0.5,20,50,1.9513900000000002,1
Ganjam,1995,1.52832,800,28,70,50,30,6.5,0.5,20,50,1.88452,1
Ganjam,1996,0.90261,800,28,70,50,30,6.5,0.5,20,50,1.52832,1
Ganjam,1997,1.48017,800,28,70,50,30,6.5,0.5,20,50,0.90261,1
Ganjam,1998,1.7471700000000001,800,28,70,50,30,6.5,0.5,20,50,1.48017,1
Ganjam,1999,0.8574299999999999,800,28,70,50,30,6.5,0.5,20,50,1.7471700000000001,1
Ganjam,2000,1.2761500000000001,800,28,70,50,30,6.5,0.5,20,50,0.8574299999999999,1
Ganjam,2001,2.13062,800,28,70,50,30,6.5,0.5,20,50,1.2761500000000001,1
Ganjam,2002,0.88501,800,28,70,50,30,6.5,0.5,20,50,2.13062,1
Ganjam,2003,1.53668,800,28,70,50,30,6.5,0.5,20,50,0.88501,1
Ganjam,2004,1.5100799999999999,800,28,70,50,30,6.5,0.5,20,50,1.53668,1
Ganjam,2005,1.395,800,28,70,50,30,6.5,0.5,20,50,1.5100799999999999,1
Ganjam,2006,2.06995,800,28,70,50,30,6.5,0.5,20,50,1.395,1
Ganjam,2007,2.22943,800,28,70,50,30,6.5,0.5,20,50,2.06995,1
Ganjam,2008,1.66109,800,28,70,50,30,6.5,0.5,20,50,2.22943,1
Ganjam,2009,1.9913299999999998,800,28,70,50,30,6.5,0.5,20,50,1.66109,1
Ganjam,2010,1.6488800000000001,800,28,70,50,30,6.5,0.5,20,50,1.9913299999999998,1
Ganjam,2011,0.6477999999999999,800,28,70,50,30,6.5,0.5,20,50,1.6488800000000001,1
Ganjam,2012,1.81769,800,28,70,50,30,6.5,0.5,20,50,0.6477999999999999,1
Ganjam,2013,0.43528,800,28,70,50,30,6.5,0.5,20,50,1.81769,1
Ganjam,2014,2.55854,800,28,70,50,30,6.5,0.5,20,50,0.43528,1
Ganjam,2015,1.79721,800,28,70,50,30,6.5,0.5,20,50,2.55854,1
Ganjam,2016,2.79711,800,28,70,50,30,6.5,0.5,20,50,1.79721,1
Ganjam,2017,1.6561400000000002,800,28,70,50,30,6.5,0.5,20,50,2.79711,1
Kalahandi,1990,0.9449299999999999,800,28,70,50,30,6.5,0.5,20,50,1.6561400000000002,1
Kalahandi,1991,1.05283,800,28,70,50,30,6.5,0.5,20,50,0.9449299999999999,1
Kalahandi,1992,0.79806,800,28,70,50,30,6.5,0.5,20,50,1.05283,1
Kalahandi,1993,1.05006,800,28,70,50,30,6.5,0.5,20,50,0.79806,1
Kalahandi,1994,1.09331,800,28,70,50,30,6.5,0.5,20,50,1.05006,1
Kalahandi,1995,1.09205,800,28,70,50,30,6.5,0.5,20,50,1.09331,1
Kalahandi,1996,0.7243099999999999,800,28,70,50,30,6.5,0.5,20,50,1.09205,1
Kalahandi,1997,1.24257,800,28,70,50,30,6.5,0.5,20,50,0.7243099999999999,1
Kalahandi,1998,0.75625,800,28,70,50,30,6.5,0.5,20,50,1.24257,1
Kalahandi,1999,1.16649,800,28,70,50,30,6.5,0.5,20,50,0.75625,1
Kalahandi,2000,1.00657,800,28,70,50,30,6.5,0.5,20,50,1.16649,1
Kalahandi,2001,1.34205,800,28,70,50,30,6.5,0.5,20,50,1.00657,1
Kalahandi,2002,0.38121,800,28,70,50,30,6.5,0.5,20,50,1.34205,1
Kalahandi,2003,1.29345,800,28,70,50,30,6.5,0.5,20,50,0.38121,1
Kalahandi,2004,1.0235,800,28,70,50,30,6.5,0.5,20,50,1.29345,1
Kalahandi,2005,1.0529300000000001,800,28,70,50,30,6.5,0.5,20,50,1.0235,1
Kalahandi,2006,1.11527,800,28,70,50,30,6.5,0.5,20,50,1.0529300000000001,1
Kalahandi,2007,1.47293,800,28,70,50,30,6.5,0.5,20,50,1.11527,1
Kalahandi,2008,1.33957,800,28,70,50,30,6.5,0.5,20,50,1.47293,1
Kalahandi,2009,1.45125,800,28,70,50,30,6.5,0.5,20,50,1.33957,1
Kalahandi,2010,2.2068000000000003,800,28,70,50,30,6.5,0.5,20,50,1.45125,1
Kalahandi,2011,0.9110499999999999,800,28,70,50,30,6.5,0.5,20,50,2.2068000000000003,1
Kalahandi,2012,2.42208,800,28,70,50,30,6.5,0.5,20,50,0.9110499999999999,1
Kalahandi,2013,2.35193,800,28,70,50,30,6.5,0.5,20,50,2.42208,1
Kalahandi,2014,2.27075,800,28,70,50,30,6.5,0.5,20,50,2.35193,1
Kalahandi,2015,1.03203,800,28,70,50,30,6.5,0.5,20,50,2.27075,1
Kalahandi,2016,2.09746,800,28,70,50,30,6.5,0.5,20,50,1.03203,1
Kalahandi,2017,1.69535,800,28,70,50,30,6.5,0.5,20,50,2.09746,1
Keonjhar,1990,1.00351,800,28,70,50,30,6.5,0.5,20,50,1.69535,1
Keonjhar,1991,1.15129,800,28,70,50,30,6.5,0.5,20,50,1.00351,1
Keonjhar,1992,0.88082,800,28,70,50,30,6.5,0.5,20,50,1.15129,1
Keonjhar,1993,1.17643,800,28,70,50,30,6.5,0.5,20,50,0.88082,1
Keonjhar,1994,1.12467,800,28,70,50,30,6.5,0.5,20,50,1.17643,1
Keonjhar,1995,1.12147,800,28,70,50,30,6.5,0.5,20,50,1.12467,1
Keonjhar,1996,0.6966100000000001,800,28,70,50,30,6.5,0.5,20,50,1.12147,1
Keonjhar,1997,1.30392,800,28,70,50,30,6.5,0.5,20,50,0.6966100000000001,1
Keonjhar,1998,0.7328,800,28,70,50,30,6.5,0.5,20,50,1.30392,1
Keonjhar,1999,0.8080499999999999,800,28,70,50,30,6.5,0.5,20,50,0.7328,1
Keonjhar,2000,1.04402,800,28,70,50,30,6.5,0.5,20,50,0.8080499999999999,1
Keonjhar,2001,1.3299100000000001,800,28,70,50,30,6.5,0.5,20,50,1.04402,1
Keonjhar,2002,0.51045,800,28,70,50,30,6.5,0.5,20,50,1.3299100000000001,1
Keonjhar,2003,1.54346,800,28,70,50,30,6.5,0.5,20,50,0.51045,1
Keonjhar,2004,1.3479400000000001,800,28,70,50,30,6.5,0.5,20,50,1.54346,1
Keonjhar,2005,1.4264700000000001,800,28,70,50,30,6.5,0.5,20,50,1.3479400000000001,1
Keonjhar,2006,1.38042,800,28,70,50,30,6.5,0.5,20,50,1.4264700000000001,1
Keonjhar,2007,1.64951,800,28,70,50,30,6.5,0.5,20,50,1.38042,1
Keonjhar,2008,1.34196,800,28,70,50,30,6.5,0.5,20,50,1.64951,1
Keonjhar,2009,1.44325,800,28,70,50,30,6.5,0.5,20,50,1.34196,1
Keonjhar,2010,1.0737999999999999,800,28,70,50,30,6.5,0.5,20,50,1.44325,1
Keonjhar,2011,1.71311,800,28,70,50,30,6.5,0.5,20,50,1.0737999999999999,1
Keonjhar,2012,1.6641700000000001,800,28,70,50,30,6.5,0.5,20,50,1.71311,1
Keonjhar,2013,1.55471,800,28,70,50,30,6.5,0.5,20,50,1.6641700000000001,1
Keonjhar,2014,2.34784,800,28,70,50,30,6.5,0.5,20,50,1.55471,1
Keonjhar,2015,1.13166,800,28,70,50,30,6.5,0.5,20,50,2.34784,1
Keonjhar,2016,2.18964,800,28,70,50,30,6.5,0.5,20,50,1.13166,1
Keonjhar,2017,2.0972600000000003,800,28,70,50,30,6.5,0.5,20,50,2.18964,1
Koraput,1990,1.2565,800,28,70,50,30,6.5,0.5,20,50,2.0972600000000003,1
Koraput,1991,1.39565,800,28,70,50,30,6.5,0.5,20,50,1.2565,1
Koraput,1992,0.9605,800,28,70,50,30,6.5,0.5,20,50,1.39565,1
Koraput,1993,1.29507,800,28,70,50,30,6.5,0.5,20,50,0.9605,1
Koraput,1994,1.35099,800,28,70,50,30,6.5,0.5,20,50,1.29507,1
Koraput,1995,1.34405,800,28,70,50,30,6.5,0.5,20,50,1.35099,1
Koraput,1996,1.3856400000000002,800,28,70,50,30,6.5,0.5,20,50,1.34405,1
Koraput,1997,1.0799400000000001,800,28,70,50,30,6.5,0.5,20,50,1.3856400000000002,1
Koraput,1998,1.47555,800,28,70,50,30,6.5,0.5,20,50,1.0799400000000001,1
Koraput,1999,1.4328299999999998,800,28,70,50,30,6.5,0.5,20,50,1.47555,1
Koraput,2000,1.14998,800,28,70,50,30,6.5,0.5,20,50,1.4328299999999998,1
Koraput,2001,1.3330899999999999,800,28,70,50,30,6.5,0.5,20,50,1.14998,1
Koraput,2002,0.74254,800,28,70,50,30,6.5,0.5,20,50,1.3330899999999999,1
Koraput,2003,1.58097,800,28,70,50,30,6.5,0.5,20,50,0.74254,1
Koraput,2004,1.45478,800,28,70,50,30,6.5,0.5,20,50,1.58097,1
Koraput,2005,1.40701,800,28,70,50,30,6.5,0.5,20,50,1.45478,1
Koraput,2006,1.51009,800,28,70,50,30,6.5,0.5,20,50,1.40701,1
Koraput,2007,1.70021,800,28,70,50,30,6.5,0.5,20,50,1.51009,1
Koraput,2008,1.3868800000000001,800,28,70,50,30,6.5,0.5,20,50,1.70021,1
Koraput,2009,1.3947100000000001,800,28,70,50,30,6.5,0.5,20,50,1.3868800000000001,1
Koraput,2010,1.99082,800,28,70,50,30,6.5,0.5,20,50,1.3947100000000001,1
Koraput,2011,0.97366,800,28,70,50,30,6.5,0.5,20,50,1.99082,1
Koraput,2012,2.08579,800,28,70,50,30,6.5,0.5,20,50,0.97366,1
Koraput,2013,2.50529,800,28,70,50,30,6.5,0.5,20,50,2.08579,1
Koraput,2014,2.17523,800,28,70,50,30,6.5,0.5,20,50,2.50529,1
Koraput,2015,1.4840499999999999,800,28,70,50,30,6.5,0.5,20,50,2.17523,1
Koraput,2016,2.4172,800,28,70,50,30,6.5,0.5,20,50,1.4840499999999999,1
Koraput,2017,2.23697,800,28,70,50,30,6.5,0.5,20,50,2.4172,1
Mayurbhanja,1990,1.0434100000000002,800,28,70,50,30,6.5,0.5,20,50,2.23697,1
Mayurbhanja,1991,1.2278399999999998,800,28,70,50,30,6.5,0.5,20,50,1.0434100000000002,1
Mayurbhanja,1992,1.15829,800,28,70,50,30,6.5,0.5,20,50,1.2278399999999998,1
Mayurbhanja,1993,1.3268900000000001,800,28,70,50,30,6.5,0.5,20,50,1.15829,1
Mayurbhanja,1994,1.31981,800,28,70,50,30,6.5,0.5,20,50,1.3268900000000001,1
Mayurbhanja,1995,1.19932,800,28,70,50,30,6.5,0.5,20,50,1.31981,1
Mayurbhanja,1996,0.8210299999999999,800,28,70,50,30,6.5,0.5,20,50,1.19932,1
Mayurbhanja,1997,1.37518,800,28,70,50,30,6.5,0.5,20,50,0.8210299999999999,1
Mayurbhanja,1998,0.86015,800,28,70,50,30,6.5,0.5,20,50,1.37518,1
Mayurbhanja,1999,1.1564100000000002,800,28,70,50,30,6.5,0.5,20,50,0.86015,1
Mayurbhanja,2000,1.15818,800,28,70,50,30,6.5,0.5,20,50,1.1564100000000002,1
Mayurbhanja,2001,1.53498,800,28,70,50,30,6.5,0.5,20,50,1.15818,1
Mayurbhanja,2002,0.81502,800,28,70,50,30,6.5,0.5,20,50,1.53498,1
Mayurbhanja,2003,1.45733,800,28,70,50,30,6.5,0.5,20,50,0.81502,1
Mayurbhanja,2004,1.50651,800,28,70,50,30,6.5,0.5,20,50,1.45733,1
Mayurbhanja,2005,1.49278,800,28,70,50,30,6.5,0.5,20,50,1.50651,1
Mayurbhanja,2006,1.57946,800,28,70,50,30,6.5,0.5,20,50,1.49278,1
Mayurbhanja,2007,1.6672,800,28,70,50,30,6.5,0.5,20,50,1.57946,1
Mayurbhanja,2008,1.5718599999999998,800,28,70,50,30,6.5,0.5,20,50,1.6672,1
Mayurbhanja,2009,1.3959000000000001,800,28,70,50,30,6.5,0.5,20,50,1.5718599999999998,1
Mayurbhanja,2010,0.93237,800,28,70,50,30,6.5,0.5,20,50,1.3959000000000001,1
Mayurbhanja,2011,1.8838599999999999,800,28,70,50,30,6.5,0.5,20,50,0.93237,1
Mayurbhanja,2012,1.72596,800,28,70,50,30,6.5,0.5,20,50,1.8838599999999999,1
Mayurbhanja,2013,1.39008,800,28,70,50,30,6.5,0.5,20,50,1.72596,1
Mayurbhanja,2014,2.1756599999999997,800,28,70,50,30,6.5,0.5,20,50,1.39008,1
Mayurbhanja,2015,0.9837100000000001,800,28,70,50,30,6.5,0.5,20,50,2.1756599999999997,1
Mayurbhanja,2016,2.35797,800,28,70,50,30,6.5,0.5,20,50,0.9837100000000001,1
Mayurbhanja,2017,2.0230799999999998,800,28,70,50,30,6.5,0.5,20,50,2.35797,1
Phulbani ( Kandhamal ),1990,1.17347,800,28,70,50,30,6.5,0.5,20,50,2.0230799999999998,1
Phulbani ( Kandhamal ),1991,1.36899,800,28,70,50,30,6.5,0.5,20,50,1.17347,1
Phulbani ( Kandhamal ),1992,1.34338,800,28,70,50,30,6.5,0.5,20,50,1.36899,1
Phulbani ( Kandhamal ),1993,1.1950399999999999,800,28,70,50,30,6.5,0.5,20,50,1.34338,1
Phulbani ( Kandhamal ),1994,1.3570499999999999,800,28,70,50,30,6.5,0.5,20,50,1.1950399999999999,1
Phulbani ( Kandhamal ),1995,1.25905,800,28,70,50,30,6.5,0.5,20,50,1.3570499999999999,1
Phulbani ( Kandhamal ),1996,0.77538,800,28,70,50,30,6.5,0.5,20,50,1.25905,1
Phulbani ( Kandhamal ),1997,1.42702,800,28,70,50,30,6.5,0.5,20,50,0.77538,1
Phulbani ( Kandhamal ),1998,1.07978,800,28,70,50,30,6.5,0.5,20,50,1.42702,1
Phulbani ( Kandhamal ),1999,1.4228699999999999,800,28,70,50,30,6.5,0.5,20,50,1.07978,1
Phulbani ( Kandhamal ),2000,0.6385299999999999,800,28,70,50,30,6.5,0.5,20,50,1.4228699999999999,1
Phulbani ( Kandhamal ),2001,1.36079,800,28,70,50,30,6.5,0.5,20,50,0.6385299999999999,1
Phulbani ( Kandhamal ),2002,0.59539,800,28,70,50,30,6.5,0.5,20,50,1.36079,1
Phulbani ( Kandhamal ),2003,1.64748,800,28,70,50,30,6.5,0.5,20,50,0.59539,1
Phulbani ( Kandhamal ),2004,1.37402,800,28,70,50,30,6.5,0.5,20,50,1.64748,1
Phulbani ( Kandhamal ),2005,1.4433399999999998,800,28,70,50,30,6.5,0.5,20,50,1.37402,1
Phulbani ( Kandhamal ),2006,1.51335,800,28,70,50,30,6.5,0.5,20,50,1.4433399999999998,1
Phulbani ( Kandhamal ),2007,1.53532,800,28,70,50,30,6.5,0.5,20,50,1.51335,1
Phulbani ( Kandhamal ),2008,1.3390799999999998,800,28,70,50,30,6.5,0.5,20,50,1.53532,1
Phulbani ( Kandhamal ),2009,1.64347,800,28,70,50,30,6.5,0.5,20,50,1.3390799999999998,1
Phulbani ( Kandhamal ),2010,1.2779500000000001,800,28,70,50,30,6.5,0.5,20,50,1.64347,1
Phulbani ( Kandhamal ),2011,1.17626,800,28,70,50,30,6.5,0.5,20,50,1.2779500000000001,1
Phulbani ( Kandhamal ),2012,2.1925100000000004,800,28,70,50,30,6.5,0.5,20,50,1.17626,1
Phulbani ( Kandhamal ),2013,1.70068,800,28,70,50,30,6.5,0.5,20,50,2.1925100000000004,1
Phulbani ( Kandhamal ),2014,2.10566,800,28,70,50,30,6.5,0.5,20,50,1.70068,1
Phulbani ( Kandhamal ),2015,0.92249,800,28,70,50,30,6.5,0.5,20,50,2.10566,1
Phulbani ( Kandhamal ),2016,2.55246,800,28,70,50,30,6.5,0.5,20,50,0.92249,1
Phulbani ( Kandhamal ),2017,1.7483199999999999,800,28,70,50,30,6.5,0.5,20,50,2.55246,1
Puri,1990,1.1696300000000002,800,28,70,50,30,6.5,0.5,20,50,1.7483199999999999,1
Puri,1991,1.65538,800,28,70,50,30,6.5,0.5,20,50,1.1696300000000002,1
Puri,1992,1.38176,800,28,70,50,30,6.5,0.5,20,50,1.65538,1
Puri,1993,1.7005899999999998,800,28,70,50,30,6.5,0.5,20,50,1.38176,1
Puri,1994,1.31102,800,28,70,50,30,6.5,0.5,20,50,1.7005899999999998,1
Puri,1995,1.49929,800,28,70,50,30,6.5,0.5,20,50,1.31102,1
Puri,1996,1.0183,800,28,70,50,30,6.5,0.5,20,50,1.49929,1
Puri,1997,1.38395,800,28,70,50,30,6.5,0.5,20,50,1.0183,1
Puri,1998,1.48442,800,28,70,50,30,6.5,0.5,20,50,1.38395,1
Puri,1999,0.80465,800,28,70,50,30,6.5,0.5,20,50,1.48442,1
Puri,2000,1.31662,800,28,70,50,30,6.5,0.5,20,50,0.80465,1
Puri,2001,1.59152,800,28,70,50,30,6.5,0.5,20,50,1.31662,1
Puri,2002,0.67291,800,28,70,50,30,6.5,0.5,20,50,1.59152,1
Puri,2003,1.3503800000000001,800,28,70,50,30,6.5,0.5,20,50,0.67291,1
Puri,2004,1.5070999999999999,800,28,70,50,30,6.5,0.5,20,50,1.3503800000000001,1
Puri,2005,1.60509,800,28,70,50,30,6.5,0.5,20,50,1.5070999999999999,1
Puri,2006,1.4841300000000002,800,28,70,50,30,6.5,0.5,20,50,1.60509,1
Puri,2007,1.6392200000000001,800,28,70,50,30,6.5,0.5,20,50,1.4841300000000002,1
Puri,2008,1.29349,800,28,70,50,30,6.5,0.5,20,50,1.6392200000000001,1
Puri,2009,1.71924,800,28,70,50,30,6.5,0.5,20,50,1.29349,1
Puri,2010,1.70187,800,28,70,50,30,6.5,0.5,20,50,1.71924,1
Puri,2011,1.30647,800,28,70,50,30,6.5,0.5,20,50,1.70187,1
Puri,2012,2.3352199999999996,800,28,70,50,30,6.5,0.5,20,50,1.30647,1
Puri,2013,1.08846,800,28,70,50,30,6.5,0.5,20,50,2.3352199999999996,1
Puri,2014,2.1278200000000003,800,28,70,50,30,6.5,0.5,20,50,1.08846,1
Puri,2015,1.53553,800,28,70,50,30,6.5,0.5,20,50,2.1278200000000003,1
Puri,2016,2.5562600000000004,800,28,70,50,30,6.5,0.5,20,50,1.53553,1
Puri,2017,1.56727,800,28,70,50,30,6.5,0.5,20,50,2.5562600000000004,1
Sambalpur,1990,1.60213,800,28,70,50,30,6.5,0.5,20,50,1.56727,1
Sambalpur,1991,1.65819,800,28,70,50,30,6.5,0.5,20,50,1.60213,1
Sambalpur,1992,1.34381,800,28,70,50,30,6.5,0.5,20,50,1.65819,1
Sambalpur,1993,1.66177,800,28,70,50,30,6.5,0.5,20,50,1.34381,1
Sambalpur,1994,1.8051300000000001,800,28,70,50,30,6.5,0.5,20,50,1.66177,1
Sambalpur,1995,1.73374,800,28,70,50,30,6.5,0.5,20,50,1.8051300000000001,1
Sambalpur,1996,1.31838,800,28,70,50,30,6.5,0.5,20,50,1.73374,1
Sambalpur,1997,1.70941,800,28,70,50,30,6.5,0.5,20,50,1.31838,1
Sambalpur,1998,1.42333,800,28,70,50,30,6.5,0.5,20,50,1.70941,1
Sambalpur,1999,1.92525,800,28,70,50,30,6.5,0.5,20,50,1.42333,1
Sambalpur,2000,0.92486,800,28,70,50,30,6.5,0.5,20,50,1.92525,1
Sambalpur,2001,1.8137999999999999,800,28,70,50,30,6.5,0.5,20,50,0.92486,1
Sambalpur,2002,1.10069,800,28,70,50,30,6.5,0.5,20,50,1.8137999999999999,1
Sambalpur,2003,1.89332,800,28,70,50,30,6.5,0.5,20,50,1.10069,1
Sambalpur,2004,1.57211,800,28,70,50,30,6.5,0.5,20,50,1.89332,1
Sambalpur,2005,1.8490199999999999,800,28,70,50,30,6.5,0.5,20,50,1.57211,1
Sambalpur,2006,1.94977,800,28,70,50,30,6.5,0.5,20,50,1.8490199999999999,1
Sambalpur,2007,2.04778,800,28,70,50,30,6.5,0.5,20,50,1.94977,1
Sambalpur,2008,2.03628,800,28,70,50,30,6.5,0.5,20,50,2.04778,1
Sambalpur,2009,1.7379,800,28,70,50,30,6.5,0.5,20,50,2.03628,1
Sambalpur,2010,1.80283,800,28,70,50,30,6.5,0.5,20,50,1.7379,1
Sambalpur,2011,1.9596900000000002,800,28,70,50,30,6.5,0.5,20,50,1.80283,1
Sambalpur,2012,3.05904,800,28,70,50,30,6.5,0.5,20,50,1.9596900000000002,1
Sambalpur,2013,2.1371599999999997,800,28,70,50,30,6.5,0.5,20,50,3.05904,1
Sambalpur,2014,2.61465,800,28,70,50,30,6.5,0.5,20,50,2.1371599999999997,1
Sambalpur,2015,1.5258,800,28,70,50,30,6.5,0.5,20,50,2.61465,1
Sambalpur,2016,2.17815,800,28,70,50,30,6.5,0.5,20,50,1.5258,1
Sambalpur,2017,1.1818,800,28,70,50,30,6.5,0.5,20,50,2.17815,1
Sundargarh,1990,0.9412999999999999,800,28,70,50,30,6.5,0.5,20,50,1.1818,1
Sundargarh,1991,1.07879,800,28,70,50,30,6.5,0.5,20,50,0.9412999999999999,1
Sundargarh,1992,0.6968799999999999,800,28,70,50,30,6.5,0.5,20,50,1.07879,1
Sundargarh,1993,0.9444600000000001,800,28,70,50,30,6.5,0.5,20,50,0.6968799999999999,1
Sundargarh,1994,1.06971,800,28,70,50,30,6.5,0.5,20,50,0.9444600000000001,1
Sundargarh,1995,0.89874,800,28,70,50,30,6.5,0.5,20,50,1.06971,1
Sundargarh,1996,0.86665,800,28,70,50,30,6.5,0.5,20,50,0.89874,1
Sundargarh,1997,1.02145,800,28,70,50,30,6.5,0.5,20,50,0.86665,1
Sundargarh,1998,0.75371,800,28,70,50,30,6.5,0.5,20,50,1.02145,1
Sundargarh,1999,1.02048,800,28,70,50,30,6.5,0.5,20,50,0.75371,1
Sundargarh,2000,0.54544,800,28,70,50,30,6.5,0.5,20,50,1.02048,1
Sundargarh,2001,0.97741,800,28,70,50,30,6.5,0.5,20,50,0.54544,1
Sundargarh,2002,0.3245,800,28,70,50,30,6.5,0.5,20,50,0.97741,1
Sundargarh,2003,1.02038,800,28,70,50,30,6.5,0.5,20,50,0.3245,1
Sundargarh,2004,1.0465499999999999,800,28,70,50,30,6.5,0.5,20,50,1.02038,1
Sundargarh,2005,1.1503299999999999,800,28,70,50,30,6.5,0.5,20,50,1.0465499999999999,1
Sundargarh,2006,1.23374,800,28,70,50,30,6.5,0.5,20,50,1.1503299999999999,1
Sundargarh,2007,1.4102999999999999,800,28,70,50,30,6.5,0.5,20,50,1.23374,1
Sundargarh,2008,1.3759400000000002,800,28,70,50,30,6.5,0.5,20,50,1.4102999999999999,1
Sundargarh,2009,0.71939,800,28,70,50,30,6.5,0.5,20,50,1.3759400000000002,1
Sundargarh,2010,0.66198,800,28,70,50,30,6.5,0.5,20,50,0.71939,1
Sundargarh,2011,1.79394,800,28,70,50,30,6.5,0.5,20,50,0.66198,1
Sundargarh,2012,2.32075,800,28,70,50,30,6.5,0.5,20,50,1.79394,1
Sundargarh,2013,1.95171,800,28,70,50,30,6.5,0.5,20,50,2.32075,1
Sundargarh,2014,2.53506,800,28,70,50,30,6.5,0.5,20,50,1.95171,1
Sundargarh,2015,1.1721,800,28,70,50,30,6.5,0.5,20,50,2.53506,1
Sundargarh,2016,1.6961600000000001,800,28,70,50,30,6.5,0.5,20,50,1.1721,1
Sundargarh,2017,1.759,800,28,70,50,30,6.5,0.5,20,50,1.6961600000000001,1
24 Parganas,1990,1.63969,800,28,70,50,30,6.5,0.5,20,50,1.759,1
24 Parganas,1991,2.13604,800,28,70,50,30,6.5,0.5,20,50,1.63969,1
24 Parganas,1992,2.0420599999999998,800,28,70,50,30,6.5,0.5,20,50,2.13604,1
24 Parganas,1993,1.98209,800,28,70,50,30,6.5,0.5,20,50,2.0420599999999998,1
24 Parganas,1994,2.03467,800,28,70,50,30,6.5,0.5,20,50,1.98209,1
24 Parganas,1995,1.8508699999999998,800,28,70,50,30,6.5,0.5,20,50,2.03467,1
24 Parganas,1996,2.05247,800,28,70,50,30,6.5,0.5,20,50,1.8508699999999998,1
24 Parganas,1997,1.7930599999999999,800,28,70,50,30,6.5,0.5,20,50,2.05247,1
24 Parganas,1998,2.0579099999999997,800,28,70,50,30,6.5,0.5,20,50,1.7930599999999999,1
24 Parganas,1999,2.2397199999999997,800,28,70,50,30,6.5,0.5,20,50,2.0579099999999997,1
24 Parganas,2000,2.15471,800,28,70,50,30,6.5,0.5,20,50,2.2397199999999997,1
24 Parganas,2001,2.4424699999999997,800,28,70,50,30,6.5,0.5,20,50,2.15471,1
24 Parganas,2002,2.34663,800,28,70,50,30,6.5,0.5,20,50,2.4424699999999997,1
24 Parganas,2003,2.33765,800,28,70,50,30,6.5,0.5,20,50,2.34663,1
24 Parganas,2004,2.41335,800,28,70,50,30,6.5,0.5,20,50,2.33765,1
24 Parganas,2005,2.32167,800,28,70,50,30,6.5,0.5,20,50,2.41335,1
24 Parganas,2006,2.36206,800,28,70,50,30,6.5,0.5,20,50,2.32167,1
24 Parganas,2007,2.31407,800,28,70,50,30,6.5,0.5,20,50,2.36206,1
24 Parganas,2008,2.39957,800,28,70,50,30,6.5,0.5,20,50,2.31407,1
24 Parganas,2009,2.3644000000000003,800,28,70,50,30,6.5,0.5,20,50,2.39957,1
24 Parganas,2010,2.4557800000000003,800,28,70,50,30,6.5,0.5,20,50,2.3644000000000003,1
24 Parganas,2011,2.4583000000000004,800,28,70,50,30,6.5,0.5,20,50,2.4557800000000003,1
24 Parganas,2012,2.60724,800,28,70,50,30,6.5,0.5,20,50,2.4583000000000004,1
24 Parganas,2013,2.70636,800,28,70,50,30,6.5,0.5,20,50,2.60724,1
24 Parganas,2014,2.74384,800,28,70,50,30,6.5,0.5,20,50,2.70636,1
24 Parganas,2015,2.57486,800,28,70,50,30,6.5,0.5,20,50,2.74384,1
24 Parganas,2016,2.67056,800,28,70,50,30,6.5,0.5,20,50,2.57486,1
24 Parganas,2017,2.78927,800,28,70,50,30,6.5,0.5,20,50,2.67056,1
Nadia,1990,2.43924,800,28,70,50,30,6.5,0.5,20,50,2.78927,1
Nadia,1991,2.6350700000000002,800,28,70,50,30,6.5,0.5,20,50,2.43924,1
Nadia,1992,2.40297,800,28,70,50,30,6.5,0.5,20,50,2.6350700000000002,1
Nadia,1993,2.5918400000000004,800,28,70,50,30,6.5,0.5,20,50,2.40297,1
Nadia,1994,2.43067,800,28,70,50,30,6.5,0.5,20,50,2.5918400000000004,1
Nadia,1995,2.40433,800,28,70,50,30,6.5,0.5,20,50,2.43067,1
Nadia,1996,2.4548200000000002,800,28,70,50,30,6.5,0.5,20,50,2.40433,1
Nadia,1997,2.45817,800,28,70,50,30,6.5,0.5,20,50,2.4548200000000002,1
Nadia,1998,2.76521,800,28,70,50,30,6.5,0.5,20,50,2.45817,1
Nadia,1999,2.55429,800,28,70,50,30,6.5,0.5,20,50,2.76521,1
Nadia,2000,2.8360700000000003,800,28,70,50,30,6.5,0.5,20,50,2.55429,1
Nadia,2001,2.8062600000000004,800,28,70,50,30,6.5,0.5,20,50,2.8360700000000003,1
Nadia,2002,2.92354,800,28,70,50,30,6.5,0.5,20,50,2.8062600000000004,1
Nadia,2003,2.71277,800,28,70,50,30,6.5,0.5,20,50,2.92354,1
Nadia,2004,2.66896,800,28,70,50,30,6.5,0.5,20,50,2.71277,1
Nadia,2005,2.75965,800,28,70,50,30,6.5,0.5,20,50,2.66896,1
Nadia,2006,2.70744,800,28,70,50,30,6.5,0.5,20,50,2.75965,1
Nadia,2007,2.83756,800,28,70,50,30,6.5,0.5,20,50,2.70744,1
Nadia,2008,2.8842,800,28,70,50,30,6.5,0.5,20,50,2.83756,1
Nadia,2009,2.7843400000000003,800,28,70,50,30,6.5,0.5,20,50,2.8842,1
Nadia,2010,2.75927,800,28,70,50,30,6.5,0.5,20,50,2.7843400000000003,1
Nadia,2011,2.95268,800,28,70,50,30,6.5,0.5,20,50,2.75927,1
Nadia,2012,2.86996,800,28,70,50,30,6.5,0.5,20,50,2.95268,1
Nadia,2013,3.0725,800,28,70,50,30,6.5,0.5,20,50,2.86996,1
Nadia,2014,3.2154000000000003,800,28,70,50,30,6.5,0.5,20,50,3.0725,1
Nadia,2015,3.1336,800,28,70,50,30,6.5,0.5,20,50,3.2154000000000003,1
Nadia,2016,3.2452199999999998,800,28,70,50,30,6.5,0.5,20,50,3.1336,1
Nadia,2017,3.3145300000000004,800,28,70,50,30,6.5,0.5,20,50,3.2452199999999998,1
Murshidabad,1990,2.21884,800,28,70,50,30,6.5,0.5,20,50,3.3145300000000004,1
Murshidabad,1991,2.2559899999999997,800,28,70,50,30,6.5,0.5,20,50,2.21884,1
Murshidabad,1992,2.27346,800,28,70,50,30,6.5,0.5,20,50,2.2559899999999997,1
Murshidabad,1993,2.2175700000000003,800,28,70,50,30,6.5,0.5,20,50,2.27346,1
Murshidabad,1994,2.29365,800,28,70,50,30,6.5,0.5,20,50,2.2175700000000003,1
Murshidabad,1995,2.1630599999999998,800,28,70,50,30,6.5,0.5,20,50,2.29365,1
Murshidabad,1996,2.69685,800,28,70,50,30,6.5,0.5,20,50,2.1630599999999998,1
Murshidabad,1997,2.59718,800,28,70,50,30,6.5,0.5,20,50,2.69685,1
Murshidabad,1998,2.73858,800,28,70,50,30,6.5,0.5,20,50,2.59718,1
Murshidabad,1999,2.09063,800,28,70,50,30,6.5,0.5,20,50,2.73858,1
Murshidabad,2000,2.44592,800,28,70,50,30,6.5,0.5,20,50,2.09063,1
Murshidabad,2001,2.7473,800,28,70,50,30,6.5,0.5,20,50,2.44592,1
Murshidabad,2002,2.63769,800,28,70,50,30,6.5,0.5,20,50,2.7473,1
Murshidabad,2003,2.7601,800,28,70,50,30,6.5,0.5,20,50,2.63769,1
Murshidabad,2004,2.90825,800,28,70,50,30,6.5,0.5,20,50,2.7601,1
Murshidabad,2005,2.94264,800,28,70,50,30,6.5,0.5,20,50,2.90825,1
Murshidabad,2006,2.6089,800,28,70,50,30,6.5,0.5,20,50,2.94264,1
Murshidabad,2007,2.86747,800,28,70,50,30,6.5,0.5,20,50,2.6089,1
Murshidabad,2008,2.81277,800,28,70,50,30,6.5,0.5,20,50,2.86747,1
Murshidabad,2009,2.78853,800,28,70,50,30,6.5,0.5,20,50,2.81277,1
Murshidabad,2010,2.83296,800,28,70,50,30,6.5,0.5,20,50,2.78853,1
Murshidabad,2011,2.72722,800,28,70,50,30,6.5,0.5,20,50,2.83296,1
Murshidabad,2012,2.7631300000000003,800,28,70,50,30,6.5,0.5,20,50,2.72722,1
Murshidabad,2013,3.1839299999999997,800,28,70,50,30,6.5,0.5,20,50,2.7631300000000003,1
Murshidabad,2014,3.23978,800,28,70,50,30,6.5,0.5,20,50,3.1839299999999997,1
Murshidabad,2015,3.28264,800,28,70,50,30,6.5,0.5,20,50,3.23978,1
Murshidabad,2016,3.29258,800,28,70,50,30,6.5,0.5,20,50,3.28264,1
Murshidabad,2017,3.20558,800,28,70,50,30,6.5,0.5,20,50,3.29258,1
Burdwan,1990,2.53373,800,28,70,50,30,6.5,0.5,20,50,3.20558,1
Burdwan,1991,2.7350100000000004,800,28,70,50,30,6.5,0.5,20,50,2.53373,1
Burdwan,1992,2.58707,800,28,70,50,30,6.5,0.5,20,50,2.7350100000000004,1
Burdwan,1993,2.71008,800,28,70,50,30,6.5,0.5,20,50,2.58707,1
Burdwan,1994,2.79833,800,28,70,50,30,6.5,0.5,20,50,2.71008,1
Burdwan,1995,2.71099,800,28,70,50,30,6.5,0.5,20,50,2.79833,1
Burdwan,1996,2.7808,800,28,70,50,30,6.5,0.5,20,50,2.71099,1
Burdwan,1997,2.9520500000000003,800,28,70,50,30,6.5,0.5,20,50,2.7808,1
Burdwan,1998,3.06155,800,28,70,50,30,6.5,0.5,20,50,2.9520500000000003,1
Burdwan,1999,2.74048,800,28,70,50,30,6.5,0.5,20,50,3.06155,1
Burdwan,2000,2.69699,800,28,70,50,30,6.5,0.5,20,50,2.74048,1
Burdwan,2001,2.92478,800,28,70,50,30,6.5,0.5,20,50,2.69699,1
Burdwan,2002,2.9829,800,28,70,50,30,6.5,0.5,20,50,2.92478,1
Burdwan,2003,3.06326,800,28,70,50,30,6.5,0.5,20,50,2.9829,1
Burdwan,2004,2.98489,800,28,70,50,30,6.5,0.5,20,50,3.06326,1
Burdwan,2005,3.08053,800,28,70,50,30,6.5,0.5,20,50,2.98489,1
Burdwan,2006,3.05999,800,28,70,50,30,6.5,0.5,20,50,3.08053,1
Burdwan,2007,2.92325,800,28,70,50,30,6.5,0.5,20,50,3.05999,1
Burdwan,2008,2.815,800,28,70,50,30,6.5,0.5,20,50,2.92325,1
Burdwan,2009,3.05011,800,28,70,50,30,6.5,0.5,20,50,2.815,1
Burdwan,2010,2.9597800000000003,800,28,70,50,30,6.5,0.5,20,50,3.05011,1
Burdwan,2011,2.95094,800,28,70,50,30,6.5,0.5,20,50,2.9597800000000003,1
Burdwan,2012,3.23963,800,28,70,50,30,6.5,0.5,20,50,2.95094,1
Burdwan,2013,3.33772,800,28,70,50,30,6.5,0.5,20,50,3.23963,1
Burdwan,2014,3.25063,800,28,70,50,30,6.5,0.5,20,50,3.33772,1
Burdwan,2015,3.36998,800,28,70,50,30,6.5,0.5,20,50,3.25063,1
Burdwan,2016,3.0691599999999997,800,28,70,50,30,6.5,0.5,20,50,3.36998,1
Burdwan,2017,3.06836,800,28,70,50,30,6.5,0.5,20,50,3.0691599999999997,1
Birbhum,1990,2.1582800000000004,800,28,70,50,30,6.5,0.5,20,50,3.06836,1
Birbhum,1991,2.2924,800,28,70,50,30,6.5,0.5,20,50,2.1582800000000004,1
Birbhum,1992,2.33629,800,28,70,50,30,6.5,0.5,20,50,2.2924,1
Birbhum,1993,2.2425900000000003,800,28,70,50,30,6.5,0.5,20,50,2.33629,1
Birbhum,1994,2.26645,800,28,70,50,30,6.5,0.5,20,50,2.2425900000000003,1
Birbhum,1995,2.11324,800,28,70,50,30,6.5,0.5,20,50,2.26645,1
Birbhum,1996,2.4490700000000003,800,28,70,50,30,6.5,0.5,20,50,2.11324,1
Birbhum,1997,2.76829,800,28,70,50,30,6.5,0.5,20,50,2.4490700000000003,1
Birbhum,1998,2.97461,800,28,70,50,30,6.5,0.5,20,50,2.76829,1
Birbhum,1999,2.6452,800,28,70,50,30,6.5,0.5,20,50,2.97461,1
Birbhum,2000,2.50322,800,28,70,50,30,6.5,0.5,20,50,2.6452,1
Birbhum,2001,2.9366999999999996,800,28,70,50,30,6.5,0.5,20,50,2.50322,1
Birbhum,2002,2.85602,800,28,70,50,30,6.5,0.5,20,50,2.9366999999999996,1
Birbhum,2003,2.95081,800,28,70,50,30,6.5,0.5,20,50,2.85602,1
Birbhum,2004,2.80492,800,28,70,50,30,6.5,0.5,20,50,2.95081,1
Birbhum,2005,3.0290100000000004,800,28,70,50,30,6.5,0.5,20,50,2.80492,1
Birbhum,2006,3.1283499999999997,800,28,70,50,30,6.5,0.5,20,50,3.0290100000000004,1
Birbhum,2007,3.09822,800,28,70,50,30,6.5,0.5,20,50,3.1283499999999997,1
Birbhum,2008,3.07794,800,28,70,50,30,6.5,0.5,20,50,3.09822,1
Birbhum,2009,2.68596,800,28,70,50,30,6.5,0.5,20,50,3.07794,1
Birbhum,2010,3.00345,800,28,70,50,30,6.5,0.5,20,50,2.68596,1
Birbhum,2011,2.9125300000000003,800,28,70,50,30,6.5,0.5,20,50,3.00345,1
Birbhum,2012,2.91389,800,28,70,50,30,6.5,0.5,20,50,2.9125300000000003,1
Birbhum,2013,3.31271,800,28,70,50,30,6.5,0.5,20,50,2.91389,1
Birbhum,2014,3.2799099999999997,800,28,70,50,30,6.5,0.5,20,50,3.31271,1
Birbhum,2015,3.35579,800,28,70,50,30,6.5,0.5,20,50,3.2799099999999997,1
Birbhum,2016,3.2593,800,28,70,50,30,6.5,0.5,20,50,3.35579,1
Birbhum,2017,3.2469699999999997,800,28,70,50,30,6.5,0.5,20,50,3.2593,1
Bankura,1990,1.94073,800,28,70,50,30,6.5,0.5,20,50,3.2469699999999997,1
Bankura,1991,2.29457,800,28,70,50,30,6.5,0.5,20,50,1.94073,1
Bankura,1992,2.11498,800,28,70,50,30,6.5,0.5,20,50,2.29457,1
Bankura,1993,2.1806900000000002,800,28,70,50,30,6.5,0.5,20,50,2.11498,1
Bankura,1994,2.3199,800,28,70,50,30,6.5,0.5,20,50,2.1806900000000002,1
Bankura,1995,2.41635,800,28,70,50,30,6.5,0.5,20,50,2.3199,1
Bankura,1996,2.46504,800,28,70,50,30,6.5,0.5,20,50,2.41635,1
Bankura,1997,2.73818,800,28,70,50,30,6.5,0.5,20,50,2.46504,1
Bankura,1998,2.4066199999999998,800,28,70,50,30,6.5,0.5,20,50,2.73818,1
Bankura,1999,2.41934,800,28,70,50,30,6.5,0.5,20,50,2.4066199999999998,1
Bankura,2000,2.51134,800,28,70,50,30,6.5,0.5,20,50,2.41934,1
Bankura,2001,2.80083,800,28,70,50,30,6.5,0.5,20,50,2.51134,1
Bankura,2002,2.9009099999999997,800,28,70,50,30,6.5,0.5,20,50,2.80083,1
Bankura,2003,2.70525,800,28,70,50,30,6.5,0.5,20,50,2.9009099999999997,1
Bankura,2004,2.76357,800,28,70,50,30,6.5,0.5,20,50,2.70525,1
Bankura,2005,2.61914,800,28,70,50,30,6.5,0.5,20,50,2.76357,1
Bankura,2006,2.79678,800,28,70,50,30,6.5,0.5,20,50,2.61914,1
Bankura,2007,2.81574,800,28,70,50,30,6.5,0.5,20,50,2.79678,1
Bankura,2008,2.76421,800,28,70,50,30,6.5,0.5,20,50,2.81574,1
Bankura,2009,2.6634,800,28,70,50,30,6.5,0.5,20,50,2.76421,1
Bankura,2010,2.5628200000000003,800,28,70,50,30,6.5,0.5,20,50,2.6634,1
Bankura,2011,2.9696,800,28,70,50,30,6.5,0.5,20,50,2.5628200000000003,1
Bankura,2012,2.7471900000000002,800,28,70,50,30,6.5,0.5,20,50,2.9696,1
Bankura,2013,2.76836,800,28,70,50,30,6.5,0.5,20,50,2.7471900000000002,1
Bankura,2014,2.7638000000000003,800,28,70,50,30,6.5,0.5,20,50,2.76836,1
Bankura,2015,2.74712,800,28,70,50,30,6.5,0.5,20,50,2.7638000000000003,1
Bankura,2016,2.8097800000000004,800,28,70,50,30,6.5,0.5,20,50,2.74712,1
Bankura,2017,2.81187,800,28,70,50,30,6.5,0.5,20,50,2.8097800000000004,1
Hooghly,1990,2.21827,800,28,70,50,30,6.5,0.5,20,50,2.81187,1
Hooghly,1991,2.5358,800,28,70,50,30,6.5,0.5,20,50,2.21827,1
Hooghly,1992,2.29343,800,28,70,50,30,6.5,0.5,20,50,2.5358,1
Hooghly,1993,2.46217,800,28,70,50,30,6.5,0.5,20,50,2.29343,1
Hooghly,1994,2.60866,800,28,70,50,30,6.5,0.5,20,50,2.46217,1
Hooghly,1995,2.28496,800,28,70,50,30,6.5,0.5,20,50,2.60866,1
Hooghly,1996,2.50077,800,28,70,50,30,6.5,0.5,20,50,2.28496,1
Hooghly,1997,2.6466399999999997,800,28,70,50,30,6.5,0.5,20,50,2.50077,1
Hooghly,1998,2.56127,800,28,70,50,30,6.5,0.5,20,50,2.6466399999999997,1
Hooghly,1999,2.45921,800,28,70,50,30,6.5,0.5,20,50,2.56127,1
Hooghly,2000,2.5273499999999998,800,28,70,50,30,6.5,0.5,20,50,2.45921,1
Hooghly,2001,2.72513,800,28,70,50,30,6.5,0.5,20,50,2.5273499999999998,1
Hooghly,2002,2.55607,800,28,70,50,30,6.5,0.5,20,50,2.72513,1
Hooghly,2003,2.65981,800,28,70,50,30,6.5,0.5,20,50,2.55607,1
Hooghly,2004,2.82058,800,28,70,50,30,6.5,0.5,20,50,2.65981,1
Hooghly,2005,2.73895,800,28,70,50,30,6.5,0.5,20,50,2.82058,1
Hooghly,2006,2.83038,800,28,70,50,30,6.5,0.5,20,50,2.73895,1
Hooghly,2007,2.8002,800,28,70,50,30,6.5,0.5,20,50,2.83038,1
Hooghly,2008,2.86654,800,28,70,50,30,6.5,0.5,20,50,2.8002,1
Hooghly,2009,2.87196,800,28,70,50,30,6.5,0.5,20,50,2.86654,1
Hooghly,2010,3.09252,800,28,70,50,30,6.5,0.5,20,50,2.87196,1
Hooghly,2011,2.9106799999999997,800,28,70,50,30,6.5,0.5,20,50,3.09252,1
Hooghly,2012,2.9001300000000003,800,28,70,50,30,6.5,0.5,20,50,2.9106799999999997,1
Hooghly,2013,2.82374,800,28,70,50,30,6.5,0.5,20,50,2.9001300000000003,1
Hooghly,2014,3.11578,800,28,70,50,30,6.5,0.5,20,50,2.82374,1
Hooghly,2015,3.13839,800,28,70,50,30,6.5,0.5,20,50,3.11578,1
Hooghly,2016,3.13559,800,28,70,50,30,6.5,0.5,20,50,3.13839,1
Hooghly,2017,3.22491,800,28,70,50,30,6.5,0.5,20,50,3.13559,1
Howrah,1990,1.74656,800,28,70,50,30,6.5,0.5,20,50,3.22491,1
Howrah,1991,2.44559,800,28,70,50,30,6.5,0.5,20,50,1.74656,1
Howrah,1992,2.02947,800,28,70,50,30,6.5,0.5,20,50,2.44559,1
Howrah,1993,1.84737,800,28,70,50,30,6.5,0.5,20,50,2.02947,1
Howrah,1994,1.8360999999999998,800,28,70,50,30,6.5,0.5,20,50,1.84737,1
Howrah,1995,1.49535,800,28,70,50,30,6.5,0.5,20,50,1.8360999999999998,1
Howrah,1996,1.85679,800,28,70,50,30,6.5,0.5,20,50,1.49535,1
Howrah,1997,1.9434500000000001,800,28,70,50,30,6.5,0.5,20,50,1.85679,1
Howrah,1998,1.8952,800,28,70,50,30,6.5,0.5,20,50,1.9434500000000001,1
Howrah,1999,2.20559,800,28,70,50,30,6.5,0.5,20,50,1.8952,1
Howrah,2000,1.9793399999999999,800,28,70,50,30,6.5,0.5,20,50,2.20559,1
Howrah,2001,2.34415,800,28,70,50,30,6.5,0.5,20,50,1.9793399999999999,1
Howrah,2002,2.1422600000000003,800,28,70,50,30,6.5,0.5,20,50,2.34415,1
Howrah,2003,2.35087,800,28,70,50,30,6.5,0.5,20,50,2.1422600000000003,1
Howrah,2004,2.29689,800,28,70,50,30,6.5,0.5,20,50,2.35087,1
Howrah,2005,2.27806,800,28,70,50,30,6.5,0.5,20,50,2.29689,1
Howrah,2006,2.0844699999999996,800,28,70,50,30,6.5,0.5,20,50,2.27806,1
Howrah,2007,2.20034,800,28,70,50,30,6.5,0.5,20,50,2.0844699999999996,1
Howrah,2008,1.79532,800,28,70,50,30,6.5,0.5,20,50,2.20034,1
Howrah,2009,1.67719,800,28,70,50,30,6.5,0.5,20,50,1.79532,1
Howrah,2010,2.6393,800,28,70,50,30,6.5,0.5,20,50,1.67719,1
Howrah,2011,2.1049,800,28,70,50,30,6.5,0.5,20,50,2.6393,1
Howrah,2012,2.57917,800,28,70,50,30,6.5,0.5,20,50,2.1049,1
Howrah,2013,2.5324899999999997,800,28,70,50,30,6.5,0.5,20,50,2.57917,1
Howrah,2014,2.72998,800,28,70,50,30,6.5,0.5,20,50,2.5324899999999997,1
Howrah,2015,1.9696900000000002,800,28,70,50,30,6.5,0.5,20,50,2.72998,1
Howrah,2016,2.58508,800,28,70,50,30,6.5,0.5,20,50,1.9696900000000002,1
Howrah,2017,2.72404,800,28,70,50,30,6.5,0.5,20,50,2.58508,1
Jalpaiguri,1990,0.90675,800,28,70,50,30,6.5,0.5,20,50,2.72404,1
Jalpaiguri,1991,1.37872,800,28,70,50,30,6.5,0.5,20,50,0.90675,1
Jalpaiguri,1992,1.3085799999999999,800,28,70,50,30,6.5,0.5,20,50,1.37872,1
Jalpaiguri,1993,1.27241,800,28,70,50,30,6.5,0.5,20,50,1.3085799999999999,1
Jalpaiguri,1994,1.1233,800,28,70,50,30,6.5,0.5,20,50,1.27241,1
Jalpaiguri,1995,1.23563,800,28,70,50,30,6.5,0.5,20,50,1.1233,1
Jalpaiguri,1996,1.1174000000000002,800,28,70,50,30,6.5,0.5,20,50,1.23563,1
Jalpaiguri,1997,1.268,800,28,70,50,30,6.5,0.5,20,50,1.1174000000000002,1
Jalpaiguri,1998,1.1621199999999998,800,28,70,50,30,6.5,0.5,20,50,1.268,1
Jalpaiguri,1999,1.47079,800,28,70,50,30,6.5,0.5,20,50,1.1621199999999998,1
Jalpaiguri,2000,1.47265,800,28,70,50,30,6.5,0.5,20,50,1.47079,1
Jalpaiguri,2001,1.60071,800,28,70,50,30,6.5,0.5,20,50,1.47265,1
Jalpaiguri,2002,1.57152,800,28,70,50,30,6.5,0.5,20,50,1.60071,1
Jalpaiguri,2003,1.655,800,28,70,50,30,6.5,0.5,20,50,1.57152,1
Jalpaiguri,2004,1.46401,800,28,70,50,30,6.5,0.5,20,50,1.655,1
Jalpaiguri,2005,1.58782,800,28,70,50,30,6.5,0.5,20,50,1.46401,1
Jalpaiguri,2006,1.8240999999999998,800,28,70,50,30,6.5,0.5,20,50,1.58782,1
Jalpaiguri,2007,1.5773,800,28,70,50,30,6.5,0.5,20,50,1.8240999999999998,1
Jalpaiguri,2008,1.6611500000000001,800,28,70,50,30,6.5,0.5,20,50,1.5773,1
Jalpaiguri,2009,1.91341,800,28,70,50,30,6.5,0.5,20,50,1.6611500000000001,1
Jalpaiguri,2010,2.20311,800,28,70,50,30,6.5,0.5,20,50,1.91341,1
Jalpaiguri,2011,2.09086,800,28,70,50,30,6.5,0.5,20,50,2.20311,1
Jalpaiguri,2012,2.1606199999999998,800,28,70,50,30,6.5,0.5,20,50,2.09086,1
Jalpaiguri,2013,2.27803,800,28,70,50,30,6.5,0.5,20,50,2.1606199999999998,1
Jalpaiguri,2014,2.4371,800,28,70,50,30,6.5,0.5,20,50,2.27803,1
Jalpaiguri,2015,2.5262,800,28,70,50,30,6.5,0.5,20,50,2.4371,1
Jalpaiguri,2016,2.2913,800,28,70,50,30,6.5,0.5,20,50,2.5262,1
Jalpaiguri,2017,2.40054,800,28,70,50,30,6.5,0.5,20,50,2.2913,1
Darjeeling,1990,1.16805,800,28,70,50,30,6.5,0.5,20,50,2.40054,1
Darjeeling,1991,1.51319,800,28,70,50,30,6.5,0.5,20,50,1.16805,1
Darjeeling,1992,1.38618,800,28,70,50,30,6.5,0.5,20,50,1.51319,1
Darjeeling,1993,1.5903399999999999,800,28,70,50,30,6.5,0.5,20,50,1.38618,1
Darjeeling,1994,1.46834,800,28,70,50,30,6.5,0.5,20,50,1.5903399999999999,1
Darjeeling,1995,1.27367,800,28,70,50,30,6.5,0.5,20,50,1.46834,1
Darjeeling,1996,1.05672,800,28,70,50,30,6.5,0.5,20,50,1.27367,1
Darjeeling,1997,1.1122400000000001,800,28,70,50,30,6.5,0.5,20,50,1.05672,1
Darjeeling,1998,1.07931,800,28,70,50,30,6.5,0.5,20,50,1.1122400000000001,1
Darjeeling,1999,1.44279,800,28,70,50,30,6.5,0.5,20,50,1.07931,1
Darjeeling,2000,1.54921,800,28,70,50,30,6.5,0.5,20,50,1.44279,1
Darjeeling,2001,1.64482,800,28,70,50,30,6.5,0.5,20,50,1.54921,1
Darjeeling,2002,1.65348,800,28,70,50,30,6.5,0.5,20,50,1.64482,1
Darjeeling,2003,1.83447,800,28,70,50,30,6.5,0.5,20,50,1.65348,1
Darjeeling,2004,1.37082,800,28,70,50,30,6.5,0.5,20,50,1.83447,1
Darjeeling,2005,1.69844,800,28,70,50,30,6.5,0.5,20,50,1.37082,1
Darjeeling,2006,1.86605,800,28,70,50,30,6.5,0.5,20,50,1.69844,1
Darjeeling,2007,1.8478299999999999,800,28,70,50,30,6.5,0.5,20,50,1.86605,1
Darjeeling,2008,2.11385,800,28,70,50,30,6.5,0.5,20,50,1.8478299999999999,1
Darjeeling,2009,2.33437,800,28,70,50,30,6.5,0.5,20,50,2.11385,1
Darjeeling,2010,2.41166,800,28,70,50,30,6.5,0.5,20,50,2.33437,1
Darjeeling,2011,2.34871,800,28,70,50,30,6.5,0.5,20,50,2.41166,1
Darjeeling,2012,2.0839000000000003,800,28,70,50,30,6.5,0.5,20,50,2.34871,1
Darjeeling,2013,2.24813,800,28,70,50,30,6.5,0.5,20,50,2.0839000000000003,1
Darjeeling,2014,2.10504,800,28,70,50,30,6.5,0.5,20,50,2.24813,1
Darjeeling,2015,2.3611500000000003,800,28,70,50,30,6.5,0.5,20,50,2.10504,1
Darjeeling,2016,2.20481,800,28,70,50,30,6.5,0.5,20,50,2.3611500000000003,1
Darjeeling,2017,2.31988,800,28,70,50,30,6.5,0.5,20,50,2.20481,1
Malda,1990,1.86612,800,28,70,50,30,6.5,0.5,20,50,2.31988,1
Malda,1991,1.83145,800,28,70,50,30,6.5,0.5,20,50,1.86612,1
Malda,1992,1.83723,800,28,70,50,30,6.5,0.5,20,50,1.83145,1
Malda,1993,2.27754,800,28,70,50,30,6.5,0.5,20,50,1.83723,1
Malda,1994,2.13583,800,28,70,50,30,6.5,0.5,20,50,2.27754,1
Malda,1995,2.07806,800,28,70,50,30,6.5,0.5,20,50,2.13583,1
Malda,1996,2.39467,800,28,70,50,30,6.5,0.5,20,50,2.07806,1
Malda,1997,2.4141999999999997,800,28,70,50,30,6.5,0.5,20,50,2.39467,1
Malda,1998,2.14736,800,28,70,50,30,6.5,0.5,20,50,2.4141999999999997,1
Malda,1999,2.25154,800,28,70,50,30,6.5,0.5,20,50,2.14736,1
Malda,2000,2.35979,800,28,70,50,30,6.5,0.5,20,50,2.25154,1
Malda,2001,2.5130500000000002,800,28,70,50,30,6.5,0.5,20,50,2.35979,1
Malda,2002,2.54477,800,28,70,50,30,6.5,0.5,20,50,2.5130500000000002,1
Malda,2003,2.7446599999999997,800,28,70,50,30,6.5,0.5,20,50,2.54477,1
Malda,2004,3.0445900000000004,800,28,70,50,30,6.5,0.5,20,50,2.7446599999999997,1
Malda,2005,2.90984,800,28,70,50,30,6.5,0.5,20,50,3.0445900000000004,1
Malda,2006,3.05089,800,28,70,50,30,6.5,0.5,20,50,2.90984,1
Malda,2007,3.26137,800,28,70,50,30,6.5,0.5,20,50,3.05089,1
Malda,2008,2.96256,800,28,70,50,30,6.5,0.5,20,50,3.26137,1
Malda,2009,2.8344099999999997,800,28,70,50,30,6.5,0.5,20,50,2.96256,1
Malda,2010,3.1404699999999997,800,28,70,50,30,6.5,0.5,20,50,2.8344099999999997,1
Malda,2011,2.9862399999999996,800,28,70,50,30,6.5,0.5,20,50,3.1404699999999997,1
Malda,2012,3.10501,800,28,70,50,30,6.5,0.5,20,50,2.9862399999999996,1
Malda,2013,3.54364,800,28,70,50,30,6.5,0.5,20,50,3.10501,1
Malda,2014,3.46525,800,28,70,50,30,6.5,0.5,20,50,3.54364,1
Malda,2015,3.41827,800,28,70,50,30,6.5,0.5,20,50,3.46525,1
Malda,2016,3.4013,800,28,70,50,30,6.5,0.5,20,50,3.41827,1
Malda,2017,2.9446,800,28,70,50,30,6.5,0.5,20,50,3.4013,1
Cooch Behar,1990,1.31471,800,28,70,50,30,6.5,0.5,20,50,2.9446,1
Cooch Behar,1991,1.26624,800,28,70,50,30,6.5,0.5,20,50,1.31471,1
Cooch Behar,1992,1.28438,800,28,70,50,30,6.5,0.5,20,50,1.26624,1
Cooch Behar,1993,1.38061,800,28,70,50,30,6.5,0.5,20,50,1.28438,1
Cooch Behar,1994,1.24245,800,28,70,50,30,6.5,0.5,20,50,1.38061,1
Cooch Behar,1995,1.2724300000000002,800,28,70,50,30,6.5,0.5,20,50,1.24245,1
Cooch Behar,1996,1.36379,800,28,70,50,30,6.5,0.5,20,50,1.2724300000000002,1
Cooch Behar,1997,1.34862,800,28,70,50,30,6.5,0.5,20,50,1.36379,1
Cooch Behar,1998,1.3062,800,28,70,50,30,6.5,0.5,20,50,1.34862,1
Cooch Behar,1999,1.50477,800,28,70,50,30,6.5,0.5,20,50,1.3062,1
Cooch Behar,2000,1.7721099999999999,800,28,70,50,30,6.5,0.5,20,50,1.50477,1
Cooch Behar,2001,1.6715499999999999,800,28,70,50,30,6.5,0.5,20,50,1.7721099999999999,1
Cooch Behar,2002,1.67554,800,28,70,50,30,6.5,0.5,20,50,1.6715499999999999,1
Cooch Behar,2003,1.8659100000000002,800,28,70,50,30,6.5,0.5,20,50,1.67554,1
Cooch Behar,2004,1.7569000000000001,800,28,70,50,30,6.5,0.5,20,50,1.8659100000000002,1
Cooch Behar,2005,1.9450999999999998,800,28,70,50,30,6.5,0.5,20,50,1.7569000000000001,1
Cooch Behar,2006,1.86172,800,28,70,50,30,6.5,0.5,20,50,1.9450999999999998,1
Cooch Behar,2007,1.76763,800,28,70,50,30,6.5,0.5,20,50,1.86172,1
Cooch Behar,2008,1.61524,800,28,70,50,30,6.5,0.5,20,50,1.76763,1
Cooch Behar,2009,2.04745,800,28,70,50,30,6.5,0.5,20,50,1.61524,1
Cooch Behar,2010,2.3861,800,28,70,50,30,6.5,0.5,20,50,2.04745,1
Cooch Behar,2011,2.19808,800,28,70,50,30,6.5,0.5,20,50,2.3861,1
Cooch Behar,2012,2.41266,800,28,70,50,30,6.5,0.5,20,50,2.19808,1
Cooch Behar,2013,2.66529,800,28,70,50,30,6.5,0.5,20,50,2.41266,1
Cooch Behar,2014,2.59598,800,28,70,50,30,6.5,0.5,20,50,2.66529,1
Cooch Behar,2015,2.6734400000000003,800,28,70,50,30,6.5,0.5,20,50,2.59598,1
Cooch Behar,2016,2.60644,800,28,70,50,30,6.5,0.5,20,50,2.6734400000000003,1
Cooch Behar,2017,2.72915,800,28,70,50,30,6.5,0.5,20,50,2.60644,1
Purulia,1990,1.3066300000000002,800,28,70,50,30,6.5,0.5,20,50,2.72915,1
Purulia,1991,1.436,800,28,70,50,30,6.5,0.5,20,50,1.3066300000000002,1
Purulia,1992,1.4761300000000002,800,28,70,50,30,6.5,0.5,20,50,1.436,1
Purulia,1993,1.49849,800,28,70,50,30,6.5,0.5,20,50,1.4761300000000002,1
Purulia,1994,1.70378,800,28,70,50,30,6.5,0.5,20,50,1.49849,1
Purulia,1995,1.58819,800,28,70,50,30,6.5,0.5,20,50,1.70378,1
Purulia,1996,1.58619,800,28,70,50,30,6.5,0.5,20,50,1.58819,1
Purulia,1997,1.8898,800,28,70,50,30,6.5,0.5,20,50,1.58619,1
Purulia,1998,1.47375,800,28,70,50,30,6.5,0.5,20,50,1.8898,1
Purulia,1999,1.82549,800,28,70,50,30,6.5,0.5,20,50,1.47375,1
Purulia,2000,1.8115899999999998,800,28,70,50,30,6.5,0.5,20,50,1.82549,1
Purulia,2001,2.5284,800,28,70,50,30,6.5,0.5,20,50,1.8115899999999998,1
Purulia,2002,2.11444,800,28,70,50,30,6.5,0.5,20,50,2.5284,1
Purulia,2003,2.17163,800,28,70,50,30,6.5,0.5,20,50,2.11444,1
Purulia,2004,2.3259000000000003,800,28,70,50,30,6.5,0.5,20,50,2.17163,1
Purulia,2005,1.98105,800,28,70,50,30,6.5,0.5,20,50,2.3259000000000003,1
Purulia,2006,2.6069299999999997,800,28,70,50,30,6.5,0.5,20,50,1.98105,1
Purulia,2007,2.44884,800,28,70,50,30,6.5,0.5,20,50,2.6069299999999997,1
Purulia,2008,2.4724299999999997,800,28,70,50,30,6.5,0.5,20,50,2.44884,1
Purulia,2009,2.25367,800,28,70,50,30,6.5,0.5,20,50,2.4724299999999997,1
Purulia,2010,1.7119000000000002,800,28,70,50,30,6.5,0.5,20,50,2.25367,1
Purulia,2011,2.7064899999999996,800,28,70,50,30,6.5,0.5,20,50,1.7119000000000002,1
Purulia,2012,2.52725,800,28,70,50,30,6.5,0.5,20,50,2.7064899999999996,1
Purulia,2013,2.41528,800,28,70,50,30,6.5,0.5,20,50,2.52725,1
Purulia,2014,2.14293,800,28,70,50,30,6.5,0.5,20,50,2.41528,1
Purulia,2015,1.83897,800,28,70,50,30,6.5,0.5,20,50,2.14293,1
Purulia,2016,2.34745,800,28,70,50,30,6.5,0.5,20,50,1.83897,1
Purulia,2017,2.75089,800,28,70,50,30,6.5,0.5,20,50,2.34745,1
Midnapur,1990,1.49223,800,28,70,50,30,6.5,0.5,20,50,2.75089,1
Midnapur,1991,2.12094,800,28,70,50,30,6.5,0.5,20,50,1.49223,1
Midnapur,1992,2.02145,800,28,70,50,30,6.5,0.5,20,50,2.12094,1
Midnapur,1993,1.9657200000000001,800,28,70,50,30,6.5,0.5,20,50,2.02145,1
Midnapur,1994,2.14448,800,28,70,50,30,6.5,0.5,20,50,1.9657200000000001,1
Midnapur,1995,1.93746,800,28,70,50,30,6.5,0.5,20,50,2.14448,1
Midnapur,1996,2.16798,800,28,70,50,30,6.5,0.5,20,50,1.93746,1
Midnapur,1997,2.14963,800,28,70,50,30,6.5,0.5,20,50,2.16798,1
Midnapur,1998,1.96573,800,28,70,50,30,6.5,0.5,20,50,2.14963,1
Midnapur,1999,2.18581,800,28,70,50,30,6.5,0.5,20,50,1.96573,1
Midnapur,2000,2.3313800000000002,800,28,70,50,30,6.5,0.5,20,50,2.18581,1
Midnapur,2001,2.5179,800,28,70,50,30,6.5,0.5,20,50,2.3313800000000002,1
Midnapur,2002,2.41654,800,28,70,50,30,6.5,0.5,20,50,2.5179,1
Midnapur,2003,2.3439,800,28,70,50,30,6.5,0.5,20,50,2.41654,1
Midnapur,2004,2.6152100000000003,800,28,70,50,30,6.5,0.5,20,50,2.3439,1
Midnapur,2005,2.26057,800,28,70,50,30,6.5,0.5,20,50,2.6152100000000003,1
Midnapur,2006,2.5329200000000003,800,28,70,50,30,6.5,0.5,20,50,2.26057,1
Midnapur,2007,2.50401,800,28,70,50,30,6.5,0.5,20,50,2.5329200000000003,1
Midnapur,2008,2.43102,800,28,70,50,30,6.5,0.5,20,50,2.50401,1
Midnapur,2009,2.50704,800,28,70,50,30,6.5,0.5,20,50,2.43102,1
Midnapur,2010,2.76441,800,28,70,50,30,6.5,0.5,20,50,2.50704,1
Midnapur,2011,2.63806,800,28,70,50,30,6.5,0.5,20,50,2.76441,1
Midnapur,2012,2.6890300000000003,800,28,70,50,30,6.5,0.5,20,50,2.63806,1
Midnapur,2013,2.36891,800,28,70,50,30,6.5,0.5,20,50,2.6890300000000003,1
Midnapur,2014,2.73146,800,28,70,50,30,6.5,0.5,20,50,2.36891,1
Midnapur,2015,2.8298400000000004,800,28,70,50,30,6.5,0.5,20,50,2.73146,1
Midnapur,2016,2.88639,800,28,70,50,30,6.5,0.5,20,50,2.8298400000000004,1
Midnapur,2017,3.09158,800,28,70,50,30,6.5,0.5,20,50,2.88639,1
West Dinajpur,1996,1.93415,800,28,70,50,30,6.5,0.5,20,50,3.09158,1
West Dinajpur,1997,2.00301,800,28,70,50,30,6.5,0.5,20,50,1.93415,1
West Dinajpur,1998,2.16864,800,28,70,50,30,6.5,0.5,20,50,2.00301,1
West Dinajpur,1999,1.9744300000000001,800,28,70,50,30,6.5,0.5,20,50,2.16864,1
West Dinajpur,2000,2.21877,800,28,70,50,30,6.5,0.5,20,50,1.9744300000000001,1
West Dinajpur,2001,1.99615,800,28,70,50,30,6.5,0.5,20,50,2.21877,1
West Dinajpur,2002,2.13002,800,28,70,50,30,6.5,0.5,20,50,1.99615,1
West Dinajpur,2003,2.40086,800,28,70,50,30,6.5,0.5,20,50,2.13002,1
West Dinajpur,2004,2.47304,800,28,70,50,30,6.5,0.5,20,50,2.40086,1
West Dinajpur,2005,2.4638400000000003,800,28,70,50,30,6.5,0.5,20,50,2.47304,1
West Dinajpur,2006,2.3473200000000003,800,28,70,50,30,6.5,0.5,20,50,2.4638400000000003,1
West Dinajpur,2007,2.45407,800,28,70,50,30,6.5,0.5,20,50,2.3473200000000003,1
West Dinajpur,2008,2.37158,800,28,70,50,30,6.5,0.5,20,50,2.45407,1
West Dinajpur,2009,2.28917,800,28,70,50,30,6.5,0.5,20,50,2.37158,1
West Dinajpur,2010,2.7686599999999997,800,28,70,50,30,6.5,0.5,20,50,2.28917,1
West Dinajpur,2011,2.6438699999999997,800,28,70,50,30,6.5,0.5,20,50,2.7686599999999997,1
West Dinajpur,2012,2.6567,800,28,70,50,30,6.5,0.5,20,50,2.6438699999999997,1
West Dinajpur,2013,2.62338,800,28,70,50,30,6.5,0.5,20,50,2.6567,1
West Dinajpur,2014,2.80431,800,28,70,50,30,6.5,0.5,20,50,2.62338,1
West Dinajpur,2015,2.8800100000000004,800,28,70,50,30,6.5,0.5,20,50,2.80431,1
West Dinajpur,2016,2.83493,800,28,70,50,30,6.5,0.5,20,50,2.8800100000000004,1
West Dinajpur,2017,2.58908,800,28,70,50,30,6.5,0.5,20,50,2.83493,1
Champaran,1990,1.18302,800,28,70,50,30,6.5,0.5,20,50,2.58908,1
Champaran,1991,1.14106,800,28,70,50,30,6.5,0.5,20,50,1.18302,1
Champaran,1992,0.9900800000000001,800,28,70,50,30,6.5,0.5,20,50,1.14106,1
Champaran,1993,1.4830699999999999,800,28,70,50,30,6.5,0.5,20,50,0.9900800000000001,1
Champaran,1994,1.09178,800,28,70,50,30,6.5,0.5,20,50,1.4830699999999999,1
Champaran,1995,1.47622,800,28,70,50,30,6.5,0.5,20,50,1.09178,1
Champaran,1996,1.29528,800,28,70,50,30,6.5,0.5,20,50,1.47622,1
Champaran,1997,1.62951,800,28,70,50,30,6.5,0.5,20,50,1.29528,1
Champaran,1998,1.4149200000000002,800,28,70,50,30,6.5,0.5,20,50,1.62951,1
Champaran,1999,2.75547,800,28,70,50,30,6.5,0.5,20,50,1.4149200000000002,1
Champaran,2000,1.59179,800,28,70,50,30,6.5,0.5,20,50,2.75547,1
Champaran,2001,1.42316,800,28,70,50,30,6.5,0.5,20,50,1.59179,1
Champaran,2002,1.5433800000000002,800,28,70,50,30,6.5,0.5,20,50,1.42316,1
Champaran,2003,1.43692,800,28,70,50,30,6.5,0.5,20,50,1.5433800000000002,1
Champaran,2004,0.76512,800,28,70,50,30,6.5,0.5,20,50,1.43692,1
Champaran,2005,1.11683,800,28,70,50,30,6.5,0.5,20,50,0.76512,1
Champaran,2006,0.9209299999999999,800,28,70,50,30,6.5,0.5,20,50,1.11683,1
Champaran,2007,0.59517,800,28,70,50,30,6.5,0.5,20,50,0.9209299999999999,1
Champaran,2008,1.53183,800,28,70,50,30,6.5,0.5,20,50,0.59517,1
Champaran,2009,0.88259,800,28,70,50,30,6.5,0.5,20,50,1.53183,1
Champaran,2010,0.89773,800,28,70,50,30,6.5,0.5,20,50,0.88259,1
Champaran,2011,2.0588200000000003,800,28,70,50,30,6.5,0.5,20,50,0.89773,1
Champaran,2012,2.09524,800,28,70,50,30,6.5,0.5,20,50,2.0588200000000003,1
Champaran,2013,1.59373,800,28,70,50,30,6.5,0.5,20,50,2.09524,1
Champaran,2014,2.05411,800,28,70,50,30,6.5,0.5,20,50,1.59373,1
Champaran,2015,1.3614300000000001,800,28,70,50,30,6.5,0.5,20,50,2.05411,1
Champaran,2016,2.04669,800,28,70,50,30,6.5,0.5,20,50,1.3614300000000001,1
Champaran,2017,1.60053,800,28,70,50,30,6.5,0.5,20,50,2.04669,1
Muzaffarpur,1990,0.90479,800,28,70,50,30,6.5,0.5,20,50,1.60053,1
Muzaffarpur,1991,0.77895,800,28,70,50,30,6.5,0.5,20,50,0.90479,1
Muzaffarpur,1992,0.3658,800,28,70,50,30,6.5,0.5,20,50,0.77895,1
Muzaffarpur,1993,1.02561,800,28,70,50,30,6.5,0.5,20,50,0.3658,1
Muzaffarpur,1994,1.01437,800,28,70,50,30,6.5,0.5,20,50,1.02561,1
Muzaffarpur,1995,1.16824,800,28,70,50,30,6.5,0.5,20,50,1.01437,1
Muzaffarpur,1996,1.3817000000000002,800,28,70,50,30,6.5,0.5,20,50,1.16824,1
Muzaffarpur,1997,1.21293,800,28,70,50,30,6.5,0.5,20,50,1.3817000000000002,1
Muzaffarpur,1998,0.8884,800,28,70,50,30,6.5,0.5,20,50,1.21293,1
Muzaffarpur,1999,1.81043,800,28,70,50,30,6.5,0.5,20,50,0.8884,1
Muzaffarpur,2000,1.2857100000000001,800,28,70,50,30,6.5,0.5,20,50,1.81043,1
Muzaffarpur,2001,1.2478099999999999,800,28,70,50,30,6.5,0.5,20,50,1.2857100000000001,1
Muzaffarpur,2002,1.11765,800,28,70,50,30,6.5,0.5,20,50,1.2478099999999999,1
Muzaffarpur,2003,1.02159,800,28,70,50,30,6.5,0.5,20,50,1.11765,1
Muzaffarpur,2004,0.34374,800,28,70,50,30,6.5,0.5,20,50,1.02159,1
Muzaffarpur,2005,0.66316,800,28,70,50,30,6.5,0.5,20,50,0.34374,1
Muzaffarpur,2006,0.69298,800,28,70,50,30,6.5,0.5,20,50,0.66316,1
Muzaffarpur,2007,0.30431,800,28,70,50,30,6.5,0.5,20,50,0.69298,1
Muzaffarpur,2008,1.3719000000000001,800,28,70,50,30,6.5,0.5,20,50,0.30431,1
Muzaffarpur,2009,0.66147,800,28,70,50,30,6.5,0.5,20,50,1.3719000000000001,1
Muzaffarpur,2010,0.44798000000000004,800,28,70,50,30,6.5,0.5,20,50,0.66147,1
Muzaffarpur,2011,2.0793000000000004,800,28,70,50,30,6.5,0.5,20,50,0.44798000000000004,1
Muzaffarpur,2012,2.2047600000000003,800,28,70,50,30,6.5,0.5,20,50,2.0793000000000004,1
Muzaffarpur,2013,0.93732,800,28,70,50,30,6.5,0.5,20,50,2.2047600000000003,1
Muzaffarpur,2014,1.98546,800,28,70,50,30,6.5,0.5,20,50,0.93732,1
Muzaffarpur,2015,0.93425,800,28,70,50,30,6.5,0.5,20,50,1.98546,1
Muzaffarpur,2016,1.7588599999999999,800,28,70,50,30,6.5,0.5,20,50,0.93425,1
Muzaffarpur,2017,1.6497,800,28,70,50,30,6.5,0.5,20,50,1.7588599999999999,1
Darbhanga,1990,1.02402,800,28,70,50,30,6.5,0.5,20,50,1.6497,1
Darbhanga,1991,0.74265,800,28,70,50,30,6.5,0.5,20,50,1.02402,1
Darbhanga,1992,0.24935,800,28,70,50,30,6.5,0.5,20,50,0.74265,1
Darbhanga,1993,0.98524,800,28,70,50,30,6.5,0.5,20,50,0.24935,1
Darbhanga,1994,0.9015299999999999,800,28,70,50,30,6.5,0.5,20,50,0.98524,1
Darbhanga,1995,0.78113,800,28,70,50,30,6.5,0.5,20,50,0.9015299999999999,1
Darbhanga,1996,1.4097,800,28,70,50,30,6.5,0.5,20,50,0.78113,1
Darbhanga,1997,1.14971,800,28,70,50,30,6.5,0.5,20,50,1.4097,1
Darbhanga,1998,0.92573,800,28,70,50,30,6.5,0.5,20,50,1.14971,1
Darbhanga,1999,2.0989,800,28,70,50,30,6.5,0.5,20,50,0.92573,1
Darbhanga,2000,1.07527,800,28,70,50,30,6.5,0.5,20,50,2.0989,1
Darbhanga,2001,0.91667,800,28,70,50,30,6.5,0.5,20,50,1.07527,1
Darbhanga,2002,0.7679600000000001,800,28,70,50,30,6.5,0.5,20,50,0.91667,1
Darbhanga,2003,0.9593400000000001,800,28,70,50,30,6.5,0.5,20,50,0.7679600000000001,1
Darbhanga,2004,0.30584,800,28,70,50,30,6.5,0.5,20,50,0.9593400000000001,1
Darbhanga,2005,0.5708799999999999,800,28,70,50,30,6.5,0.5,20,50,0.30584,1
Darbhanga,2006,0.81739,800,28,70,50,30,6.5,0.5,20,50,0.5708799999999999,1
Darbhanga,2007,0.40138999999999997,800,28,70,50,30,6.5,0.5,20,50,0.81739,1
Darbhanga,2008,1.27673,800,28,70,50,30,6.5,0.5,20,50,0.40138999999999997,1
Darbhanga,2009,1.2238699999999998,800,28,70,50,30,6.5,0.5,20,50,1.27673,1
Darbhanga,2010,0.6451699999999999,800,28,70,50,30,6.5,0.5,20,50,1.2238699999999998,1
Darbhanga,2011,1.7914400000000001,800,28,70,50,30,6.5,0.5,20,50,0.6451699999999999,1
Darbhanga,2012,1.3916099999999998,800,28,70,50,30,6.5,0.5,20,50,1.7914400000000001,1
Darbhanga,2013,1.14192,800,28,70,50,30,6.5,0.5,20,50,1.3916099999999998,1
Darbhanga,2014,1.7164300000000001,800,28,70,50,30,6.5,0.5,20,50,1.14192,1
Darbhanga,2015,1.2787899999999999,800,28,70,50,30,6.5,0.5,20,50,1.7164300000000001,1
Darbhanga,2016,1.9529400000000001,800,28,70,50,30,6.5,0.5,20,50,1.2787899999999999,1
Darbhanga,2017,1.69279,800,28,70,50,30,6.5,0.5,20,50,1.9529400000000001,1
Saharsa,1990,0.87246,800,28,70,50,30,6.5,0.5,20,50,1.69279,1
Saharsa,1991,0.87752,800,28,70,50,30,6.5,0.5,20,50,0.87246,1
Saharsa,1992,0.57017,800,28,70,50,30,6.5,0.5,20,50,0.87752,1
Saharsa,1993,0.94256,800,28,70,50,30,6.5,0.5,20,50,0.57017,1
Saharsa,1994,1.03057,800,28,70,50,30,6.5,0.5,20,50,0.94256,1
Saharsa,1995,0.9278099999999999,800,28,70,50,30,6.5,0.5,20,50,1.03057,1
Saharsa,1996,1.1224,800,28,70,50,30,6.5,0.5,20,50,0.9278099999999999,1
Saharsa,1997,1.10051,800,28,70,50,30,6.5,0.5,20,50,1.1224,1
Saharsa,1998,1.00142,800,28,70,50,30,6.5,0.5,20,50,1.10051,1
Saharsa,1999,1.2756800000000001,800,28,70,50,30,6.5,0.5,20,50,1.00142,1
Saharsa,2000,1.30973,800,28,70,50,30,6.5,0.5,20,50,1.2756800000000001,1
Saharsa,2001,1.04975,800,28,70,50,30,6.5,0.5,20,50,1.30973,1
Saharsa,2002,1.11792,800,28,70,50,30,6.5,0.5,20,50,1.04975,1
Saharsa,2003,1.2767899999999999,800,28,70,50,30,6.5,0.5,20,50,1.11792,1
Saharsa,2004,0.97221,800,28,70,50,30,6.5,0.5,20,50,1.2767899999999999,1
Saharsa,2005,1.17467,800,28,70,50,30,6.5,0.5,20,50,0.97221,1
Saharsa,2006,1.09152,800,28,70,50,30,6.5,0.5,20,50,1.17467,1
Saharsa,2007,1.72673,800,28,70,50,30,6.5,0.5,20,50,1.09152,1
Saharsa,2008,1.96461,800,28,70,50,30,6.5,0.5,20,50,1.72673,1
Saharsa,2009,1.20804,800,28,70,50,30,6.5,0.5,20,50,1.96461,1
Saharsa,2010,1.1748800000000001,800,28,70,50,30,6.5,0.5,20,50,1.20804,1
Saharsa,2011,1.6910399999999999,800,28,70,50,30,6.5,0.5,20,50,1.1748800000000001,1
Saharsa,2012,1.74279,800,28,70,50,30,6.5,0.5,20,50,1.6910399999999999,1
Saharsa,2013,1.61624,800,28,70,50,30,6.5,0.5,20,50,1.74279,1
Saharsa,2014,1.81487,800,28,70,50,30,6.5,0.5,20,50,1.61624,1
Saharsa,2015,1.93494,800,28,70,50,30,6.5,0.5,20,50,1.81487,1
Saharsa,2016,1.84851,800,28,70,50,30,6.5,0.5,20,50,1.93494,1
Saharsa,2017,1.65648,800,28,70,50,30,6.5,0.5,20,50,1.84851,1
Purnea,1990,0.97678,800,28,70,50,30,6.5,0.5,20,50,1.65648,1
Purnea,1991,0.91963,800,28,70,50,30,6.5,0.5,20,50,0.97678,1
Purnea,1992,0.78986,800,28,70,50,30,6.5,0.5,20,50,0.91963,1
Purnea,1993,1.27913,800,28,70,50,30,6.5,0.5,20,50,0.78986,1
Purnea,1994,1.12093,800,28,70,50,30,6.5,0.5,20,50,1.27913,1
Purnea,1995,1.2311800000000002,800,28,70,50,30,6.5,0.5,20,50,1.12093,1
Purnea,1996,1.18974,800,28,70,50,30,6.5,0.5,20,50,1.2311800000000002,1
Purnea,1997,1.30043,800,28,70,50,30,6.5,0.5,20,50,1.18974,1
Purnea,1998,1.13883,800,28,70,50,30,6.5,0.5,20,50,1.30043,1
Purnea,1999,1.3985699999999999,800,28,70,50,30,6.5,0.5,20,50,1.13883,1
Purnea,2000,1.23958,800,28,70,50,30,6.5,0.5,20,50,1.3985699999999999,1
Purnea,2001,1.13725,800,28,70,50,30,6.5,0.5,20,50,1.23958,1
Purnea,2002,1.16702,800,28,70,50,30,6.5,0.5,20,50,1.13725,1
Purnea,2003,1.3953,800,28,70,50,30,6.5,0.5,20,50,1.16702,1
Purnea,2004,0.76127,800,28,70,50,30,6.5,0.5,20,50,1.3953,1
Purnea,2005,1.0127899999999999,800,28,70,50,30,6.5,0.5,20,50,0.76127,1
Purnea,2006,1.05209,800,28,70,50,30,6.5,0.5,20,50,1.0127899999999999,1
Purnea,2007,0.9667899999999999,800,28,70,50,30,6.5,0.5,20,50,1.05209,1
Purnea,2008,1.02943,800,28,70,50,30,6.5,0.5,20,50,0.9667899999999999,1
Purnea,2009,1.1892,800,28,70,50,30,6.5,0.5,20,50,1.02943,1
Purnea,2010,1.25124,800,28,70,50,30,6.5,0.5,20,50,1.1892,1
Purnea,2011,2.01223,800,28,70,50,30,6.5,0.5,20,50,1.25124,1
Purnea,2012,2.30935,800,28,70,50,30,6.5,0.5,20,50,2.01223,1
Purnea,2013,2.4772,800,28,70,50,30,6.5,0.5,20,50,2.30935,1
Purnea,2014,2.5534899999999996,800,28,70,50,30,6.5,0.5,20,50,2.4772,1
Purnea,2015,1.98861,800,28,70,50,30,6.5,0.5,20,50,2.5534899999999996,1
Purnea,2016,2.1501900000000003,800,28,70,50,30,6.5,0.5,20,50,1.98861,1
Purnea,2017,1.86682,800,28,70,50,30,6.5,0.5,20,50,2.1501900000000003,1
Saran,1990,1.31963,800,28,70,50,30,6.5,0.5,20,50,1.86682,1
Saran,1991,1.28101,800,28,70,50,30,6.5,0.5,20,50,1.31963,1
Saran,1992,0.6001599999999999,800,28,70,50,30,6.5,0.5,20,50,1.28101,1
Saran,1993,1.3622999999999998,800,28,70,50,30,6.5,0.5,20,50,0.6001599999999999,1
Saran,1994,1.28573,800,28,70,50,30,6.5,0.5,20,50,1.3622999999999998,1
Saran,1995,1.0145,800,28,70,50,30,6.5,0.5,20,50,1.28573,1
Saran,1996,1.53089,800,28,70,50,30,6.5,0.5,20,50,1.0145,1
Saran,1997,1.4718399999999998,800,28,70,50,30,6.5,0.5,20,50,1.53089,1
Saran,1998,1.35094,800,28,70,50,30,6.5,0.5,20,50,1.4718399999999998,1
Saran,1999,1.55939,800,28,70,50,30,6.5,0.5,20,50,1.35094,1
Saran,2000,1.29553,800,28,70,50,30,6.5,0.5,20,50,1.55939,1
Saran,2001,1.26667,800,28,70,50,30,6.5,0.5,20,50,1.29553,1
Saran,2002,1.1846700000000001,800,28,70,50,30,6.5,0.5,20,50,1.26667,1
Saran,2003,1.4479300000000002,800,28,70,50,30,6.5,0.5,20,50,1.1846700000000001,1
Saran,2004,1.02399,800,28,70,50,30,6.5,0.5,20,50,1.4479300000000002,1
Saran,2005,0.94313,800,28,70,50,30,6.5,0.5,20,50,1.02399,1
Saran,2006,1.24783,800,28,70,50,30,6.5,0.5,20,50,0.94313,1
Saran,2007,1.11754,800,28,70,50,30,6.5,0.5,20,50,1.24783,1
Saran,2008,1.31118,800,28,70,50,30,6.5,0.5,20,50,1.11754,1
Saran,2009,0.6719700000000001,800,28,70,50,30,6.5,0.5,20,50,1.31118,1
Saran,2010,1.01996,800,28,70,50,30,6.5,0.5,20,50,0.6719700000000001,1
Saran,2011,1.90873,800,28,70,50,30,6.5,0.5,20,50,1.01996,1
Saran,2012,2.29019,800,28,70,50,30,6.5,0.5,20,50,1.90873,1
Saran,2013,1.6623800000000002,800,28,70,50,30,6.5,0.5,20,50,2.29019,1
Saran,2014,2.0860100000000004,800,28,70,50,30,6.5,0.5,20,50,1.6623800000000002,1
Saran,2015,1.18061,800,28,70,50,30,6.5,0.5,20,50,2.0860100000000004,1
Saran,2016,1.85321,800,28,70,50,30,6.5,0.5,20,50,1.18061,1
Saran,2017,1.74564,800,28,70,50,30,6.5,0.5,20,50,1.85321,1
Patna,1990,1.68039,800,28,70,50,30,6.5,0.5,20,50,1.74564,1
Patna,1991,1.15392,800,28,70,50,30,6.5,0.5,20,50,1.68039,1
Patna,1992,0.7995,800,28,70,50,30,6.5,0.5,20,50,1.15392,1
Patna,1993,1.77233,800,28,70,50,30,6.5,0.5,20,50,0.7995,1
Patna,1994,1.76697,800,28,70,50,30,6.5,0.5,20,50,1.77233,1
Patna,1995,1.81195,800,28,70,50,30,6.5,0.5,20,50,1.76697,1
Patna,1996,1.80875,800,28,70,50,30,6.5,0.5,20,50,1.81195,1
Patna,1997,1.48281,800,28,70,50,30,6.5,0.5,20,50,1.80875,1
Patna,1998,2.14983,800,28,70,50,30,6.5,0.5,20,50,1.48281,1
Patna,1999,2.76129,800,28,70,50,30,6.5,0.5,20,50,2.14983,1
Patna,2000,1.42411,800,28,70,50,30,6.5,0.5,20,50,2.76129,1
Patna,2001,1.8342,800,28,70,50,30,6.5,0.5,20,50,1.42411,1
Patna,2002,1.49751,800,28,70,50,30,6.5,0.5,20,50,1.8342,1
Patna,2003,1.6368900000000002,800,28,70,50,30,6.5,0.5,20,50,1.49751,1
Patna,2004,0.35504,800,28,70,50,30,6.5,0.5,20,50,1.6368900000000002,1
Patna,2005,0.9770599999999999,800,28,70,50,30,6.5,0.5,20,50,0.35504,1
Patna,2006,2.02643,800,28,70,50,30,6.5,0.5,20,50,0.9770599999999999,1
Patna,2007,0.97101,800,28,70,50,30,6.5,0.5,20,50,2.02643,1
Patna,2008,1.4633,800,28,70,50,30,6.5,0.5,20,50,0.97101,1
Patna,2009,0.99313,800,28,70,50,30,6.5,0.5,20,50,1.4633,1
Patna,2010,1.16718,800,28,70,50,30,6.5,0.5,20,50,0.99313,1
Patna,2011,2.7599699999999996,800,28,70,50,30,6.5,0.5,20,50,1.16718,1
Patna,2012,2.75157,800,28,70,50,30,6.5,0.5,20,50,2.7599699999999996,1
Patna,2013,2.35438,800,28,70,50,30,6.5,0.5,20,50,2.75157,1
Patna,2014,2.5758400000000004,800,28,70,50,30,6.5,0.5,20,50,2.35438,1
Patna,2015,2.94606,800,28,70,50,30,6.5,0.5,20,50,2.5758400000000004,1
Patna,2016,3.0774,800,28,70,50,30,6.5,0.5,20,50,2.94606,1
Patna,2017,3.1150300000000004,800,28,70,50,30,6.5,0.5,20,50,3.0774,1
Mungair,1990,1.4311099999999999,800,28,70,50,30,6.5,0.5,20,50,3.1150300000000004,1
Mungair,1991,0.72234,800,28,70,50,30,6.5,0.5,20,50,1.4311099999999999,1
Mungair,1992,0.5047,800,28,70,50,30,6.5,0.5,20,50,0.72234,1
Mungair,1993,0.96253,800,28,70,50,30,6.5,0.5,20,50,0.5047,1
Mungair,1994,1.03675,800,28,70,50,30,6.5,0.5,20,50,0.96253,1
Mungair,1995,1.08901,800,28,70,50,30,6.5,0.5,20,50,1.03675,1
Mungair,1996,1.35368,800,28,70,50,30,6.5,0.5,20,50,1.08901,1
Mungair,1997,1.27915,800,28,70,50,30,6.5,0.5,20,50,1.35368,1
Mungair,1998,0.9050900000000001,800,28,70,50,30,6.5,0.5,20,50,1.27915,1
Mungair,1999,1.063,800,28,70,50,30,6.5,0.5,20,50,0.9050900000000001,1
Mungair,2000,1.18681,800,28,70,50,30,6.5,0.5,20,50,1.063,1
Mungair,2001,1.11656,800,28,70,50,30,6.5,0.5,20,50,1.18681,1
Mungair,2002,1.2091800000000001,800,28,70,50,30,6.5,0.5,20,50,1.11656,1
Mungair,2003,1.26126,800,28,70,50,30,6.5,0.5,20,50,1.2091800000000001,1
Mungair,2004,0.61583,800,28,70,50,30,6.5,0.5,20,50,1.26126,1
Mungair,2005,0.79055,800,28,70,50,30,6.5,0.5,20,50,0.61583,1
Mungair,2006,1.8450799999999998,800,28,70,50,30,6.5,0.5,20,50,0.79055,1
Mungair,2007,1.58403,800,28,70,50,30,6.5,0.5,20,50,1.8450799999999998,1
Mungair,2008,1.99465,800,28,70,50,30,6.5,0.5,20,50,1.58403,1
Mungair,2009,0.8284,800,28,70,50,30,6.5,0.5,20,50,1.99465,1
Mungair,2010,0.45077,800,28,70,50,30,6.5,0.5,20,50,0.8284,1
Mungair,2011,1.97685,800,28,70,50,30,6.5,0.5,20,50,0.45077,1
Mungair,2012,2.2325399999999997,800,28,70,50,30,6.5,0.5,20,50,1.97685,1
Mungair,2013,1.80044,800,28,70,50,30,6.5,0.5,20,50,2.2325399999999997,1
Mungair,2014,2.513,800,28,70,50,30,6.5,0.5,20,50,1.80044,1
Mungair,2015,2.45031,800,28,70,50,30,6.5,0.5,20,50,2.513,1
Mungair,2016,3.0365,800,28,70,50,30,6.5,0.5,20,50,2.45031,1
Mungair,2017,2.66603,800,28,70,50,30,6.5,0.5,20,50,3.0365,1
Bhagalpur,1990,1.27606,800,28,70,50,30,6.5,0.5,20,50,2.66603,1
Bhagalpur,1991,0.9182400000000001,800,28,70,50,30,6.5,0.5,20,50,1.27606,1
Bhagalpur,1992,0.84596,800,28,70,50,30,6.5,0.5,20,50,0.9182400000000001,1
Bhagalpur,1993,1.4877,800,28,70,50,30,6.5,0.5,20,50,0.84596,1
Bhagalpur,1994,1.1428099999999999,800,28,70,50,30,6.5,0.5,20,50,1.4877,1
Bhagalpur,1995,1.21364,800,28,70,50,30,6.5,0.5,20,50,1.1428099999999999,1
Bhagalpur,1996,1.43956,800,28,70,50,30,6.5,0.5,20,50,1.21364,1
Bhagalpur,1997,1.5971199999999999,800,28,70,50,30,6.5,0.5,20,50,1.43956,1
Bhagalpur,1998,1.40136,800,28,70,50,30,6.5,0.5,20,50,1.5971199999999999,1
Bhagalpur,1999,1.15026,800,28,70,50,30,6.5,0.5,20,50,1.40136,1
Bhagalpur,2000,1.1309500000000001,800,28,70,50,30,6.5,0.5,20,50,1.15026,1
Bhagalpur,2001,1.2684600000000001,800,28,70,50,30,6.5,0.5,20,50,1.1309500000000001,1
Bhagalpur,2002,1.32886,800,28,70,50,30,6.5,0.5,20,50,1.2684600000000001,1
Bhagalpur,2003,1.42556,800,28,70,50,30,6.5,0.5,20,50,1.32886,1
Bhagalpur,2004,1.04087,800,28,70,50,30,6.5,0.5,20,50,1.42556,1
Bhagalpur,2005,1.27967,800,28,70,50,30,6.5,0.5,20,50,1.04087,1
Bhagalpur,2006,2.5218499999999997,800,28,70,50,30,6.5,0.5,20,50,1.27967,1
Bhagalpur,2007,1.1260299999999999,800,28,70,50,30,6.5,0.5,20,50,2.5218499999999997,1
Bhagalpur,2008,0.50437,800,28,70,50,30,6.5,0.5,20,50,1.1260299999999999,1
Bhagalpur,2009,1.6904100000000002,800,28,70,50,30,6.5,0.5,20,50,0.50437,1
Bhagalpur,2010,1.70705,800,28,70,50,30,6.5,0.5,20,50,1.6904100000000002,1
Bhagalpur,2011,3.73108,800,28,70,50,30,6.5,0.5,20,50,1.70705,1
Bhagalpur,2012,2.72525,800,28,70,50,30,6.5,0.5,20,50,3.73108,1
Bhagalpur,2013,2.72785,800,28,70,50,30,6.5,0.5,20,50,2.72525,1
Bhagalpur,2014,3.37702,800,28,70,50,30,6.5,0.5,20,50,2.72785,1
Bhagalpur,2015,3.09468,800,28,70,50,30,6.5,0.5,20,50,3.37702,1
Bhagalpur,2016,3.1194,800,28,70,50,30,6.5,0.5,20,50,3.09468,1
Bhagalpur,2017,3.52068,800,28,70,50,30,6.5,0.5,20,50,3.1194,1
Santhal Paragana / Dumka,1990,1.16999,800,28,70,50,30,6.5,0.5,20,50,3.52068,1
Santhal Paragana / Dumka,1991,0.7259800000000001,800,28,70,50,30,6.5,0.5,20,50,1.16999,1
Santhal Paragana / Dumka,1992,1.03465,800,28,70,50,30,6.5,0.5,20,50,0.7259800000000001,1
Santhal Paragana / Dumka,1993,1.2335999999999998,800,28,70,50,30,6.5,0.5,20,50,1.03465,1
Santhal Paragana / Dumka,1994,1.3088499999999998,800,28,70,50,30,6.5,0.5,20,50,1.2335999999999998,1
Santhal Paragana / Dumka,1997,1.41429,800,28,70,50,30,6.5,0.5,20,50,1.3088499999999998,1
Santhal Paragana / Dumka,1998,0.0,800,28,70,50,30,6.5,0.5,20,50,1.41429,1
Santhal Paragana / Dumka,1999,0.98075,800,28,70,50,30,6.5,0.5,20,50,0.0,1
Santhal Paragana / Dumka,2000,1.6466800000000001,800,28,70,50,30,6.5,0.5,20,50,0.98075,1
Santhal Paragana / Dumka,2001,2.15244,800,28,70,50,30,6.5,0.5,20,50,1.6466800000000001,1
Santhal Paragana / Dumka,2002,1.98471,800,28,70,50,30,6.5,0.5,20,50,2.15244,1
Santhal Paragana / Dumka,2003,1.67999,800,28,70,50,30,6.5,0.5,20,50,1.98471,1
Santhal Paragana / Dumka,2004,1.8942999999999999,800,28,70,50,30,6.5,0.5,20,50,1.67999,1
Santhal Paragana / Dumka,2005,1.13476,800,28,70,50,30,6.5,0.5,20,50,1.8942999999999999,1
Santhal Paragana / Dumka,2006,2.15379,800,28,70,50,30,6.5,0.5,20,50,1.13476,1
Santhal Paragana / Dumka,2007,2.03165,800,28,70,50,30,6.5,0.5,20,50,2.15379,1
Santhal Paragana / Dumka,2008,2.0355,800,28,70,50,30,6.5,0.5,20,50,2.03165,1
Santhal Paragana / Dumka,2009,0.99314,800,28,70,50,30,6.5,0.5,20,50,2.0355,1
Santhal Paragana / Dumka,2010,1.25248,800,28,70,50,30,6.5,0.5,20,50,0.99314,1
Santhal Paragana / Dumka,2011,2.1375300000000004,800,28,70,50,30,6.5,0.5,20,50,1.25248,1
Santhal Paragana / Dumka,2012,1.93839,800,28,70,50,30,6.5,0.5,20,50,2.1375300000000004,1
Santhal Paragana / Dumka,2013,1.80284,800,28,70,50,30,6.5,0.5,20,50,1.93839,1
Santhal Paragana / Dumka,2014,1.927,800,28,70,50,30,6.5,0.5,20,50,1.80284,1
Santhal Paragana / Dumka,2015,1.02093,800,28,70,50,30,6.5,0.5,20,50,1.927,1
Santhal Paragana / Dumka,2016,2.3733,800,28,70,50,30,6.5,0.5,20,50,1.02093,1
Santhal Paragana / Dumka,2017,2.06939,800,28,70,50,30,6.5,0.5,20,50,2.3733,1
Shahabad (now part of Bhojpur district),1990,1.7614400000000001,800,28,70,50,30,6.5,0.5,20,50,2.06939,1
Shahabad (now part of Bhojpur district),1991,1.369,800,28,70,50,30,6.5,0.5,20,50,1.7614400000000001,1
Shahabad (now part of Bhojpur district),1992,1.61006,800,28,70,50,30,6.5,0.5,20,50,1.369,1
Shahabad (now part of Bhojpur district),1993,2.17723,800,28,70,50,30,6.5,0.5,20,50,1.61006,1
Shahabad (now part of Bhojpur district),1994,2.18085,800,28,70,50,30,6.5,0.5,20,50,2.17723,1
Shahabad (now part of Bhojpur district),1995,1.96192,800,28,70,50,30,6.5,0.5,20,50,2.18085,1
Shahabad (now part of Bhojpur district),1996,2.33982,800,28,70,50,30,6.5,0.5,20,50,1.96192,1
Shahabad (now part of Bhojpur district),1997,1.95245,800,28,70,50,30,6.5,0.5,20,50,2.33982,1
Shahabad (now part of Bhojpur district),1998,2.3607600000000004,800,28,70,50,30,6.5,0.5,20,50,1.95245,1
Shahabad (now part of Bhojpur district),1999,3.3115300000000003,800,28,70,50,30,6.5,0.5,20,50,2.3607600000000004,1
Shahabad (now part of Bhojpur district),2000,2.3964499999999997,800,28,70,50,30,6.5,0.5,20,50,3.3115300000000003,1
Shahabad (now part of Bhojpur district),2001,2.38821,800,28,70,50,30,6.5,0.5,20,50,2.3964499999999997,1
Shahabad (now part of Bhojpur district),2002,2.3340500000000004,800,28,70,50,30,6.5,0.5,20,50,2.38821,1
Shahabad (now part of Bhojpur district),2003,2.5802199999999997,800,28,70,50,30,6.5,0.5,20,50,2.3340500000000004,1
Shahabad (now part of Bhojpur district),2004,1.53327,800,28,70,50,30,6.5,0.5,20,50,2.5802199999999997,1
Shahabad (now part of Bhojpur district),2005,2.3321300000000003,800,28,70,50,30,6.5,0.5,20,50,1.53327,1
Shahabad (now part of Bhojpur district),2006,2.5499,800,28,70,50,30,6.5,0.5,20,50,2.3321300000000003,1
Shahabad (now part of Bhojpur district),2007,2.44919,800,28,70,50,30,6.5,0.5,20,50,2.5499,1
Shahabad (now part of Bhojpur district),2008,2.51709,800,28,70,50,30,6.5,0.5,20,50,2.44919,1
Shahabad (now part of Bhojpur district),2009,1.69983,800,28,70,50,30,6.5,0.5,20,50,2.51709,1
Shahabad (now part of Bhojpur district),2010,1.7938399999999999,800,28,70,50,30,6.5,0.5,20,50,1.69983,1
Shahabad (now part of Bhojpur district),2011,3.75989,800,28,70,50,30,6.5,0.5,20,50,1.7938399999999999,1
Shahabad (now part of Bhojpur district),2012,3.76419,800,28,70,50,30,6.5,0.5,20,50,3.75989,1
Shahabad (now part of Bhojpur district),2013,3.4230300000000002,800,28,70,50,30,6.5,0.5,20,50,3.76419,1
Shahabad (now part of Bhojpur district),2014,3.3679699999999997,800,28,70,50,30,6.5,0.5,20,50,3.4230300000000002,1
Shahabad (now part of Bhojpur district),2015,3.36118,800,28,70,50,30,6.5,0.5,20,50,3.3679699999999997,1
Shahabad (now part of Bhojpur district),2016,3.0083800000000003,800,28,70,50,30,6.5,0.5,20,50,3.36118,1
Shahabad (now part of Bhojpur district),2017,3.73421,800,28,70,50,30,6.5,0.5,20,50,3.0083800000000003,1
Gaya,1990,1.64835,800,28,70,50,30,6.5,0.5,20,50,3.73421,1
Gaya,1991,1.0259500000000001,800,28,70,50,30,6.5,0.5,20,50,1.64835,1
Gaya,1992,0.94584,800,28,70,50,30,6.5,0.5,20,50,1.0259500000000001,1
Gaya,1993,1.47272,800,28,70,50,30,6.5,0.5,20,50,0.94584,1
Gaya,1994,1.7182,800,28,70,50,30,6.5,0.5,20,50,1.47272,1
Gaya,1995,1.72199,800,28,70,50,30,6.5,0.5,20,50,1.7182,1
Gaya,1996,1.8339400000000001,800,28,70,50,30,6.5,0.5,20,50,1.72199,1
Gaya,1997,1.7074200000000002,800,28,70,50,30,6.5,0.5,20,50,1.8339400000000001,1
Gaya,1998,1.76543,800,28,70,50,30,6.5,0.5,20,50,1.7074200000000002,1
Gaya,1999,3.05986,800,28,70,50,30,6.5,0.5,20,50,1.76543,1
Gaya,2000,1.60722,800,28,70,50,30,6.5,0.5,20,50,3.05986,1
Gaya,2001,1.7302899999999999,800,28,70,50,30,6.5,0.5,20,50,1.60722,1
Gaya,2002,1.7231800000000002,800,28,70,50,30,6.5,0.5,20,50,1.7302899999999999,1
Gaya,2003,1.68039,800,28,70,50,30,6.5,0.5,20,50,1.7231800000000002,1
Gaya,2004,0.6538999999999999,800,28,70,50,30,6.5,0.5,20,50,1.68039,1
Gaya,2005,0.9914299999999999,800,28,70,50,30,6.5,0.5,20,50,0.6538999999999999,1
Gaya,2006,2.1601999999999997,800,28,70,50,30,6.5,0.5,20,50,0.9914299999999999,1
Gaya,2007,2.16902,800,28,70,50,30,6.5,0.5,20,50,2.1601999999999997,1
Gaya,2008,1.67851,800,28,70,50,30,6.5,0.5,20,50,2.16902,1
Gaya,2009,1.26803,800,28,70,50,30,6.5,0.5,20,50,1.67851,1
Gaya,2010,1.32077,800,28,70,50,30,6.5,0.5,20,50,1.26803,1
Gaya,2011,3.14886,800,28,70,50,30,6.5,0.5,20,50,1.32077,1
Gaya,2012,3.33079,800,28,70,50,30,6.5,0.5,20,50,3.14886,1
Gaya,2013,2.89398,800,28,70,50,30,6.5,0.5,20,50,3.33079,1
Gaya,2014,3.49354,800,28,70,50,30,6.5,0.5,20,50,2.89398,1
Gaya,2015,2.9295999999999998,800,28,70,50,30,6.5,0.5,20,50,3.49354,1
Gaya,2016,3.42465,800,28,70,50,30,6.5,0.5,20,50,2.9295999999999998,1
Gaya,2017,3.47597,800,28,70,50,30,6.5,0.5,20,50,3.42465,1
Hazaribagh,1990,1.08193,800,28,70,50,30,6.5,0.5,20,50,3.47597,1
Hazaribagh,1991,0.7726799999999999,800,28,70,50,30,6.5,0.5,20,50,1.08193,1
Hazaribagh,1992,0.50383,800,28,70,50,30,6.5,0.5,20,50,0.7726799999999999,1
Hazaribagh,1993,0.69823,800,28,70,50,30,6.5,0.5,20,50,0.50383,1
Hazaribagh,1994,1.1555499999999999,800,28,70,50,30,6.5,0.5,20,50,0.69823,1
Hazaribagh,1997,1.20541,800,28,70,50,30,6.5,0.5,20,50,1.1555499999999999,1
Hazaribagh,1998,0.0,800,28,70,50,30,6.5,0.5,20,50,1.20541,1
Hazaribagh,1999,0.99033,800,28,70,50,30,6.5,0.5,20,50,0.0,1
Hazaribagh,2000,1.55929,800,28,70,50,30,6.5,0.5,20,50,0.99033,1
Hazaribagh,2001,1.9053099999999998,800,28,70,50,30,6.5,0.5,20,50,1.55929,1
Hazaribagh,2002,1.50883,800,28,70,50,30,6.5,0.5,20,50,1.9053099999999998,1
Hazaribagh,2003,1.60155,800,28,70,50,30,6.5,0.5,20,50,1.50883,1
Hazaribagh,2004,1.03812,800,28,70,50,30,6.5,0.5,20,50,1.60155,1
Hazaribagh,2005,0.7015,800,28,70,50,30,6.5,0.5,20,50,1.03812,1
Hazaribagh,2006,1.88977,800,28,70,50,30,6.5,0.5,20,50,0.7015,1
Hazaribagh,2007,2.04635,800,28,70,50,30,6.5,0.5,20,50,1.88977,1
Hazaribagh,2008,1.62671,800,28,70,50,30,6.5,0.5,20,50,2.04635,1
Hazaribagh,2009,0.61352,800,28,70,50,30,6.5,0.5,20,50,1.62671,1
Hazaribagh,2010,0.82843,800,28,70,50,30,6.5,0.5,20,50,0.61352,1
Hazaribagh,2011,2.2215599999999998,800,28,70,50,30,6.5,0.5,20,50,0.82843,1
Hazaribagh,2012,1.84761,800,28,70,50,30,6.5,0.5,20,50,2.2215599999999998,1
Hazaribagh,2013,2.45489,800,28,70,50,30,6.5,0.5,20,50,1.84761,1
Hazaribagh,2014,2.4864699999999997,800,28,70,50,30,6.5,0.5,20,50,2.45489,1
Hazaribagh,2015,1.05213,800,28,70,50,30,6.5,0.5,20,50,2.4864699999999997,1
Hazaribagh,2016,2.1350599999999997,800,28,70,50,30,6.5,0.5,20,50,1.05213,1
Hazaribagh,2017,2.00623,800,28,70,50,30,6.5,0.5,20,50,2.1350599999999997,1
Dhanbad,1990,1.05127,800,28,70,50,30,6.5,0.5,20,50,2.00623,1
Dhanbad,1991,0.74959,800,28,70,50,30,6.5,0.5,20,50,1.05127,1
Dhanbad,1992,0.76927,800,28,70,50,30,6.5,0.5,20,50,0.74959,1
Dhanbad,1993,0.81216,800,28,70,50,30,6.5,0.5,20,50,0.76927,1
Dhanbad,1994,1.22009,800,28,70,50,30,6.5,0.5,20,50,0.81216,1
Dhanbad,1997,1.18405,800,28,70,50,30,6.5,0.5,20,50,1.22009,1
Dhanbad,1998,0.0,800,28,70,50,30,6.5,0.5,20,50,1.18405,1
Dhanbad,1999,0.96866,800,28,70,50,30,6.5,0.5,20,50,0.0,1
Dhanbad,2000,1.39973,800,28,70,50,30,6.5,0.5,20,50,0.96866,1
Dhanbad,2001,1.38709,800,28,70,50,30,6.5,0.5,20,50,1.39973,1
Dhanbad,2002,1.39256,800,28,70,50,30,6.5,0.5,20,50,1.38709,1
Dhanbad,2003,2.03911,800,28,70,50,30,6.5,0.5,20,50,1.39256,1
Dhanbad,2004,1.5613800000000002,800,28,70,50,30,6.5,0.5,20,50,2.03911,1
Dhanbad,2005,1.02386,800,28,70,50,30,6.5,0.5,20,50,1.5613800000000002,1
Dhanbad,2006,2.63038,800,28,70,50,30,6.5,0.5,20,50,1.02386,1
Dhanbad,2007,2.26928,800,28,70,50,30,6.5,0.5,20,50,2.63038,1
Dhanbad,2008,2.03234,800,28,70,50,30,6.5,0.5,20,50,2.26928,1
Dhanbad,2009,0.9771,800,28,70,50,30,6.5,0.5,20,50,2.03234,1
Dhanbad,2010,1.2224000000000002,800,28,70,50,30,6.5,0.5,20,50,0.9771,1
Dhanbad,2011,2.83367,800,28,70,50,30,6.5,0.5,20,50,1.2224000000000002,1
Dhanbad,2012,1.81276,800,28,70,50,30,6.5,0.5,20,50,2.83367,1
Dhanbad,2013,2.7029,800,28,70,50,30,6.5,0.5,20,50,1.81276,1
Dhanbad,2014,2.53925,800,28,70,50,30,6.5,0.5,20,50,2.7029,1
Dhanbad,2015,1.0480699999999998,800,28,70,50,30,6.5,0.5,20,50,2.53925,1
Dhanbad,2016,1.5683099999999999,800,28,70,50,30,6.5,0.5,20,50,1.0480699999999998,1
Dhanbad,2017,2.12971,800,28,70,50,30,6.5,0.5,20,50,1.5683099999999999,1
Palamau,1990,0.96473,800,28,70,50,30,6.5,0.5,20,50,2.12971,1
Palamau,1991,0.5111100000000001,800,28,70,50,30,6.5,0.5,20,50,0.96473,1
Palamau,1992,0.31489999999999996,800,28,70,50,30,6.5,0.5,20,50,0.5111100000000001,1
Palamau,1993,0.98137,800,28,70,50,30,6.5,0.5,20,50,0.31489999999999996,1
Palamau,1994,0.91472,800,28,70,50,30,6.5,0.5,20,50,0.98137,1
Palamau,1997,0.8413200000000001,800,28,70,50,30,6.5,0.5,20,50,0.91472,1
Palamau,1998,0.0,800,28,70,50,30,6.5,0.5,20,50,0.8413200000000001,1
Palamau,1999,0.73638,800,28,70,50,30,6.5,0.5,20,50,0.0,1
Palamau,2000,1.63799,800,28,70,50,30,6.5,0.5,20,50,0.73638,1
Palamau,2001,1.83925,800,28,70,50,30,6.5,0.5,20,50,1.63799,1
Palamau,2002,1.07691,800,28,70,50,30,6.5,0.5,20,50,1.83925,1
Palamau,2003,1.05647,800,28,70,50,30,6.5,0.5,20,50,1.07691,1
Palamau,2004,0.67245,800,28,70,50,30,6.5,0.5,20,50,1.05647,1
Palamau,2005,0.30138,800,28,70,50,30,6.5,0.5,20,50,0.67245,1
Palamau,2006,1.5305,800,28,70,50,30,6.5,0.5,20,50,0.30138,1
Palamau,2007,1.27694,800,28,70,50,30,6.5,0.5,20,50,1.5305,1
Palamau,2008,4.28644,800,28,70,50,30,6.5,0.5,20,50,1.27694,1
Palamau,2009,0.59813,800,28,70,50,30,6.5,0.5,20,50,4.28644,1
Palamau,2010,0.53099,800,28,70,50,30,6.5,0.5,20,50,0.59813,1
Palamau,2011,1.96084,800,28,70,50,30,6.5,0.5,20,50,0.53099,1
Palamau,2012,2.17474,800,28,70,50,30,6.5,0.5,20,50,1.96084,1
Palamau,2013,1.4898099999999999,800,28,70,50,30,6.5,0.5,20,50,2.17474,1
Palamau,2014,1.11775,800,28,70,50,30,6.5,0.5,20,50,1.4898099999999999,1
Palamau,2015,0.78774,800,28,70,50,30,6.5,0.5,20,50,1.11775,1
Palamau,2016,2.1041,800,28,70,50,30,6.5,0.5,20,50,0.78774,1
Palamau,2017,2.07792,800,28,70,50,30,6.5,0.5,20,50,2.1041,1
Ranchi,1990,0.94973,800,28,70,50,30,6.5,0.5,20,50,2.07792,1
Ranchi,1991,0.68076,800,28,70,50,30,6.5,0.5,20,50,0.94973,1
Ranchi,1992,0.56589,800,28,70,50,30,6.5,0.5,20,50,0.68076,1
Ranchi,1993,0.83857,800,28,70,50,30,6.5,0.5,20,50,0.56589,1
Ranchi,1994,1.0575,800,28,70,50,30,6.5,0.5,20,50,0.83857,1
Ranchi,1997,1.02093,800,28,70,50,30,6.5,0.5,20,50,1.0575,1
Ranchi,1998,0.0,800,28,70,50,30,6.5,0.5,20,50,1.02093,1
Ranchi,1999,0.78004,800,28,70,50,30,6.5,0.5,20,50,0.0,1
Ranchi,2000,1.32606,800,28,70,50,30,6.5,0.5,20,50,0.78004,1
Ranchi,2001,1.7508599999999999,800,28,70,50,30,6.5,0.5,20,50,1.32606,1
Ranchi,2002,1.05271,800,28,70,50,30,6.5,0.5,20,50,1.7508599999999999,1
Ranchi,2003,1.18679,800,28,70,50,30,6.5,0.5,20,50,1.05271,1
Ranchi,2004,1.36769,800,28,70,50,30,6.5,0.5,20,50,1.18679,1
Ranchi,2005,0.85552,800,28,70,50,30,6.5,0.5,20,50,1.36769,1
Ranchi,2006,1.39423,800,28,70,50,30,6.5,0.5,20,50,0.85552,1
Ranchi,2007,1.7853599999999998,800,28,70,50,30,6.5,0.5,20,50,1.39423,1
Ranchi,2008,1.74609,800,28,70,50,30,6.5,0.5,20,50,1.7853599999999998,1
Ranchi,2009,0.96468,800,28,70,50,30,6.5,0.5,20,50,1.74609,1
Ranchi,2010,0.96082,800,28,70,50,30,6.5,0.5,20,50,0.96468,1
Ranchi,2011,2.16359,800,28,70,50,30,6.5,0.5,20,50,0.96082,1
Ranchi,2012,1.9546400000000002,800,28,70,50,30,6.5,0.5,20,50,2.16359,1
Ranchi,2013,2.02425,800,28,70,50,30,6.5,0.5,20,50,1.9546400000000002,1
Ranchi,2014,2.07892,800,28,70,50,30,6.5,0.5,20,50,2.02425,1
Ranchi,2015,0.95298,800,28,70,50,30,6.5,0.5,20,50,2.07892,1
Ranchi,2016,2.17216,800,28,70,50,30,6.5,0.5,20,50,0.95298,1
Ranchi,2017,2.0213,800,28,70,50,30,6.5,0.5,20,50,2.17216,1
Singhbhum,1990,0.97361,800,28,70,50,30,6.5,0.5,20,50,2.0213,1
Singhbhum,1991,0.7403500000000001,800,28,70,50,30,6.5,0.5,20,50,0.97361,1
Singhbhum,1992,0.7223999999999999,800,28,70,50,30,6.5,0.5,20,50,0.7403500000000001,1
Singhbhum,1993,1.15532,800,28,70,50,30,6.5,0.5,20,50,0.7223999999999999,1
Singhbhum,1994,1.1823800000000002,800,28,70,50,30,6.5,0.5,20,50,1.15532,1
Singhbhum,1997,1.16227,800,28,70,50,30,6.5,0.5,20,50,1.1823800000000002,1
Singhbhum,1998,0.0,800,28,70,50,30,6.5,0.5,20,50,1.16227,1
Singhbhum,1999,0.82985,800,28,70,50,30,6.5,0.5,20,50,0.0,1
Singhbhum,2000,1.73882,800,28,70,50,30,6.5,0.5,20,50,0.82985,1
Singhbhum,2001,1.69884,800,28,70,50,30,6.5,0.5,20,50,1.73882,1
Singhbhum,2002,1.25814,800,28,70,50,30,6.5,0.5,20,50,1.69884,1
Singhbhum,2003,1.18819,800,28,70,50,30,6.5,0.5,20,50,1.25814,1
Singhbhum,2004,1.3186,800,28,70,50,30,6.5,0.5,20,50,1.18819,1
Singhbhum,2005,0.67925,800,28,70,50,30,6.5,0.5,20,50,1.3186,1
Singhbhum,2006,1.6712799999999999,800,28,70,50,30,6.5,0.5,20,50,0.67925,1
Singhbhum,2007,1.705,800,28,70,50,30,6.5,0.5,20,50,1.6712799999999999,1
Singhbhum,2008,1.52848,800,28,70,50,30,6.5,0.5,20,50,1.705,1
Singhbhum,2009,0.90375,800,28,70,50,30,6.5,0.5,20,50,1.52848,1
Singhbhum,2010,0.5932000000000001,800,28,70,50,30,6.5,0.5,20,50,0.90375,1
Singhbhum,2011,1.91367,800,28,70,50,30,6.5,0.5,20,50,0.5932000000000001,1
Singhbhum,2012,1.96028,800,28,70,50,30,6.5,0.5,20,50,1.91367,1
Singhbhum,2013,2.17067,800,28,70,50,30,6.5,0.5,20,50,1.96028,1
Singhbhum,2014,2.28857,800,28,70,50,30,6.5,0.5,20,50,2.17067,1
Singhbhum,2015,1.0057,800,28,70,50,30,6.5,0.5,20,50,2.28857,1
Singhbhum,2016,1.42384,800,28,70,50,30,6.5,0.5,20,50,1.0057,1
Singhbhum,2017,1.73162,800,28,70,50,30,6.5,0.5,20,50,1.42384,1
